preco_venda,tipo_imovel,bairro_quadra,area_util,quartos,suites,vagas,valor_condominio
4200000.0,1,10,450.0,4.0,4,4,0.0
1590000.0,1,3,320.0,4.0,3,2,695.0
1100000.0,1,3,280.0,4.0,1,2,695.0
1380000.0,1,3,380.0,5.0,4,2,890.0
1800000.0,1,3,550.0,4.0,4,0,0.0
1795000.0,1,3,300.0,4.0,4,0,795.0
1730000.0,1,3,422.0,4.0,1,2,0.0
1190000.0,1,3,230.0,4.0,2,2,695.0
1295000.0,1,3,327.0,4.0,4,2,0.0
1500000.0,1,3,352.0,4.0,4,2,695.0
790000.0,1,3,206.0,4.0,4,6,795.0
2950000.0,1,3,358.0,4.0,3,2,800.0
1950000.0,1,3,430.0,4.0,4,2,0.0
1295000.0,1,3,380.0,4.0,3,2,0.0
1850000.0,1,3,250.0,4.0,4,2,700.0
1480000.0,1,3,450.0,4.0,4,3,920.0
1690000.0,1,3,400.0,4.0,2,2,920.0
1590000.0,1,3,360.0,4.0,4,2,695.0
1490000.0,1,3,230.0,4.0,4,2,695.0
1550000.0,1,3,300.0,4.0,2,3,650.0
1500000.0,1,3,250.0,4.0,4,2,895.0
1450000.0,1,3,320.0,4.0,3,2,0.0
2900000.0,1,3,545.0,4.0,3,4,0.0
1600000.0,1,3,263.0,4.0,1,4,557.0
2900000.0,1,3,545.0,4.0,3,4,700.0
1999000.0,1,3,470.0,4.0,4,1,0.0
1800000.0,1,3,640.0,5.0,5,3,0.0
2950000.0,1,3,440.45,4.0,4,4,895.0
2950000.0,1,3,460.0,4.0,4,2,600.0
1800000.0,1,3,550.0,4.0,4,4,660.0
1440000.0,1,3,360.0,4.0,3,4,0.0
2100000.0,1,3,420.0,4.0,4,0,0.0
2950000.0,1,3,440.0,4.0,3,4,250.0
1480000.0,1,3,412.0,4.0,4,0,0.0
1390000.0,1,3,300.0,4.0,4,0,0.0
1795000.0,1,3,350.0,4.0,4,4,795.0
1300000.0,1,3,400.0,5.0,4,2,920.0
800000.0,1,3,207.0,4.0,4,3,750.0
1800000.0,1,3,480.0,6.0,6,5,665.0
997000.0,1,3,330.0,4.0,2,2,450.0
995000.0,1,3,335.0,4.0,2,2,550.0
995000.0,1,3,286.0,4.0,2,6,450.0
4900000.0,1,3,420.0,4.0,4,3,2074.0
2100000.0,1,3,800.0,4.0,1,4,900.0
2600000.0,1,3,400.0,4.0,4,4,1000.0
1690000.0,1,3,361.0,4.0,4,2,1290.0
1980000.0,1,3,354.0,4.0,4,2,985.0
1690000.0,1,3,361.0,4.0,4,2,1290.0
2500000.0,1,3,450.0,4.0,4,2,1100.0
2400000.0,1,3,300.0,4.0,4,3,0.0
1880000.0,1,3,360.0,4.0,4,2,1000.0
4950000.0,1,3,350.0,4.0,4,2,0.0
995000.0,1,3,290.0,4.0,2,1,550.0
995000.0,1,3,290.0,4.0,2,2,0.0
1400000.0,1,3,480.0,4.0,4,2,650.0
1390000.0,1,3,350.0,4.0,3,4,845.0
2490000.0,1,3,445.0,5.0,3,2,720.0
1080000.0,1,3,200.0,4.0,1,2,0.0
1600000.0,1,3,350.0,4.0,4,3,0.0
550000.0,1,3,180.0,4.0,1,2,695.0
2350000.0,1,3,550.0,4.0,3,3,772.0
1900000.0,1,3,470.0,4.0,2,2,0.0
2750000.0,1,3,515.0,4.0,1,4,700.0
1150000.0,1,3,370.0,4.0,1,2,700.0
1980000.0,1,3,598.0,4.0,4,4,700.0
1200000.0,1,3,540.0,4.0,2,3,700.0
1295000.0,1,3,474.0,4.0,3,4,700.0
1900000.0,1,3,445.0,4.0,4,2,0.0
2700000.0,1,3,395.0,4.0,4,2,675.0
1200000.0,1,3,550.0,4.0,2,3,645.0
3489000.0,1,3,741.0,4.0,4,4,600.0
1600000.0,1,3,346.0,5.0,3,2,850.0
1400000.0,1,3,416.0,4.0,2,4,700.0
1350000.0,1,3,400.0,4.0,4,3,560.0
1500000.0,1,3,416.0,4.0,3,4,460.0
890000.0,1,3,230.0,4.0,4,4,210.0
2850000.0,1,3,500.0,4.0,4,4,450.0
1670000.0,1,3,370.0,4.0,4,2,600.0
2280000.0,1,3,307.0,4.0,4,3,897.0
2280000.0,1,3,300.0,4.0,3,2,873.0
2200000.0,1,3,343.0,4.0,4,2,965.0
1980000.0,1,3,420.0,4.0,3,4,470.0
2900000.0,1,3,330.0,4.0,4,2,640.0
1490000.0,1,3,313.53,4.0,1,3,0.0
1780000.0,1,3,700.0,5.0,2,4,0.0
1849000.0,1,3,400.0,4.0,3,4,500.0
1380000.0,1,3,445.0,4.0,2,2,0.0
1900000.0,1,3,500.0,4.0,3,0,880.0
1980000.0,1,3,400.0,4.0,3,4,470.0
1300000.0,1,3,445.0,4.0,2,2,0.0
1850000.0,1,3,400.0,4.0,1,2,480.0
1900000.0,1,3,700.0,4.0,2,0,0.0
650000.0,1,3,200.0,5.0,4,2,262.0
1500000.0,1,3,450.0,6.0,6,4,0.0
2850000.0,1,3,500.0,4.0,4,4,450.0
1490000.0,1,3,400.0,4.0,4,2,0.0
2750000.0,1,3,380.0,4.0,3,4,0.0
1450000.0,1,3,365.0,4.0,2,4,600.0
2780000.0,1,3,430.0,5.0,5,4,600.0
1450000.0,1,3,365.0,4.0,2,4,0.0
2199000.0,1,3,355.0,5.0,4,4,700.0
1450000.0,1,3,365.0,4.0,2,0,0.0
1669000.0,1,3,370.0,4.0,4,4,600.0
1200000.0,1,3,271.0,4.0,2,3,748.0
1690000.0,1,3,331.0,5.0,4,4,0.0
1690000.0,1,3,300.0,4.0,3,2,697.0
1600000.0,1,3,350.0,4.0,3,4,0.0
2290000.0,1,3,250.0,4.0,3,2,650.0
2100000.0,1,3,350.0,4.0,4,4,700.0
3200000.0,1,3,404.42,7.0,5,4,600.0
2290000.0,1,3,257.15,4.0,3,2,0.0
1100000.0,1,3,271.0,4.0,2,0,749.0
2550000.0,1,3,400.0,4.0,3,2,550.0
3200000.0,1,3,450.0,7.0,5,4,650.0
1200000.0,1,3,450.0,5.0,1,2,800.0
1450000.0,1,3,500.0,4.0,1,2,0.0
1650000.0,1,3,367.0,5.0,3,2,640.0
1390000.0,1,3,510.0,5.0,5,4,815.0
1290000.0,1,3,300.0,4.0,1,4,815.0
1980000.0,1,3,500.0,4.0,3,4,760.0
990000.0,1,3,400.0,4.0,2,3,800.0
1590000.0,1,3,410.0,4.0,4,2,750.0
1490000.0,1,3,400.0,4.0,4,4,800.0
1690000.0,1,3,500.0,5.0,5,4,1075.0
2490000.0,1,3,450.0,5.0,3,6,1400.0
3125000.0,1,3,660.0,4.0,4,10,1200.0
1395000.0,1,3,370.0,4.0,3,2,560.0
1550000.0,1,3,417.03,4.0,4,0,700.0
1950000.0,1,3,360.0,4.0,1,2,1100.0
1350000.0,1,3,373.0,4.0,1,8,845.0
1600000.0,1,3,380.0,5.0,5,4,0.0
1650000.0,1,3,367.0,4.0,1,3,600.0
1600000.0,1,3,380.0,5.0,5,4,909.0
1199000.0,1,3,321.0,4.0,3,2,0.0
1590000.0,1,3,400.0,4.0,4,2,865.0
1480000.0,1,3,354.2,4.0,1,4,0.0
2250000.0,1,3,475.0,4.0,2,6,0.0
2250000.0,1,3,490.0,4.0,2,3,815.0
1390000.0,1,3,503.0,5.0,5,2,1075.0
1700000.0,1,3,400.0,4.0,1,4,0.0
979000.0,1,3,360.0,4.0,3,3,880.0
1590000.0,1,3,370.0,4.0,3,3,0.0
1490000.0,1,3,400.0,5.0,4,2,800.0
1490000.0,1,3,400.0,4.0,4,8,800.0
1490000.0,1,3,400.0,4.0,4,2,0.0
1490000.0,1,3,400.0,4.0,4,2,800.0
1300000.0,1,3,477.0,5.0,1,2,900.0
1400000.0,1,3,475.66,4.0,4,2,1125.0
2250000.0,1,3,432.0,4.0,2,2,800.0
1550000.0,1,3,410.0,4.0,2,4,815.0
1490000.0,1,3,400.0,4.0,4,4,800.0
1490000.0,1,3,400.0,4.0,4,2,800.0
4950000.0,1,3,350.0,4.0,4,2,0.0
2480000.0,1,3,420.0,5.0,2,4,885.0
2797000.0,1,3,350.0,4.0,4,0,1000.0
950000.0,1,3,240.0,4.0,4,2,0.0
975000.0,1,3,403.0,6.0,3,2,0.0
1100000.0,1,3,200.0,4.0,2,4,395.0
1100000.0,1,3,200.0,4.0,2,2,500.0
650000.0,1,3,200.0,5.0,1,2,460.0
648000.0,1,3,200.0,4.0,1,4,360.0
650000.0,1,3,200.0,5.0,1,4,0.0
650000.0,1,3,200.0,4.0,1,0,0.0
1890000.0,1,3,400.0,7.0,4,2,540.0
895000.0,1,3,375.0,4.0,2,6,464.0
2100000.0,1,3,400.0,4.0,3,3,400.0
1200000.0,1,3,300.0,7.0,6,4,505.0
2550000.0,1,3,600.0,4.0,4,5,430.0
1200000.0,1,3,419.0,5.0,3,3,0.0
1290000.0,1,3,440.0,4.0,4,5,601.0
1800000.0,1,3,450.0,4.0,4,0,783.0
2100000.0,1,3,600.0,4.0,4,6,550.0
1698000.0,1,3,326.0,4.0,4,2,0.0
1650000.0,1,3,230.0,4.0,3,2,1000.0
2590000.0,1,3,400.0,4.0,1,2,584.0
2200000.0,1,3,480.0,5.0,5,6,1400.0
3100000.0,1,3,500.0,4.0,4,4,750.0
2500000.0,1,3,379.0,4.0,3,6,0.0
2500000.0,1,3,379.0,4.0,4,4,600.0
2498000.0,1,3,520.0,5.0,4,4,750.0
1390000.0,1,3,400.0,5.0,3,2,1000.0
1290000.0,1,3,355.0,4.0,4,6,850.0
1290000.0,1,3,355.0,4.0,4,4,850.0
750000.0,1,3,300.0,4.0,2,2,700.0
2100000.0,1,3,400.0,4.0,3,4,0.0
2100000.0,1,3,400.0,4.0,3,4,0.0
750000.0,1,3,250.0,4.0,2,2,0.0
2411000.0,1,3,452.0,5.0,5,2,738.0
1350000.0,1,3,450.0,5.0,3,4,732.0
1780000.0,1,3,295.0,4.0,4,4,610.0
2100000.0,1,3,395.0,5.0,5,2,790.0
1490000.0,1,3,233.0,4.0,3,4,622.0
2590000.0,1,3,400.0,5.0,1,2,550.0
2100000.0,1,3,600.0,4.0,4,6,0.0
950000.0,1,3,300.0,4.0,1,3,1.0
1370000.0,1,3,492.0,4.0,1,3,460.0
1800000.0,1,3,450.0,4.0,4,4,480.0
1590000.0,1,3,340.0,4.0,1,4,500.0
2299000.0,1,3,800.0,9.0,5,4,0.0
2990000.0,1,3,450.0,4.0,3,2,700.0
2990000.0,1,3,420.0,4.0,3,4,780.0
3700000.0,1,3,500.0,4.0,4,4,875.0
2990000.0,1,3,450.0,4.0,3,4,780.0
3390000.0,1,3,550.0,4.0,4,4,700.0
2600000.0,1,3,405.0,4.0,4,5,875.0
3390000.0,1,3,517.69,4.0,4,6,788.0
2890000.0,1,3,550.0,4.0,3,4,0.0
3800000.0,1,3,491.93,4.0,4,5,0.0
1990000.0,1,3,320.0,5.0,3,2,680.0
3700000.0,1,3,525.0,5.0,4,5,885.0
3100000.0,1,3,467.99,4.0,4,0,885.0
2590000.0,1,3,400.0,4.0,4,4,950.0
1330000.0,1,3,400.0,4.0,3,3,600.0
950000.0,1,3,160.0,4.0,1,4,600.0
1370000.0,1,3,583.0,4.0,1,3,584.0
2550000.0,1,3,660.0,4.0,4,3,550.0
890000.0,1,3,200.0,4.0,2,0,601.0
1790000.0,1,3,350.0,6.0,4,6,600.0
1370000.0,1,3,492.0,4.0,1,3,460.0
1450000.0,1,3,480.0,4.0,1,4,610.0
1780000.0,1,3,500.0,4.0,3,0,0.0
1280000.0,1,3,400.0,4.0,4,3,500.0
1780000.0,1,3,500.0,4.0,3,4,600.0
1620000.0,1,3,370.0,4.0,1,4,0.0
2500000.0,1,3,900.0,9.0,5,12,0.0
2490000.0,1,3,332.0,4.0,4,4,601.0
1290000.0,1,3,325.0,4.0,4,4,0.0
950000.0,1,3,160.0,4.0,1,2,650.0
980000.0,1,3,400.0,7.0,4,3,505.0
2100000.0,1,3,600.0,4.0,4,6,550.0
650000.0,1,3,180.0,5.0,2,0,800.0
950000.0,1,3,300.0,4.0,1,4,0.0
3590000.0,1,3,603.06,5.0,4,2,1881.0
830000.0,1,3,240.0,5.0,0,4,580.0
973000.0,1,3,385.0,4.0,3,3,600.0
1300000.0,1,3,510.0,4.0,4,4,854.0
1300000.0,1,3,400.0,4.0,4,4,835.0
898000.0,1,3,380.0,4.0,3,4,668.0
1390000.0,1,3,400.0,5.0,3,3,680.0
630000.0,1,3,160.0,4.0,1,0,0.0
800000.0,1,3,280.0,5.0,2,0,450.0
1000000.0,1,3,220.0,4.0,1,2,757.0
797000.0,1,3,178.0,5.0,2,2,450.0
999000.0,1,3,320.0,4.0,1,4,750.0
1580000.0,1,3,545.0,5.0,3,2,0.0
950000.0,1,3,430.0,4.0,3,3,735.0
2400000.0,1,3,400.0,4.0,4,2,777.0
1350000.0,1,3,280.0,4.0,4,2,777.0
1990000.0,1,3,570.0,4.0,3,8,670.0
1250000.0,1,3,350.0,4.0,1,2,750.0
800000.0,1,3,300.0,4.0,3,10,688.0
1549000.0,1,3,500.0,5.0,2,2,919.0
1560000.0,1,3,450.0,4.0,3,4,787.0
3050000.0,1,3,350.0,4.0,4,2,1602.0
2600000.0,1,3,350.0,4.0,3,0,1150.0
2100000.0,1,3,430.0,4.0,2,0,0.0
2650000.0,1,3,460.0,4.0,3,2,720.0
2350000.0,1,3,600.0,4.0,4,0,850.0
1950000.0,1,3,420.0,4.0,1,4,800.0
2350000.0,1,3,600.0,4.0,4,6,808.0
1800000.0,1,3,600.0,4.0,4,10,0.0
2690000.0,1,3,460.0,4.0,3,6,550.0
1500000.0,1,3,450.0,4.0,2,4,750.0
1450000.0,1,3,450.0,4.0,3,4,0.0
915000.0,1,3,320.0,4.0,1,2,0.0
800000.0,1,3,350.0,4.0,3,2,588.0
780000.0,1,3,310.0,5.0,1,0,580.0
1599000.0,1,3,370.0,4.0,4,4,880.0
1240000.0,1,3,308.0,4.0,3,2,919.0
950000.0,1,3,300.0,4.0,1,4,305.0
1990000.0,1,3,330.0,4.0,4,2,877.0
1990000.0,1,3,330.0,4.0,4,2,919.0
1240000.0,1,3,320.0,4.0,3,0,1100.0
1890000.0,1,3,394.49,4.0,4,4,1329.0
1690000.0,1,3,427.0,5.0,3,2,919.0
1890000.0,1,3,394.0,5.0,4,4,919.0
2100000.0,1,3,320.0,4.0,4,0,1100.0
1890000.0,1,3,394.0,4.0,4,4,1300.0
1680000.0,1,3,431.0,5.0,5,4,1100.0
2400000.0,1,3,650.0,5.0,4,0,1180.0
1400000.0,1,3,370.0,4.0,0,0,0.0
1680000.0,1,3,431.0,5.0,0,0,0.0
2500000.0,1,3,450.0,4.0,3,3,0.0
3500000.0,1,3,438.0,4.0,4,4,1020.0
1695000.0,1,3,350.9,4.0,3,3,1020.0
1790000.0,1,3,443.0,4.0,2,2,919.0
1890000.0,1,3,394.0,4.0,4,4,0.0
2000000.0,1,3,400.0,4.0,4,4,950.0
1850000.0,1,3,457.0,5.0,5,2,919.0
1350000.0,1,3,300.0,4.0,3,2,877.0
1890000.0,1,3,393.0,4.0,3,2,919.0
2500000.0,1,3,310.0,4.0,3,3,919.0
1750000.0,1,3,365.0,5.0,3,2,919.0
998000.0,1,3,420.0,4.0,4,2,919.0
1780000.0,1,3,358.0,4.0,3,3,919.0
2400000.0,1,3,400.0,4.0,4,2,919.0
1400000.0,1,3,360.0,4.0,4,2,919.0
1350000.0,1,3,300.0,4.0,3,2,919.0
1790000.0,1,3,650.0,4.0,4,4,0.0
1750000.0,1,3,408.0,4.0,3,2,0.0
2100000.0,1,3,360.0,4.0,3,4,750.0
1400000.0,1,3,370.0,4.0,3,2,1085.0
1390000.0,1,3,280.0,4.0,2,2,0.0
2500000.0,1,3,350.0,4.0,3,0,919.0
1549000.0,1,3,370.0,4.0,3,4,0.0
1250000.0,1,3,230.0,4.0,2,3,1100.0
1350000.0,1,3,214.0,4.0,4,1,650.0
1060000.0,1,3,400.0,4.0,3,4,685.0
1550000.0,1,3,365.0,4.0,2,4,600.0
1350000.0,1,3,400.0,4.0,2,4,0.0
3800000.0,1,3,600.0,5.0,5,4,600.0
2850000.0,1,3,600.0,4.0,4,4,900.0
2750000.0,1,3,400.0,4.0,3,6,800.0
2490000.0,1,3,500.0,4.0,3,4,800.0
2500000.0,1,3,450.0,6.0,4,2,950.0
1400000.0,1,3,250.0,4.0,1,8,850.0
1680000.0,1,3,543.79,4.0,1,3,650.0
2500000.0,1,3,500.0,4.0,3,3,0.0
2500000.0,1,3,500.0,4.0,4,3,900.0
1500000.0,1,3,450.0,4.0,2,4,0.0
1500000.0,1,3,450.0,4.0,2,4,0.0
1870000.0,1,3,350.0,4.0,4,4,0.0
1790000.0,1,3,284.0,4.0,4,2,0.0
1500000.0,1,3,300.0,4.0,3,2,1150.0
1480000.0,1,3,247.0,4.0,2,2,694.0
1500000.0,1,3,300.0,4.0,3,2,1000.0
1380000.0,1,3,286.0,4.0,3,3,300.0
1390000.0,1,3,233.0,4.0,3,2,780.0
3100000.0,1,3,629.0,4.0,4,3,855.0
3800000.0,1,3,600.0,5.0,5,4,1000.0
2770000.0,1,3,350.0,4.0,4,2,0.0
3800000.0,1,3,650.0,5.0,5,4,1000.0
1390000.0,1,3,550.0,6.0,6,2,672.0
2350000.0,1,3,491.0,6.0,5,2,672.0
1480000.0,1,3,380.0,5.0,4,2,672.0
2050000.0,1,3,353.33,4.0,4,3,0.0
2600000.0,1,3,300.0,4.0,2,4,0.0
870000.0,1,3,160.0,4.0,2,2,672.0
1290000.0,1,3,300.0,5.0,2,2,672.0
1800000.0,1,3,395.0,5.0,5,4,771.0
1899999.0,1,3,350.0,4.0,4,4,771.0
1680000.0,1,3,328.6,4.0,3,3,671.0
1280000.0,1,3,340.0,6.0,2,4,650.0
1500000.0,1,3,525.0,4.0,2,2,525.0
1680000.0,1,3,340.0,4.0,3,2,0.0
1550000.0,1,3,550.0,4.0,2,3,771.0
3190000.0,1,3,629.0,5.0,4,3,855.0
2800000.0,1,3,750.0,4.0,3,4,950.0
3250000.0,1,3,450.0,4.0,4,4,900.0
2200000.0,1,3,250.0,4.0,4,3,0.0
2700000.0,1,3,357.0,4.0,3,4,0.0
1280000.0,1,3,423.0,4.0,2,2,772.0
1297000.0,1,3,230.0,4.0,1,2,0.0
1550000.0,1,3,447.94,4.0,2,2,720.0
1250000.0,1,3,220.0,4.0,1,0,0.0
2495000.0,1,3,342.0,4.0,4,2,730.0
1550000.0,1,3,420.0,4.0,4,0,635.0
2000000.0,1,3,550.0,6.0,3,4,620.0
1980000.0,1,3,282.96,4.0,1,2,0.0
1595000.0,1,3,420.0,4.0,4,6,450.0
1550000.0,1,3,349.0,4.0,4,5,756.0
1280000.0,1,3,280.0,4.0,3,4,600.0
1199000.0,1,3,432.0,4.0,2,2,0.0
1200000.0,1,3,238.0,4.0,2,4,680.0
1650000.0,1,3,400.0,4.0,4,2,650.0
1900000.0,1,3,254.0,4.0,3,2,1290.0
1570000.0,1,3,300.0,5.0,4,2,0.0
1990000.0,1,3,259.0,4.0,4,2,717.0
1750000.0,1,3,500.0,5.0,4,3,0.0
1980000.0,1,3,307.0,4.0,4,2,730.0
1550000.0,1,3,434.0,4.0,2,0,0.0
1250000.0,1,3,180.0,4.0,1,6,0.0
2400000.0,1,3,550.0,4.0,4,4,380.0
2300000.0,1,3,350.0,5.0,3,4,530.0
2100000.0,1,3,570.0,5.0,4,4,575.0
1099000.0,1,3,300.0,6.0,4,6,565.0
2490000.0,1,3,384.0,4.0,4,4,574.0
1890000.0,1,3,546.0,4.0,3,5,0.0
1900000.0,1,3,247.0,4.0,4,4,558.0
750000.0,1,3,250.0,4.0,0,4,450.0
2500000.0,1,3,471.0,10.0,10,4,0.0
750000.0,1,3,200.0,4.0,1,2,300.0
1550000.0,1,3,420.0,4.0,4,7,0.0
750000.0,1,3,190.0,4.0,3,0,0.0
1149000.0,1,3,287.0,4.0,4,2,180.0
1500000.0,1,3,270.0,4.0,3,2,480.0
1795000.0,1,3,400.0,4.0,3,2,0.0
1000000.0,1,3,200.0,4.0,1,4,400.0
1289000.0,1,3,300.0,4.0,3,2,480.0
2200000.0,1,3,450.0,4.0,4,2,300.0
1680000.0,1,3,328.76,4.0,3,2,0.0
1980000.0,1,3,404.27,4.0,2,6,671.0
1650000.0,1,3,400.0,4.0,2,0,0.0
2100000.0,1,3,470.0,5.0,5,2,515.0
2400000.0,1,3,450.0,4.0,3,4,600.0
1970000.0,1,3,300.0,4.0,4,4,600.0
2590000.0,1,3,400.0,4.0,4,2,550.0
2100000.0,1,3,470.0,5.0,4,6,0.0
2590000.0,1,3,430.0,4.0,4,2,0.0
1970000.0,1,3,330.0,4.0,2,2,0.0
1850000.0,1,3,400.0,4.0,2,2,550.0
2590000.0,1,3,400.0,4.0,4,2,550.0
1650000.0,1,3,380.0,5.0,4,4,600.0
2590000.0,1,3,400.0,4.0,4,4,513.0
3100000.0,1,3,400.0,4.0,4,4,600.0
2200000.0,1,3,450.0,5.0,4,4,1100.0
1540000.0,1,3,287.0,4.0,4,3,0.0
2590000.0,1,3,430.0,4.0,4,4,600.0
2590000.0,1,3,420.0,4.0,4,2,0.0
3499900.0,1,3,537.35,4.0,4,3,0.0
2600000.0,1,3,263.0,4.0,2,2,600.0
3890000.0,1,3,421.0,4.0,3,6,600.0
2100000.0,1,3,470.0,5.0,4,4,550.0
2590000.0,1,3,400.0,4.0,3,2,550.0
3190000.0,1,3,450.0,4.0,4,3,490.0
1960000.0,1,3,300.0,4.0,4,4,500.0
1970000.0,1,3,300.0,4.0,4,4,495.0
1970000.0,1,3,400.0,4.0,4,2,500.0
1900000.0,1,3,280.0,4.0,4,2,495.0
3190000.0,1,3,420.0,4.0,3,3,495.0
1280000.0,1,3,240.0,4.0,2,4,750.0
1469800.0,1,3,450.0,5.0,4,2,515.0
2600000.0,1,3,300.0,4.0,3,2,550.0
2590000.0,1,3,360.0,4.0,4,4,1800.0
1350000.0,1,3,241.0,4.0,2,3,0.0
2750000.0,1,3,370.0,4.0,4,4,580.0
950000.0,1,3,220.0,4.0,2,6,0.0
1700000.0,1,3,580.0,4.0,4,4,650.0
2590000.0,1,3,400.0,5.0,4,4,580.0
890000.0,1,3,200.0,4.0,2,2,0.0
1980000.0,1,3,500.0,4.0,4,4,514.0
1920000.0,1,3,400.0,4.0,4,2,550.0
1460000.0,1,3,300.0,4.0,3,3,550.0
1650000.0,1,3,388.0,5.0,4,6,550.0
1350000.0,1,3,337.0,4.0,2,3,661.0
1550000.0,1,3,341.19,4.0,3,3,560.0
1200000.0,1,3,270.0,4.0,1,3,0.0
900000.0,1,3,200.0,5.0,2,3,0.0
1500000.0,1,3,377.08,4.0,1,4,671.0
1360000.0,1,3,444.0,5.0,1,5,540.0
1290000.0,1,3,350.0,4.0,3,4,1575.0
1980000.0,1,3,395.0,5.0,3,8,671.0
1500000.0,1,3,377.0,4.0,1,0,0.0
1350000.0,1,3,444.0,5.0,0,3,0.0
1680000.0,1,3,328.0,4.0,3,2,0.0
2800000.0,1,3,574.0,6.0,4,5,671.0
1680000.0,1,3,328.0,4.0,3,1,671.0
1980000.0,1,3,404.0,5.0,3,4,671.0
1680000.0,1,3,328.0,4.0,3,3,671.0
1980000.0,1,3,395.0,4.0,2,3,671.0
1960000.0,1,3,450.0,4.0,4,2,671.0
1680000.0,1,3,330.0,4.0,3,2,671.0
2050000.0,1,3,400.0,4.0,4,2,0.0
1290000.0,1,3,311.0,4.0,4,4,0.0
2000000.0,1,3,730.0,5.0,3,4,750.0
2200000.0,1,3,280.0,4.0,4,2,513.0
1290000.0,1,3,360.0,4.0,3,2,400.0
1850000.0,1,3,430.0,4.0,4,2,0.0
2890000.0,1,3,480.0,4.0,4,3,450.0
1790000.0,1,3,330.0,4.0,3,4,0.0
1300000.0,1,3,280.0,4.0,4,2,0.0
1790000.0,1,3,335.0,4.0,4,4,200.0
1590000.0,1,3,298.0,4.0,3,2,500.0
2900000.0,1,3,534.0,4.0,3,5,400.0
1590000.0,1,3,502.0,4.0,4,3,0.0
1400000.0,1,3,357.0,5.0,3,4,1737.0
1400000.0,1,3,357.0,5.0,3,4,1587.0
1400000.0,1,3,357.0,5.0,3,4,1587.0
1300000.0,1,3,360.0,5.0,1,5,462.0
1145000.0,1,3,360.0,4.0,1,5,0.0
1000000.0,1,3,239.07,4.0,3,2,480.0
990000.0,1,3,270.0,4.0,1,2,550.0
1220000.0,1,3,409.39,4.0,2,4,560.0
1750000.0,1,3,270.0,4.0,4,2,500.0
2300000.0,1,3,389.28,4.0,4,0,0.0
2300000.0,1,3,389.0,4.0,4,5,730.0
1380000.0,1,3,505.43,4.0,0,5,0.0
1100000.0,1,3,330.0,5.0,4,1,0.0
1537000.0,1,3,400.0,5.0,1,2,0.0
1537000.0,1,3,400.0,4.0,1,4,480.0
799000.0,1,3,210.0,4.0,1,2,528.0
1400000.0,1,3,250.0,4.0,1,4,528.0
1400000.0,1,3,350.0,4.0,2,2,529.0
1300000.0,1,3,490.0,4.0,4,2,550.0
1400000.0,1,3,250.0,4.0,1,2,528.0
1900000.0,1,3,475.0,7.0,6,6,587.0
1900000.0,1,3,440.0,5.0,4,0,0.0
1150000.0,1,3,473.6,4.0,2,0,0.0
1550000.0,1,3,330.0,4.0,0,2,0.0
530000.0,1,3,200.0,5.0,0,2,632.0
840000.0,1,3,368.0,5.0,3,7,0.0
530000.0,1,3,200.0,5.0,2,6,0.0
780000.0,1,3,220.0,4.0,0,2,0.0
1500000.0,1,3,637.0,4.0,4,0,0.0
1450000.0,1,3,411.0,4.0,0,4,0.0
1700000.0,1,3,400.0,5.0,5,3,670.0
1700000.0,1,3,400.0,5.0,5,9,750.0
800000.0,1,3,222.0,4.0,0,4,496.0
1400000.0,1,3,560.0,4.0,4,8,600.0
1150000.0,1,3,522.72,5.0,4,2,0.0
1290000.0,1,3,350.0,4.0,4,0,0.0
1100000.0,1,3,300.0,5.0,4,4,390.0
1250000.0,1,3,390.0,5.0,3,6,0.0
1100000.0,1,3,317.0,6.0,2,2,0.0
1300000.0,1,3,375.0,4.0,2,2,534.0
1550000.0,1,3,464.31,4.0,1,2,0.0
1290000.0,1,3,590.0,4.0,1,0,0.0
1050000.0,1,3,317.0,4.0,4,2,528.0
2100000.0,1,3,600.0,6.0,5,4,0.0
1598000.0,1,3,281.0,4.0,4,2,513.0
1480000.0,1,3,300.0,4.0,1,4,600.0
1750000.0,1,3,400.0,4.0,4,0,0.0
1480000.0,1,3,300.0,4.0,1,4,630.0
1680000.0,1,3,310.0,4.0,1,3,550.0
1795000.0,1,3,350.0,4.0,1,4,0.0
1200000.0,1,3,250.0,4.0,1,3,0.0
1795000.0,1,3,350.0,4.0,1,4,0.0
1500000.0,1,3,580.0,4.0,4,2,550.0
1550000.0,1,3,408.0,5.0,2,4,590.0
2650000.0,1,3,400.0,5.0,5,2,0.0
1600000.0,1,3,400.0,4.0,2,5,1000.0
1585000.0,1,3,319.12,6.0,1,10,0.0
1600000.0,1,3,400.0,4.0,2,4,1000.0
990000.0,1,3,220.0,4.0,1,2,740.0
2100000.0,1,3,330.0,4.0,3,2,0.0
1390000.0,1,3,430.0,4.0,3,2,850.0
2300000.0,1,3,390.0,5.0,3,2,0.0
1750000.0,1,3,400.0,4.0,4,0,0.0
1350000.0,1,3,365.0,4.0,0,0,0.0
1680000.0,1,3,310.0,4.0,1,3,550.0
530000.0,1,3,200.0,4.0,2,1,0.0
1400000.0,1,3,350.0,4.0,0,2,0.0
1230000.0,1,3,367.0,4.0,3,5,743.0
850000.0,1,3,319.4,6.0,2,3,550.0
1100000.0,1,3,260.0,4.0,2,0,0.0
2500000.0,1,3,540.0,5.0,5,4,355.0
1250000.0,1,3,560.0,5.0,4,2,540.0
1390000.0,1,3,560.0,5.0,4,2,540.0
999000.0,1,3,200.0,4.0,4,2,640.0
1080000.0,1,3,300.0,4.0,4,2,380.0
1250000.0,1,3,560.0,4.0,2,4,400.0
1900000.0,1,3,850.0,5.0,2,13,580.0
1350000.0,1,3,230.0,4.0,2,2,534.0
950000.0,1,3,250.0,4.0,1,9,538.0
1480000.0,1,3,286.0,4.0,1,4,0.0
900000.0,1,3,286.0,4.0,2,6,680.0
1900000.0,1,3,505.0,4.0,4,2,920.0
1900000.0,1,3,506.0,4.0,4,2,330.0
1700000.0,1,3,550.0,6.0,3,3,678.0
980000.0,1,3,341.0,5.0,1,5,180.0
980000.0,1,3,341.0,5.0,1,5,180.0
980000.0,1,3,340.0,5.0,2,5,0.0
1700000.0,1,3,400.0,5.0,5,4,670.0
1490000.0,1,3,400.0,5.0,5,0,670.0
1950000.0,1,3,535.0,4.0,4,6,0.0
1390000.0,1,3,320.0,4.0,3,5,680.0
1500000.0,1,3,350.0,4.0,1,4,0.0
2390000.0,1,3,515.0,4.0,4,2,650.0
2490000.0,1,3,527.0,4.0,4,4,560.0
1500000.0,1,3,490.0,5.0,3,5,670.0
1350000.0,1,3,300.0,4.0,2,3,0.0
1390000.0,1,3,446.0,4.0,3,0,640.0
1500000.0,1,3,400.0,5.0,4,4,0.0
1850000.0,1,3,390.0,5.0,5,4,0.0
2390000.0,1,3,527.0,4.0,4,4,560.0
1620000.0,1,3,360.0,4.0,4,6,0.0
980000.0,1,3,340.0,6.0,2,5,0.0
1150000.0,1,3,400.0,6.0,1,2,0.0
2390000.0,1,3,440.0,4.0,4,6,640.0
2200000.0,1,3,562.0,5.0,5,4,0.0
2350000.0,1,3,514.0,5.0,5,4,950.0
2190000.0,1,3,328.0,4.0,3,2,917.0
1550000.0,1,3,470.0,4.0,1,2,846.0
2300000.0,1,3,390.0,4.0,4,4,750.0
590000.0,1,3,200.0,4.0,3,0,0.0
590000.0,1,3,180.0,4.0,3,2,603.0
1490000.0,1,3,400.0,4.0,4,2,670.0
1750000.0,1,3,493.0,5.0,3,2,620.0
1490000.0,1,3,400.0,4.0,4,2,670.0
1990000.0,1,3,310.0,4.0,4,6,750.0
2000000.0,1,3,550.0,6.0,3,3,610.0
1550000.0,1,3,420.0,4.0,4,6,450.0
1290000.0,1,3,223.0,4.0,2,2,450.0
1890000.0,1,3,307.0,4.0,4,4,600.0
1595000.0,1,3,463.0,4.0,4,3,590.0
2000000.0,1,3,550.0,6.0,2,6,669.0
2298000.0,1,3,790.0,10.0,6,6,615.0
2500000.0,1,3,550.0,6.0,3,3,0.0
2200000.0,1,3,535.0,4.0,4,6,500.0
2279990.0,1,3,535.0,4.0,4,6,500.0
1650000.0,1,3,171.77,4.0,4,4,827.0
990000.0,1,3,352.0,4.0,1,4,720.0
2100000.0,1,3,700.0,7.0,4,5,780.0
1840000.0,1,3,504.0,4.0,4,4,0.0
2300000.0,1,3,480.0,4.0,4,3,1.0
2300000.0,1,3,500.0,4.0,4,6,900.0
1500000.0,1,3,260.0,4.0,4,4,827.0
950000.0,1,3,380.0,4.0,2,2,795.0
1840000.0,1,3,400.0,4.0,4,4,795.0
1650000.0,1,3,383.0,4.0,4,3,820.0
1850000.0,1,3,296.0,5.0,5,4,720.0
1300000.0,1,3,436.0,4.0,3,2,720.0
690000.0,1,3,200.0,4.0,2,0,450.0
1370000.0,1,3,400.0,4.0,4,1,670.0
1900000.0,1,3,506.0,4.0,4,2,795.0
1475000.0,1,3,446.0,4.0,3,2,720.0
2290000.0,1,3,480.0,4.0,3,6,895.0
1850000.0,1,3,800.0,6.0,3,6,580.0
699000.0,1,3,150.0,4.0,2,3,0.0
1300000.0,1,3,380.0,4.0,1,0,0.0
2050000.0,1,3,700.0,7.0,5,6,795.0
2290000.0,1,3,320.0,4.0,3,2,750.0
1300000.0,1,3,320.0,5.0,1,4,795.0
1500000.0,1,3,350.0,4.0,1,4,795.0
2000000.0,1,3,700.0,7.0,5,2,833.0
2000000.0,1,3,700.0,5.0,5,2,510.0
1620000.0,1,3,320.0,4.0,4,3,795.0
1420000.0,1,3,600.0,4.0,3,2,0.0
2270000.0,1,3,535.0,4.0,4,4,645.0
2390000.0,1,3,515.0,4.0,4,4,650.0
695000.0,1,3,200.0,4.0,2,0,0.0
900000.0,1,3,286.0,4.0,2,6,0.0
1150000.0,1,3,300.0,5.0,5,4,750.0
3980000.0,1,3,678.0,4.0,4,3,580.0
1650000.0,1,3,300.0,4.0,3,4,830.0
2380000.0,1,3,400.0,5.0,2,0,900.0
2495000.0,1,10,320.0,4.0,4,2,520.0
3970000.0,1,10,840.0,5.0,5,0,500.0
1750000.0,1,10,319.0,7.0,3,3,500.0
1990000.0,1,10,530.0,6.0,3,4,0.0
1990000.0,1,10,535.0,4.0,4,2,400.0
3500000.0,1,10,600.0,4.0,4,6,550.0
1400000.0,1,10,180.0,4.0,1,4,0.0
1950000.0,1,10,385.0,5.0,5,5,550.0
1990000.0,1,10,530.0,4.0,4,2,600.0
1990000.0,1,10,536.0,5.0,3,4,507.0
2495000.0,1,10,318.0,4.0,4,2,500.0
1990000.0,1,10,500.0,6.0,3,4,0.0
1895000.0,1,10,395.0,4.0,2,0,500.0
2190000.0,1,10,460.0,4.0,3,4,0.0
2100000.0,1,10,600.0,5.0,5,0,300.0
2150000.0,1,10,339.47,4.0,3,4,0.0
1999000.0,1,10,581.0,6.0,5,8,600.0
1895000.0,1,10,395.0,4.0,2,4,400.0
2700000.0,1,10,500.0,5.0,5,3,0.0
1150000.0,1,10,500.0,4.0,2,4,0.0
1990000.0,1,10,380.0,4.0,2,3,0.0
3566000.0,1,10,365.0,4.0,4,2,550.0
2800000.0,1,10,508.0,4.0,3,4,350.0
2800000.0,1,10,770.0,6.0,2,6,350.0
2800000.0,1,10,580.0,6.0,5,7,1070.0
2800000.0,1,10,508.0,4.0,4,0,350.0
3300000.0,1,10,700.0,5.0,4,5,0.0
2887000.0,1,10,500.0,5.0,4,6,1300.0
2880000.0,1,10,500.0,5.0,4,6,1200.0
3750000.0,1,10,700.0,7.0,7,6,500.0
3750000.0,1,10,680.0,7.0,5,10,0.0
3290000.0,1,10,500.0,6.0,3,4,350.0
3290000.0,1,10,535.0,6.0,3,4,350.0
3500000.0,1,10,600.0,6.0,3,4,250.0
2890000.0,1,10,500.0,4.0,4,4,1300.0
4100000.0,1,10,640.0,4.0,4,4,500.0
1150000.0,1,10,500.0,4.0,2,4,0.0
3700000.0,1,10,600.0,4.0,4,2,600.0
2250000.0,1,10,400.0,4.0,2,2,800.0
2200000.0,1,10,500.0,4.0,2,7,500.0
1750000.0,1,10,600.0,4.0,1,1,500.0
1790000.0,1,10,427.0,5.0,3,2,0.0
3500000.0,1,10,620.0,5.0,4,4,200.0
2350000.0,1,10,440.0,5.0,4,3,320.0
2990000.0,1,10,660.0,7.0,4,2,500.0
3500000.0,1,10,523.0,5.0,5,8,350.0
2200000.0,1,10,378.0,4.0,4,4,550.0
2550000.0,1,10,542.0,8.0,5,8,550.0
4500000.0,1,10,622.0,4.0,4,5,320.0
3300000.0,1,10,515.0,4.0,4,0,300.0
3200000.0,1,10,516.0,4.0,4,3,300.0
3200000.0,1,10,516.0,4.0,4,3,300.0
3200000.0,1,10,515.84,4.0,4,4,300.0
2600000.0,1,10,560.0,4.0,4,0,0.0
2150000.0,1,10,400.0,5.0,3,2,300.0
1150000.0,1,10,500.0,4.0,2,4,0.0
4400000.0,1,10,300.0,5.0,5,5,200.0
3550000.0,1,10,856.0,7.0,4,8,250.0
2095000.0,1,10,369.0,4.0,4,4,800.0
4100000.0,1,10,600.0,4.0,4,6,0.0
4500000.0,1,10,600.0,4.0,4,9,400.0
4000000.0,1,10,540.0,5.0,5,6,500.0
4500000.0,1,10,675.0,4.0,4,6,300.0
4200000.0,1,10,700.0,5.0,5,1,1000.0
1950000.0,1,10,200.0,6.0,6,0,400.0
4800000.0,1,10,970.0,4.0,4,4,0.0
2200000.0,1,10,550.0,4.0,2,7,0.0
2900000.0,1,10,438.0,4.0,1,6,0.0
4800000.0,1,10,300.0,4.0,0,4,1500.0
3550000.0,1,10,536.0,4.0,4,6,400.0
3499000.0,1,10,526.0,4.0,4,1,400.0
2198000.0,1,10,565.0,4.0,4,8,650.0
4000000.0,1,10,500.0,5.0,5,4,350.0
3650000.0,1,10,590.0,5.0,5,6,500.0
2690000.0,1,10,419.78,5.0,3,2,550.0
3490000.0,1,10,600.0,4.0,2,10,0.0
2990000.0,1,10,595.0,4.0,0,6,400.0
3980000.0,1,10,841.0,5.0,5,4,1000.0
4100000.0,1,10,841.0,5.0,5,4,0.0
4050000.0,1,10,649.0,7.0,5,4,0.0
3400000.0,1,10,540.0,4.0,4,3,300.0
3300000.0,1,10,385.0,4.0,4,2,350.0
2700000.0,1,10,523.0,5.0,5,8,650.0
2100000.0,1,10,420.0,4.0,3,8,350.0
2535000.0,1,10,600.0,6.0,5,6,0.0
4490000.0,1,10,650.0,4.0,4,3,600.0
2300000.0,1,10,631.0,5.0,5,2,0.0
3000000.0,1,10,450.0,4.0,4,4,600.0
4700000.0,1,10,843.0,6.0,6,8,0.0
3688000.0,1,10,700.0,5.0,5,4,0.0
2590000.0,1,10,530.0,4.0,3,2,0.0
2200000.0,1,10,900.0,5.0,3,4,350.0
1900000.0,1,10,233.0,4.0,2,5,0.0
1990000.0,1,10,400.0,4.0,4,6,0.0
2650000.0,1,10,500.0,4.0,4,4,0.0
1780000.0,1,10,330.0,4.0,3,8,250.0
1779000.0,1,10,340.0,4.0,3,4,250.0
2700000.0,1,10,700.0,6.0,4,0,680.0
3300000.0,1,10,800.0,5.0,5,6,0.0
2700000.0,1,10,700.0,6.0,4,0,426.0
1880000.0,1,10,330.6,4.0,3,4,250.0
2800000.0,1,10,365.0,5.0,3,10,0.0
4000000.0,1,10,392.0,4.0,4,3,500.0
2400000.0,1,10,697.0,6.0,2,4,250.0
3490000.0,1,10,660.0,5.0,2,4,500.0
2950000.0,1,10,769.0,4.0,4,3,450.0
4950000.0,1,10,780.0,4.0,4,3,1400.0
2800000.0,1,10,508.0,4.0,4,6,350.0
1600000.0,1,10,420.0,4.0,3,6,690.0
2690000.0,1,10,600.0,7.0,5,10,500.0
3200000.0,1,10,846.0,5.0,4,6,200.0
2690000.0,1,10,550.0,5.0,3,2,255.0
2700000.0,1,10,700.0,5.0,5,3,500.0
3570000.0,1,10,603.0,5.0,4,4,1.0
3200000.0,1,10,750.0,6.0,5,4,350.0
3335000.0,1,10,700.0,5.0,5,10,550.0
3980000.0,1,10,550.0,4.0,4,2,0.0
2398000.0,1,10,500.0,4.0,3,4,450.0
2380000.0,1,10,410.0,4.0,4,3,500.0
2700000.0,1,10,650.0,5.0,5,3,560.0
2170000.0,1,10,403.0,4.0,3,2,200.0
2450000.0,1,10,400.0,4.0,4,0,700.0
1660000.0,1,10,560.0,4.0,3,4,355.0
1660000.0,1,10,515.0,4.0,3,2,355.0
1659000.0,1,10,515.0,4.0,3,2,380.0
3600000.0,1,10,550.0,4.0,4,2,480.0
3890000.0,1,10,552.0,4.0,2,4,500.0
3890000.0,1,10,450.0,4.0,4,3,1302.0
3500000.0,1,10,500.12,5.0,3,2,300.0
2690000.0,1,10,516.0,4.0,4,4,850.0
2700000.0,1,10,523.0,5.0,5,8,560.0
3900000.0,1,10,750.0,5.0,0,4,0.0
4800000.0,1,10,845.0,9.0,6,8,500.0
2980000.0,1,10,620.0,4.0,4,2,0.0
4200000.0,1,10,750.0,4.0,4,3,1000.0
4800000.0,1,10,860.0,5.0,5,10,0.0
4400000.0,1,10,750.0,4.0,4,6,0.0
4400000.0,1,10,750.0,4.0,4,6,0.0
4400000.0,1,10,750.0,4.0,4,6,0.0
2350000.0,1,10,361.2,6.0,6,3,480.0
2450000.0,1,10,403.0,4.0,3,2,200.0
3600000.0,1,10,603.0,5.0,4,4,600.0
1980000.0,1,10,355.0,4.0,2,2,500.0
2980000.0,1,10,425.0,4.0,3,2,450.0
3159000.0,1,10,846.0,5.0,4,5,0.0
2600000.0,1,10,325.0,4.0,4,5,850.0
3595000.0,1,10,500.0,4.0,4,2,850.0
1390000.0,1,10,400.0,6.0,4,2,0.0
2690000.0,1,10,572.0,4.0,4,3,0.0
2999000.0,1,10,740.0,4.0,4,5,450.0
3200000.0,1,10,625.0,6.0,4,4,759.0
3579000.0,1,10,700.0,5.0,5,10,350.0
1399000.0,1,10,330.0,4.0,2,4,290.0
4500000.0,1,10,620.0,4.0,4,6,0.0
3199000.0,1,10,300.0,4.0,2,5,0.0
3490000.0,1,10,500.0,4.0,4,1,900.0
3500000.0,1,10,600.0,4.0,4,4,100.0
2800000.0,1,10,345.0,4.0,3,3,0.0
3199999.99,1,10,400.0,4.0,2,20,500.0
3990000.0,1,10,432.0,4.0,3,8,500.0
3400000.0,1,10,650.0,6.0,6,7,200.0
4900000.0,1,10,500.0,4.0,2,8,0.0
3200000.0,1,10,463.0,4.0,4,4,0.0
3200000.0,1,10,463.0,4.0,4,0,759.0
2980000.0,1,10,740.0,4.0,4,2,150.0
3850000.0,1,10,600.0,5.0,3,5,709.0
3600000.0,1,10,600.0,4.0,4,4,300.0
1640000.0,1,10,400.0,4.0,2,0,150.0
3650000.0,1,10,500.0,4.0,4,2,300.0
1980000.0,1,10,400.0,4.0,4,6,350.0
1980000.0,1,10,400.0,4.0,4,4,0.0
1980000.0,1,10,340.0,4.0,4,2,0.0
1980000.0,1,10,400.0,4.0,4,4,0.0
1990000.0,1,10,318.0,4.0,4,2,750.0
1480000.0,1,10,300.0,4.0,3,2,0.0
1995000.0,1,10,350.0,4.0,4,2,0.0
3850000.0,1,10,650.0,7.0,3,4,0.0
3850000.0,1,10,650.0,7.0,3,4,0.0
3800000.0,1,10,650.0,4.0,3,5,800.0
2980000.0,1,10,770.0,5.0,5,6,0.0
2980000.0,1,10,770.0,5.0,3,5,150.0
1430000.0,1,10,280.0,5.0,2,0,0.0
4500000.0,1,10,544.0,4.0,4,6,0.0
2890000.0,1,10,800.0,5.0,4,4,150.0
3500000.0,1,10,500.0,4.0,3,8,0.0
2550000.0,1,10,540.0,5.0,5,8,0.0
2650000.0,1,10,529.0,4.0,4,4,250.0
1980000.0,1,10,614.16,5.0,3,2,0.0
1980000.0,1,10,614.0,5.0,0,6,140.0
2999000.0,1,10,625.0,5.0,2,4,0.0
2750000.0,1,10,420.0,4.0,4,3,350.0
4200000.0,1,10,450.0,5.0,5,6,500.0
1850000.0,1,10,450.0,4.0,1,4,400.0
2390000.0,1,3,420.0,5.0,2,3,0.0
2390000.0,1,10,650.0,4.0,3,3,250.0
4600000.0,1,10,850.0,5.0,5,4,0.0
893000.0,1,10,340.0,4.0,2,4,0.0
3650000.0,1,10,417.0,4.0,4,4,500.0
2900000.0,1,10,500.0,5.0,4,4,500.0
2900000.0,1,10,540.0,4.0,4,4,0.0
4800000.0,1,10,650.0,5.0,5,6,350.0
4500000.0,1,10,544.0,4.0,4,3,0.0
3399000.0,1,10,430.0,4.0,4,4,300.0
4500000.0,1,10,544.0,4.0,4,3,0.0
2900000.0,1,10,500.0,5.0,4,4,500.0
3500000.0,1,10,500.0,4.0,3,4,0.0
3295000.0,1,10,531.0,4.0,4,4,400.0
4690000.0,1,10,600.0,5.0,5,18,1100.0
4750000.0,1,10,950.0,4.0,3,3,150.0
3700000.0,1,10,483.0,4.0,3,7,600.0
3490000.0,1,10,265.0,4.0,3,4,550.0
3490000.0,1,10,265.0,4.0,3,4,550.0
3490000.0,1,10,515.0,4.0,4,4,300.0
2999000.0,1,10,480.0,4.0,4,2,250.0
4997000.0,1,10,460.0,4.0,2,12,1000.0
2000000.0,1,10,500.0,4.0,4,4,0.0
2400000.0,1,10,500.0,5.0,3,4,0.0
1790000.0,1,10,500.0,6.0,5,10,300.0
3600000.0,1,10,300.0,6.0,1,6,0.0
2790000.0,1,10,430.0,5.0,5,5,0.0
3950000.0,1,10,450.0,4.0,3,20,0.0
2100000.0,1,10,530.0,6.0,4,6,0.0
5000000.0,1,10,722.77,4.0,4,4,0.0
3490000.0,1,10,740.0,5.0,5,10,0.0
4000000.0,1,10,780.0,4.0,4,3,0.0
2850000.0,1,10,800.0,6.0,3,4,350.0
2950000.0,1,10,650.0,5.0,5,0,0.0
2190000.0,1,10,609.0,4.0,4,4,300.0
2550000.0,1,10,570.0,6.0,4,7,450.0
2130000.0,1,10,404.0,4.0,4,7,50.0
3898000.0,1,10,970.0,5.0,4,5,1100.0
2130000.0,1,10,500.0,4.0,4,7,0.0
2171000.0,1,10,500.0,4.0,3,4,650.0
1990000.0,1,10,700.0,5.0,3,3,300.0
2500000.0,1,10,831.73,6.0,6,6,950.0
1990000.0,1,10,716.0,4.0,3,4,350.0
2200000.0,1,10,650.0,4.0,4,4,330.0
4500000.0,1,10,840.0,5.0,5,0,350.0
4200000.0,1,10,670.0,5.0,3,10,550.0
4199999.99,1,10,650.0,5.0,3,3,550.0
2200000.0,1,10,450.0,4.0,4,4,0.0
4500000.0,1,10,840.0,5.0,5,0,350.0
2850000.0,1,10,800.0,5.0,2,6,0.0
2200000.0,1,10,340.0,4.0,1,10,800.0
2100000.0,1,10,300.0,4.0,4,4,0.0
3900000.0,1,10,495.0,4.0,4,4,0.0
2800000.0,1,10,492.0,4.0,4,4,0.0
2190000.0,1,10,400.0,5.0,3,3,300.0
1980000.0,1,10,350.0,4.0,4,4,0.0
2800000.0,1,10,492.0,4.0,4,4,0.0
3699999.99,1,10,483.0,4.0,3,3,0.0
3499999.99,1,10,700.0,5.0,5,6,0.0
3699999.0,1,10,483.0,4.0,3,4,0.0
3500000.0,1,10,330.0,4.0,4,1,400.0
3200000.0,1,10,480.0,5.0,2,4,0.0
3900000.0,1,10,550.0,4.0,3,4,350.0
4750000.0,1,10,869.0,5.0,5,10,1000.0
3200000.0,1,10,718.0,4.0,2,20,500.0
1450000.0,1,10,300.0,4.0,2,10,0.0
2700000.0,1,10,343.0,4.0,3,1,0.0
4000000.0,1,10,780.0,4.0,4,6,200.0
3200000.0,1,10,640.0,4.0,3,10,400.0
3700000.0,1,10,400.0,4.0,4,1,200.0
3500000.0,1,10,462.0,4.0,2,7,400.0
870000.0,1,10,285.0,6.0,2,6,200.0
947000.0,1,10,100.0,4.0,2,4,350.0
3500000.0,1,10,400.0,4.0,4,10,200.0
2390000.0,1,10,584.0,4.0,3,4,120.0
3650000.0,1,10,500.0,5.0,5,4,0.0
1850000.0,1,3,357.0,4.0,4,2,990.0
1780000.0,1,3,350.0,4.0,2,3,1100.0
1690000.0,1,3,361.0,4.0,4,2,1290.0
1800000.0,1,3,350.0,4.0,2,4,1100.0
1850000.0,1,3,350.0,4.0,4,2,1100.0
2349000.0,1,3,360.0,4.0,0,0,0.0
2350000.0,1,3,360.0,5.0,0,5,1100.0
2200000.0,1,3,594.0,4.0,4,0,0.0
2350000.0,1,3,360.0,5.0,5,5,1100.0
1800000.0,1,3,350.0,4.0,2,4,1100.0
1880000.0,1,3,340.0,4.0,4,2,0.0
2050000.0,1,3,335.0,4.0,4,2,0.0
2990000.0,1,3,600.0,4.0,2,10,950.0
4950000.0,1,3,350.0,4.0,4,4,0.0
4950000.0,1,3,350.0,4.0,4,4,0.0
1290000.0,1,3,264.0,4.0,3,2,300.0
1150000.0,1,3,305.0,4.0,3,2,0.0
2300000.0,1,3,400.0,6.0,5,4,1100.0
1900000.0,1,3,300.0,4.0,4,2,1200.0
2190000.0,1,3,290.0,4.0,3,4,530.0
1970000.0,1,3,400.0,4.0,4,4,1000.0
2900000.0,1,3,534.0,5.0,3,5,0.0
2900000.0,1,3,534.0,4.0,4,4,0.0
3000000.0,1,3,550.0,5.0,5,4,0.0
2900000.0,1,3,508.0,5.0,4,5,0.0
2700000.0,1,3,535.0,4.0,4,2,1150.0
2000000.0,1,3,346.0,4.0,4,2,1100.0
2200000.0,1,3,500.0,4.0,4,2,1290.0
2650000.0,1,3,535.0,4.0,4,2,1150.0
2650000.0,1,3,535.0,5.0,5,3,0.0
2150000.0,1,3,866.0,4.0,4,2,1100.0
2400000.0,1,3,400.0,4.0,4,2,935.0
2750000.0,1,3,600.0,4.0,2,6,0.0
1595000.0,1,3,362.0,4.0,3,2,0.0
3290000.0,1,3,424.0,5.0,5,2,0.0
2790000.0,1,3,500.0,5.0,5,6,1100.0
1860000.0,1,3,300.0,4.0,4,2,1000.0
2250000.0,1,3,400.0,4.0,4,2,570.0
2290000.0,1,3,320.0,4.0,3,4,550.0
2850000.0,1,3,376.0,4.0,3,3,0.0
1500000.0,1,3,330.0,4.0,1,3,746.0
3200000.0,1,3,600.0,7.0,3,4,1300.0
2820000.0,1,3,354.8,4.0,4,2,730.0
3300000.0,1,3,752.0,4.0,4,3,747.0
1990000.0,1,3,382.64,4.0,2,4,829.0
2300000.0,1,3,480.0,4.0,1,2,746.0
2300000.0,1,3,485.0,4.0,1,2,0.0
2050000.0,1,3,400.0,5.0,2,4,0.0
1880000.0,1,3,484.0,4.0,2,4,797.0
2100000.0,1,3,600.0,6.0,6,3,746.0
3990000.0,1,3,610.0,4.0,1,2,829.0
1650000.0,1,3,450.0,5.0,3,4,450.0
1580000.0,1,3,581.42,4.0,3,4,796.0
1890000.0,1,3,450.0,5.0,3,4,740.0
2990000.0,1,3,354.0,5.0,4,5,750.0
1890000.0,1,3,500.0,6.0,4,6,0.0
2990000.0,1,3,600.0,6.0,6,2,785.0
2200000.0,1,3,433.02,6.0,3,2,746.0
2399000.0,1,3,450.0,4.0,2,3,714.0
2100000.0,1,3,400.0,5.0,2,2,0.0
1290000.0,1,3,283.0,4.0,3,3,350.0
4000000.0,1,3,610.0,4.0,4,2,0.0
1290000.0,1,3,416.0,4.0,3,3,530.0
1950000.0,1,3,360.0,4.0,4,2,440.0
1350000.0,1,3,350.0,5.0,2,4,100.0
1350000.0,1,3,214.0,4.0,3,2,880.0
1599000.0,1,3,335.0,4.0,2,4,1000.0
2550000.0,1,3,350.0,4.0,4,0,0.0
2399000.0,1,3,310.0,4.0,4,2,0.0
2650000.0,1,3,467.7,4.0,4,3,1100.0
1849000.0,1,3,590.0,5.0,5,0,1000.0
1620000.0,1,3,354.0,4.0,2,2,880.0
1485000.0,1,3,231.0,4.0,3,2,1000.0
2200000.0,1,3,790.0,5.0,5,4,700.0
1890000.0,1,3,523.0,6.0,4,3,572.0
1100000.0,1,3,419.0,4.0,4,2,750.0
2685000.0,1,3,671.63,5.0,3,4,716.0
1990000.0,1,3,260.0,4.0,2,2,620.0
1890000.0,1,3,453.0,6.0,4,3,572.0
2850000.0,1,3,376.0,4.0,4,0,0.0
1805000.0,1,3,520.0,4.0,3,8,0.0
1790000.0,1,3,480.0,4.0,2,2,796.0
3900000.0,1,3,678.0,4.0,4,4,540.0
3300000.0,1,3,450.0,4.0,4,2,980.0
4950000.0,1,3,250.0,5.0,4,5,890.0
3300000.0,1,3,450.0,4.0,4,2,980.0
1950000.0,1,3,340.0,4.0,1,4,0.0
2800000.0,1,3,350.0,4.0,4,4,980.0
3990000.0,1,3,535.0,5.0,3,2,885.0
4500000.0,1,3,435.0,4.0,4,6,0.0
3999999.0,1,3,500.0,5.0,2,6,825.0
4450000.0,1,3,750.0,4.0,4,0,0.0
1780000.0,1,3,400.0,4.0,2,4,850.0
1720000.0,1,3,200.0,4.0,1,4,850.0
3950000.0,1,3,450.0,4.0,4,5,855.0
1780000.0,1,3,415.0,4.0,2,4,855.0
1780000.0,1,3,415.0,4.0,2,4,0.0
2990000.0,1,3,295.81,4.0,3,4,888.0
2300000.0,1,3,320.0,4.0,2,4,855.0
2500000.0,1,3,344.0,4.0,2,4,0.0
2550000.0,1,3,341.61,5.0,3,2,987.0
3045000.0,1,3,352.0,4.0,3,2,885.0
2480000.0,1,3,420.0,5.0,2,3,0.0
3500000.0,1,10,548.26,4.0,3,3,0.0
2995000.0,1,3,410.0,5.0,4,4,0.0
3190000.0,1,3,550.0,6.0,6,4,1050.0
2480000.0,1,3,420.0,5.0,2,4,885.0
2550000.0,1,3,405.0,4.0,4,4,850.0
2290000.0,1,3,442.0,5.0,3,2,0.0
3989000.0,1,3,678.0,4.0,4,3,880.0
2800000.0,1,3,300.0,4.0,4,4,850.0
2400000.0,1,3,500.0,4.0,4,10,800.0
3250000.0,1,3,510.0,4.0,4,4,0.0
3300000.0,1,3,500.0,4.0,4,4,855.0
3991000.0,1,3,533.0,6.0,4,2,885.0
3450000.0,1,3,550.0,6.0,5,2,0.0
2550000.0,1,3,515.0,5.0,1,4,885.0
3300000.0,1,3,350.0,4.0,4,4,855.0
3200000.0,1,3,335.15,4.0,4,2,950.0
2550000.0,1,3,400.0,4.0,2,6,855.0
2400000.0,1,3,400.0,4.0,4,0,850.0
1320000.0,1,3,495.52,5.0,3,2,987.0
1580000.0,1,3,600.0,4.0,4,3,0.0
3140000.0,1,3,550.0,5.0,4,6,870.0
2500000.0,1,3,573.0,6.0,5,5,0.0
1490000.0,1,3,400.0,6.0,2,5,790.0
2500000.0,1,3,573.0,6.0,5,5,800.0
3300000.0,1,3,600.0,5.0,5,4,855.0
1995000.0,1,3,400.0,6.0,4,4,2000.0
1390000.0,1,3,400.0,6.0,4,5,1000.0
1350000.0,1,3,450.0,4.0,2,2,1000.0
1489000.0,1,3,450.0,4.0,2,5,550.0
3300000.0,1,3,700.0,5.0,5,4,800.0
1200000.0,1,3,365.99,4.0,1,4,0.0
1630000.0,1,3,450.0,4.0,4,4,735.0
1670000.0,1,3,470.0,4.0,3,6,0.0
2100000.0,1,3,400.0,4.0,4,4,0.0
3500000.0,1,3,639.0,4.0,4,8,0.0
630000.0,1,3,240.0,4.0,4,4,250.0
2600000.0,1,3,700.0,4.0,2,2,0.0
1380000.0,1,3,550.0,4.0,4,8,0.0
1650000.0,1,3,575.0,5.0,2,4,0.0
3900000.0,1,3,680.0,4.0,4,2,850.0
1350000.0,1,3,450.0,4.0,1,2,790.0
3400000.0,1,3,420.0,4.0,4,5,0.0
3390000.0,1,3,550.0,4.0,4,2,680.0
3390000.0,1,3,550.0,4.0,4,3,600.0
2500000.0,1,3,344.0,4.0,2,4,640.0
2800000.0,1,3,300.0,4.0,4,5,691.0
3500000.0,1,3,450.0,5.0,5,4,768.0
2650000.0,1,3,557.0,4.0,4,10,788.0
3500000.0,1,3,500.0,6.0,6,3,0.0
2500000.0,1,3,600.0,4.0,4,8,0.0
3580000.0,1,3,410.0,4.0,4,4,0.0
3200000.0,1,3,800.0,6.0,0,0,0.0
3300000.0,1,3,450.0,4.0,4,2,788.0
1450000.0,1,3,480.0,4.0,4,2,380.0
2500000.0,1,3,834.0,5.0,2,12,607.0
1270000.0,1,3,560.0,4.0,1,4,900.0
1899000.0,1,3,740.0,4.0,1,3,680.0
1490000.0,1,3,630.0,5.0,2,6,790.0
1500000.0,1,3,600.0,6.0,5,2,0.0
1260000.0,1,3,380.0,4.0,1,3,580.0
1495000.0,1,3,515.0,4.0,1,4,800.0
5000000.0,1,6,375.0,4.0,2,3,0.0
4800000.0,1,6,750.0,5.0,5,2,0.0
2600000.0,1,6,560.0,5.0,3,4,666.0
4200000.0,1,6,426.0,4.0,4,2,550.0
1600000.0,1,6,400.0,4.0,2,3,666.0
1990000.0,1,6,520.0,4.0,4,4,756.0
3100000.0,1,6,928.0,5.0,5,0,850.0
2650000.0,1,6,550.0,4.0,2,6,0.0
2500000.0,1,6,400.0,5.0,2,2,0.0
2500000.0,1,10,480.0,4.0,4,10,0.0
3650000.0,1,10,670.0,4.0,4,6,0.0
2489000.0,1,10,451.0,4.0,2,4,0.0
3650000.0,1,10,660.0,6.0,5,10,550.0
2000000.0,1,10,220.0,4.0,0,2,0.0
2590000.0,1,10,635.0,6.0,4,6,120.0
2390000.0,1,10,500.0,4.0,3,8,0.0
3350000.0,1,10,800.0,4.0,4,6,0.0
2900000.0,1,10,380.0,5.0,1,10,700.0
2000000.0,1,10,400.0,4.0,4,0,0.0
3150000.0,1,3,568.23,5.0,4,3,746.0
3980000.0,1,10,750.0,5.0,5,5,250.0
2630000.0,1,10,536.0,5.0,3,3,300.0
3500000.0,1,6,494.0,5.0,4,3,700.0
3200000.0,1,6,813.22,4.0,2,0,0.0
4980000.0,1,6,820.0,5.0,4,8,0.0
1450000.0,1,6,450.0,4.0,3,2,897.0
4900000.0,1,6,752.0,5.0,5,4,1500.0
4490000.0,1,6,560.0,4.0,4,4,3000.0
4490000.0,1,6,560.0,4.0,4,4,0.0
2610000.0,1,6,487.0,5.0,5,4,666.0
1980000.0,1,6,720.0,4.0,4,2,0.0
3500000.0,1,3,580.0,5.0,4,4,580.0
2049000.0,1,3,400.0,5.0,2,4,730.0
3290000.0,1,3,600.0,5.0,5,4,730.0
1340000.0,1,3,400.0,5.0,2,7,730.0
2690000.0,1,3,671.63,5.0,2,4,745.0
1790000.0,1,3,300.0,4.0,4,5,796.0
3900000.0,1,3,942.0,4.0,1,0,0.0
1900000.0,1,3,450.0,4.0,4,4,750.0
2100000.0,1,3,380.0,4.0,3,2,750.0
628000.0,1,4,88.0,4.0,1,2,380.0
1350000.0,1,5,350.0,4.0,1,4,650.0
605000.0,1,4,88.0,4.0,1,2,380.0
628000.0,1,4,88.0,4.0,1,2,380.0
640000.0,1,4,68.0,4.0,2,2,450.0
665000.0,1,4,100.0,31.0,0,0,510.0
2600000.0,1,5,600.0,6.0,6,4,600.0
1650000.0,1,5,265.0,5.0,3,4,710.0
2490000.0,1,5,497.0,5.0,4,3,710.0
2800000.0,1,3,380.0,5.0,4,6,790.0
2850000.0,1,3,370.0,4.0,4,6,750.0
2850000.0,1,3,375.0,5.0,4,6,790.0
2300000.0,1,3,480.0,4.0,1,0,0.0
1580000.0,1,3,450.0,4.0,1,2,746.0
4200000.0,1,3,850.0,5.0,4,2,0.0
2200000.0,1,6,500.0,6.0,6,3,0.0
2290000.0,1,3,400.0,4.0,4,2,790.0
3300000.0,1,3,565.65,4.0,4,2,743.0
2990000.0,1,3,700.0,4.0,4,2,746.0
1150000.0,1,3,200.0,4.0,2,3,750.0
2300000.0,1,3,485.0,4.0,1,2,746.0
2099000.0,1,3,440.0,4.0,4,4,730.0
1495000.0,1,3,516.0,5.0,2,4,747.0
1850000.0,1,3,532.0,5.0,2,4,746.0
1890000.0,1,3,500.0,5.0,3,6,746.0
2080000.0,1,3,491.0,5.0,5,4,730.0
1790000.0,1,3,81.42,4.0,3,4,796.0
1850000.0,1,3,400.0,4.0,1,2,800.0
1995000.0,1,3,280.0,4.0,1,2,730.0
3900000.0,1,3,800.0,5.0,5,5,780.0
2490000.0,1,5,450.0,5.0,4,8,710.0
3150000.0,1,3,610.0,4.0,4,8,746.0
2290000.0,1,5,400.0,4.0,4,4,710.0
3000000.0,1,6,598.09,5.0,5,4,0.0
1700000.0,1,5,350.0,4.0,4,4,500.0
1995000.0,1,5,368.0,4.0,4,22,680.0
3450000.0,1,5,386.0,4.0,2,3,115.0
4900000.0,1,6,752.0,6.0,5,4,1500.0
4900000.0,1,6,683.0,5.0,4,2,667.0
3680000.0,1,6,438.26,5.0,5,2,666.0
2670000.0,1,6,630.0,4.0,4,6,666.0
3500000.0,1,6,730.0,5.0,3,3,666.0
1795000.0,1,5,320.0,4.0,2,4,750.0
1990000.0,1,6,800.0,4.0,4,0,0.0
2090000.0,1,6,700.0,5.0,4,10,756.0
1400000.0,1,6,390.0,4.0,2,4,666.0
1990000.0,1,6,400.0,4.0,3,3,666.0
1380000.0,1,6,320.0,4.0,2,3,666.0
2780000.0,1,5,540.0,4.0,4,4,800.0
2400000.0,1,6,660.0,5.0,5,4,666.0
1700000.0,1,5,350.0,4.0,4,4,0.0
2200000.0,1,5,407.0,4.0,3,8,0.0
2780000.0,1,5,569.0,4.0,3,3,800.0
1980000.0,1,6,350.0,4.0,4,3,677.0
2395000.0,1,5,600.0,6.0,6,4,710.0
3590000.0,1,5,580.0,5.0,5,2,760.0
1650000.0,1,5,390.0,4.0,3,2,0.0
2980000.0,1,5,580.0,5.0,4,6,700.0
2480000.0,1,5,550.0,6.0,5,4,680.0
3100000.0,1,5,500.0,4.0,2,8,0.0
3100000.0,1,5,569.72,4.0,4,2,0.0
2730000.0,1,5,400.0,4.0,3,2,776.0
3295000.0,1,5,544.0,5.0,4,3,0.0
4800000.0,1,5,480.0,4.0,4,3,300.0
2500000.0,1,5,511.0,6.0,2,13,0.0
1780000.0,1,5,450.0,5.0,3,4,700.0
2690000.0,1,5,400.0,4.0,4,6,0.0
4500000.0,1,6,750.0,5.0,5,5,0.0
4600000.0,1,6,950.0,6.0,3,4,0.0
2400000.0,1,5,600.0,4.0,4,0,0.0
1590000.0,1,5,300.0,4.0,4,4,0.0
1000000.0,1,5,250.0,4.0,3,4,0.0
1600000.0,1,5,400.0,4.0,3,3,0.0
1630000.0,1,5,321.0,4.0,2,4,720.0
4500000.0,1,5,560.0,6.0,6,4,0.0
1980000.0,1,5,350.0,5.0,5,4,0.0
1800000.0,1,5,350.0,4.0,4,2,0.0
2900000.0,1,5,425.0,4.0,4,3,0.0
2280000.0,1,5,450.0,4.0,4,4,0.0
1059000.0,1,5,400.0,4.0,3,5,0.0
4600000.0,1,5,750.0,4.0,4,0,0.0
3200000.0,1,5,403.0,5.0,5,6,0.0
3500000.0,1,5,585.0,5.0,4,4,0.0
4400000.0,1,6,280.0,4.0,2,2,0.0
4250000.0,1,6,700.0,5.0,5,4,0.0
4250000.0,1,6,500.0,4.0,3,4,0.0
4500000.0,1,6,950.0,4.0,2,4,0.0
4000000.0,1,6,477.0,7.0,5,0,428.0
2060000.0,1,6,779.0,4.0,4,4,0.0
2090000.0,1,6,700.0,5.0,3,18,0.0
3000000.0,1,6,600.0,4.0,2,2,498.0
2670000.0,1,6,650.0,5.0,4,6,0.0
3560000.0,1,6,510.0,9.0,0,6,0.0
1400000.0,1,6,390.0,4.0,1,2,778.0
1850000.0,1,6,500.0,4.0,4,4,800.0
980000.0,1,6,120.0,4.0,1,1,0.0
2590000.0,1,6,590.0,5.0,3,10,0.0
3680000.0,1,6,438.26,5.0,5,2,666.0
5000000.0,1,6,480.0,4.0,4,5,0.0
4200000.0,1,6,610.0,4.0,4,7,0.0
4600000.0,1,6,600.0,4.0,4,6,0.0
4200000.0,1,6,200.0,4.0,4,6,0.0
5000000.0,1,6,500.0,4.0,4,5,0.0
4200000.0,1,6,457.0,4.0,4,2,0.0
3200000.0,1,6,300.0,4.0,2,4,600.0
3100000.0,1,6,610.0,4.0,1,2,0.0
4700000.0,1,6,628.0,5.0,5,8,0.0
1450000.0,1,5,380.0,4.0,4,4,0.0
4350000.0,1,6,480.0,7.0,6,3,0.0
3500000.0,1,6,545.0,4.0,2,2,0.0
3380000.0,1,6,430.0,4.0,2,4,0.0
3200000.0,1,6,430.0,4.0,2,2,0.0
3500000.0,1,6,545.0,4.0,2,4,0.0
4700000.0,1,6,628.0,5.0,5,8,0.0
3600000.0,1,6,500.0,4.0,4,4,0.0
4490000.0,1,6,565.3,4.0,2,4,0.0
3500000.0,1,6,545.0,4.0,2,1,0.0
3600000.0,1,6,320.0,4.0,3,2,0.0
3600000.0,1,6,628.0,4.0,3,4,0.0
3800000.0,1,6,623.0,4.0,4,6,0.0
3500000.0,1,6,545.16,4.0,2,4,0.0
3500000.0,1,6,350.0,4.0,1,2,0.0
4950000.0,1,6,650.0,4.0,2,3,0.0
3600000.0,1,6,385.0,4.0,2,4,0.0
4200000.0,1,6,650.0,5.0,3,5,0.0
4680000.0,1,6,450.0,6.0,4,2,0.0
4800000.0,1,6,450.0,6.0,4,2,0.0
4680000.0,1,6,413.0,6.0,4,2,0.0
4900000.0,1,6,485.0,5.0,3,5,0.0
4680000.0,1,6,450.0,6.0,4,2,0.0
4900000.0,1,6,485.0,5.0,3,5,0.0
4150000.0,1,6,540.0,4.0,3,0,0.0
3200000.0,1,5,406.0,5.0,3,5,0.0
2290000.0,1,5,440.0,4.0,2,6,0.0
2190000.0,1,5,509.0,5.0,5,4,0.0
4180000.0,1,5,540.0,5.0,5,4,0.0
3300000.0,1,5,492.0,5.0,5,5,0.0
4350000.0,1,5,526.0,5.0,5,5,0.0
4600000.0,1,5,600.0,5.0,3,6,0.0
2500000.0,1,5,400.0,6.0,3,5,0.0
4500000.0,1,5,650.0,5.0,3,6,0.0
4500000.0,1,5,580.0,5.0,5,6,0.0
4500000.0,1,5,570.0,5.0,3,6,0.0
3650000.0,1,5,664.0,5.0,4,7,0.0
4500000.0,1,5,592.0,5.0,3,4,0.0
4180000.0,1,5,540.0,5.0,5,4,0.0
4679564.0,1,5,563.0,4.0,4,4,0.0
2490000.0,1,5,430.0,4.0,2,6,0.0
1980000.0,1,5,392.62,4.0,1,0,0.0
2000000.0,1,5,445.0,4.0,1,4,0.0
2190000.0,1,5,471.0,4.0,2,4,0.0
3300000.0,1,5,800.0,4.0,4,2,0.0
3199000.0,1,5,645.0,6.0,2,4,0.0
3300000.0,1,5,800.0,4.0,4,2,0.0
3250000.0,1,5,817.0,4.0,3,6,0.0
2420000.0,1,5,501.0,4.0,1,4,0.0
4350000.0,1,5,620.0,5.0,5,4,0.0
3300000.0,1,5,537.0,5.0,5,8,0.0
2600000.0,1,5,546.0,4.0,4,8,0.0
2600000.0,1,5,490.0,5.0,5,0,0.0
4100000.0,1,5,729.74,5.0,5,4,0.0
3580000.0,1,5,530.0,4.0,4,4,0.0
2990000.0,1,5,552.0,4.0,4,4,0.0
2990000.0,1,5,552.0,4.0,4,4,0.0
3500000.0,1,5,600.0,5.0,4,2,0.0
3100000.0,1,5,568.0,6.0,5,4,0.0
3500000.0,1,5,500.0,5.0,5,4,1.0
3000000.0,1,5,557.3,6.0,2,0,0.0
3500000.0,1,5,600.0,5.0,0,5,0.0
3400000.0,1,5,847.0,4.0,2,2,0.0
4500000.0,1,5,500.0,4.0,3,2,0.0
2600000.0,1,5,450.0,4.0,4,2,0.0
2599000.0,1,5,450.0,4.0,4,6,0.0
2600000.0,1,5,490.0,5.0,5,6,0.0
3350000.0,1,5,520.0,5.0,5,3,0.0
3300000.0,1,5,650.0,5.0,5,0,0.0
3300000.0,1,5,500.0,5.0,5,2,0.0
2290000.0,1,5,395.0,4.0,2,6,0.0
3900000.0,1,5,400.0,4.0,4,8,0.0
2299000.0,1,5,540.0,5.0,0,4,0.0
2900000.0,1,5,440.0,4.0,3,4,0.0
5000000.0,1,5,740.0,5.0,5,4,0.0
4500000.0,1,5,750.0,6.0,5,10,0.0
2400000.0,1,5,450.0,4.0,1,6,0.0
2400000.0,1,5,400.0,4.0,1,6,0.0
2400000.0,1,5,450.0,4.0,1,2,0.0
4100000.0,1,5,869.0,5.0,5,2,0.0
3000000.0,1,5,700.0,8.0,6,3,0.0
4200000.0,1,5,350.0,4.0,4,4,0.0
2400000.0,1,5,450.0,4.0,1,2,0.0
2400000.0,1,5,400.0,4.0,1,5,0.0
2400000.0,1,5,450.0,4.0,1,6,0.0
2400000.0,1,5,776.0,4.0,1,0,0.0
2400000.0,1,5,457.0,4.0,1,6,0.0
2300000.0,1,5,500.0,5.0,2,8,0.0
4100000.0,1,5,320.0,5.0,5,4,0.0
2590000.0,1,5,406.0,4.0,2,5,0.0
2650000.0,1,5,560.0,4.0,2,5,0.0
3100000.0,1,6,650.0,4.0,1,2,0.0
2300000.0,1,5,482.0,6.0,2,4,0.0
3900000.0,1,5,400.0,4.0,4,5,0.0
3300000.0,1,5,530.0,5.0,5,4,0.0
3200000.0,1,5,500.0,4.0,4,7,0.0
2370000.0,1,5,421.0,6.0,3,4,0.0
3250000.0,1,5,817.0,4.0,2,6,0.0
3900000.0,1,5,776.0,4.0,4,0,0.0
3100000.0,1,5,500.0,4.0,2,2,0.0
4100000.0,1,5,357.0,6.0,5,2,0.0
2250000.0,1,5,525.0,5.0,3,6,0.0
2290000.0,1,5,395.0,4.0,2,4,0.0
2325000.0,1,5,525.0,5.0,3,5,0.0
2290000.0,1,5,396.0,4.0,2,6,0.0
2200000.0,1,5,396.0,4.0,2,8,0.0
2190000.0,1,5,396.0,4.0,2,8,0.0
3800000.0,1,5,450.0,4.0,4,4,0.0
2690000.0,1,5,412.0,5.0,3,4,0.0
2450000.0,1,5,500.0,6.0,3,6,0.0
2380000.0,1,5,285.05,4.0,2,0,0.0
3200000.0,1,5,487.0,4.0,4,0,0.0
3200000.0,1,5,557.0,4.0,4,2,0.0
3200000.0,1,5,557.0,4.0,4,2,0.0
4300000.0,1,5,729.0,4.0,3,4,0.0
4300000.0,1,5,729.0,4.0,3,4,0.0
3200000.0,1,5,540.0,4.0,4,7,0.0
4690000.0,1,5,664.98,4.0,4,4,0.0
3800000.0,1,5,484.0,5.0,5,7,0.0
3590000.0,1,5,470.0,4.0,4,4,0.0
3800000.0,1,5,560.0,5.0,5,4,0.0
3800000.0,1,5,484.0,7.0,5,4,0.0
4690000.0,1,5,664.98,4.0,4,4,0.0
3800000.0,1,5,470.0,4.0,4,9,0.0
4690000.0,1,5,670.0,4.0,4,4,0.0
3600000.0,1,5,471.0,4.0,4,4,0.0
3600000.0,1,5,470.0,4.0,4,10,0.0
3800000.0,1,5,420.0,4.0,2,2,0.0
3800000.0,1,5,470.0,4.0,4,2,0.0
3900000.0,1,5,400.0,4.0,4,7,0.0
2430000.0,1,5,306.0,5.0,1,4,0.0
3900000.0,1,5,400.0,4.0,4,6,0.0
2790000.0,1,5,470.0,5.0,3,4,0.0
3900000.0,1,5,400.0,4.0,4,5,0.0
3500000.0,1,5,414.21,5.0,3,5,0.0
3900000.0,1,5,400.0,4.0,4,5,0.0
3900000.0,1,5,400.0,4.0,4,4,0.0
5000000.0,1,5,740.0,5.0,4,4,0.0
4450000.0,1,5,557.0,5.0,5,7,0.0
3800000.0,1,5,484.0,7.0,5,4,0.0
3950000.0,1,5,733.0,5.0,2,6,0.0
1899900.0,1,5,390.0,6.0,6,4,150.0
2690000.0,1,5,421.0,4.0,4,4,0.0
1130000.0,1,5,288.0,18.0,0,8,100.0
2150000.0,1,5,386.0,5.0,2,4,100.0
1590000.0,1,5,350.0,4.0,4,4,0.0
2890000.0,1,5,900.0,10.0,8,15,0.0
2800000.0,1,5,363.0,7.0,2,4,0.0
1380000.0,1,5,487.0,4.0,3,6,0.0
4500000.0,1,5,700.0,6.0,4,5,0.0
3780000.0,1,5,520.78,4.0,4,4,0.0
3980000.0,1,5,418.0,4.0,4,4,0.0
3600000.0,1,5,259.0,6.0,0,4,0.0
3780000.0,1,5,563.0,6.0,4,0,0.0
3700000.0,1,5,563.0,4.0,4,4,0.0
4450000.0,1,5,557.0,5.0,5,5,0.0
2300000.0,1,5,466.0,5.0,2,6,0.0
3300000.0,1,5,351.56,5.0,3,7,0.0
4800000.0,1,5,729.0,4.0,4,12,0.0
2090000.0,1,5,400.0,5.0,2,2,0.0
5000000.0,1,5,848.0,8.0,7,6,0.0
4800000.0,1,5,450.0,5.0,5,4,0.0
5000000.0,1,5,618.0,4.0,4,2,0.0
3300000.0,1,5,532.0,5.0,3,5,0.0
3850000.0,1,5,680.0,5.0,4,5,0.0
4300000.0,1,5,544.51,5.0,4,8,0.0
2390000.0,1,5,468.0,4.0,2,6,0.0
4950000.0,1,5,550.0,4.0,3,10,0.0
2900000.0,1,5,496.0,4.0,4,6,0.0
2700000.0,1,5,415.0,6.0,3,2,0.0
2480000.0,1,5,533.0,4.0,3,4,0.0
2500000.0,1,5,247.39,4.0,3,4,0.0
2590000.0,1,5,619.0,6.0,3,4,0.0
2700000.0,1,5,619.0,6.0,3,4,0.0
2650000.0,1,5,400.0,4.0,3,2,0.0
2650000.0,1,5,400.0,4.0,3,3,0.0
3950000.0,1,5,703.0,5.0,5,2,0.0
3300000.0,1,5,355.56,5.0,3,6,0.0
2300000.0,1,5,500.0,5.0,2,6,0.0
4300000.0,1,5,504.0,5.0,5,4,0.0
3250000.0,1,5,565.0,4.0,2,3,0.0
4800000.0,1,5,776.6,4.0,4,0,0.0
4450000.0,1,5,557.0,5.0,5,7,0.0
3200000.0,1,5,500.0,4.0,2,4,0.0
2450000.0,1,5,386.0,4.0,4,4,0.0
3500000.0,1,5,505.0,4.0,4,3,0.0
3600000.0,1,5,434.0,9.0,2,9,0.0
2390000.0,1,5,364.0,4.0,1,6,0.0
2900000.0,1,5,500.0,5.0,2,6,0.0
3100000.0,1,5,400.0,5.0,4,4,0.0
4500000.0,1,5,504.0,5.0,5,4,0.0
4300000.0,1,5,504.0,6.0,6,4,0.0
4300000.0,1,5,504.0,5.0,5,4,0.0
3800000.0,1,6,432.0,4.0,3,0,0.0
2990000.0,1,6,480.0,4.0,2,4,0.0
3400000.0,1,6,520.0,5.0,3,4,0.0
3400000.0,1,6,520.0,5.0,3,4,0.0
3400000.0,1,6,520.0,5.0,3,3,0.0
4800000.0,1,6,600.0,5.0,5,10,0.0
3800000.0,1,6,600.0,4.0,4,4,0.0
3650000.0,1,6,400.0,4.0,3,3,0.0
2680000.0,1,6,670.0,4.0,2,8,0.0
4350000.0,1,6,600.0,4.0,4,3,0.0
4580000.0,1,6,725.9,4.0,4,4,0.0
4500000.0,1,6,350.0,4.0,3,4,0.0
4500000.0,1,6,400.0,4.0,1,3,0.0
2500000.0,1,6,380.0,5.0,1,2,0.0
2290000.0,1,6,250.0,4.0,1,0,0.0
2700000.0,1,6,664.0,4.0,2,8,0.0
2990000.0,1,6,638.0,5.0,5,6,0.0
4390000.0,1,6,500.0,4.0,0,4,0.0
4390000.0,1,6,505.0,4.0,4,4,0.0
2990000.0,1,6,400.0,5.0,4,4,0.0
2990000.0,1,6,420.0,5.0,5,1,0.0
2990000.0,1,6,420.0,5.0,5,1,0.0
2690000.0,1,6,374.0,4.0,2,0,0.0
4290000.0,1,6,420.0,4.0,4,2,0.0
3290000.0,1,6,550.0,4.0,2,4,0.0
3200000.0,1,6,650.0,6.0,6,4,0.0
2380000.0,1,6,712.0,4.0,2,5,0.0
2990000.0,1,6,638.0,5.0,3,0,0.0
2990000.0,1,6,640.0,5.0,5,4,0.0
3150000.0,1,6,350.0,4.0,2,2,0.0
3150000.0,1,6,350.0,4.0,2,0,0.0
2950000.0,1,6,593.0,4.0,2,4,0.0
2860000.0,1,6,800.0,4.0,2,4,0.0
2150000.0,1,6,380.0,4.0,1,4,0.0
2990000.0,1,6,480.0,4.0,2,2,0.0
2250000.0,1,6,263.0,4.0,4,2,0.0
2450000.0,1,6,237.47,4.0,2,6,0.0
4500000.0,1,6,500.0,4.0,2,0,0.0
4050000.0,1,6,568.0,5.0,2,6,0.0
3700000.0,1,6,550.0,4.0,1,2,0.0
3700000.0,1,6,550.0,4.0,1,2,0.0
2990000.0,1,6,638.0,5.0,3,6,0.0
3200000.0,1,6,650.0,6.0,6,4,0.0
3950000.0,1,6,500.0,5.0,3,6,0.0
4390000.0,1,6,500.0,4.0,4,4,0.0
3200000.0,1,6,640.0,5.0,5,4,0.0
2990000.0,1,6,640.0,5.0,5,4,0.0
2490000.0,1,6,350.0,5.0,3,4,0.0
2380000.0,1,6,712.0,5.0,2,5,0.0
3150000.0,1,6,700.0,6.0,1,6,0.0
3850000.0,1,6,586.0,5.0,0,0,0.0
2700000.0,1,6,450.0,5.0,5,6,0.0
3150000.0,1,6,375.0,4.0,1,4,0.0
3299000.0,1,6,809.49,4.0,3,0,0.0
2340000.0,1,6,718.0,5.0,3,5,0.0
2700000.0,1,6,457.0,5.0,5,6,0.0
4500000.0,1,6,370.0,4.0,4,0,0.0
2500000.0,1,6,376.0,4.0,2,6,0.0
2150000.0,1,6,250.0,4.0,1,0,0.0
3000000.0,1,6,360.0,4.0,4,4,0.0
2300000.0,1,6,467.0,4.0,2,4,0.0
2600000.0,1,6,393.0,4.0,2,2,0.0
2988000.0,1,6,580.95,5.0,3,4,0.0
2950000.0,1,6,664.34,4.0,2,4,0.0
4800000.0,1,6,911.69,4.0,4,5,0.0
2700000.0,1,6,200.0,4.0,2,8,0.0
2690000.0,1,6,367.0,5.0,2,4,0.0
4400000.0,1,6,750.0,6.0,3,6,0.0
2350000.0,1,5,566.0,4.0,4,10,0.0
4300000.0,1,6,490.0,5.0,5,5,0.0
3960000.0,1,6,454.0,5.0,4,2,0.0
3960000.0,1,6,454.0,5.0,4,2,0.0
3960000.0,1,6,454.0,4.0,3,2,0.0
4200000.0,1,6,400.0,4.0,2,6,0.0
4300000.0,1,6,831.67,6.0,4,5,0.0
4800000.0,1,6,500.0,5.0,4,3,0.0
4650000.0,1,6,550.0,4.0,4,4,0.0
4600000.0,1,6,800.0,4.0,4,4,0.0
2990000.0,1,6,770.0,4.0,4,2,0.0
3590000.0,1,6,600.0,5.0,4,6,0.0
3000000.0,1,6,360.0,4.0,3,4,0.0
4250000.0,1,6,588.0,4.0,3,2,0.0
4250000.0,1,6,588.0,4.0,3,2,0.0
3290000.0,1,6,400.0,4.0,3,4,0.0
4380000.0,1,6,584.0,4.0,4,5,0.0
4800000.0,1,6,429.0,4.0,3,4,0.0
4300000.0,1,6,429.0,5.0,3,5,0.0
4400000.0,1,6,429.0,5.0,3,5,0.0
4700000.0,1,6,429.0,5.0,3,4,0.0
4100000.0,1,6,600.0,4.0,3,2,0.0
4300000.0,1,6,832.0,6.0,4,4,0.0
4400000.0,1,6,429.0,5.0,3,5,0.0
2700000.0,1,6,380.0,4.0,3,4,0.0
4600000.0,1,6,500.0,5.0,3,3,0.0
4400000.0,1,6,380.0,4.0,2,4,0.0
3600000.0,1,6,490.0,4.0,4,3,0.0
2950000.0,1,6,693.0,5.0,5,6,0.0
3690000.0,1,6,425.0,5.0,5,4,0.0
3690000.0,1,6,497.42,5.0,3,0,0.0
4300000.0,1,6,412.0,4.0,4,2,0.0
3300000.0,1,6,297.0,5.0,2,4,0.0
3690000.0,1,6,424.0,5.0,3,0,0.0
3800000.0,1,6,550.0,5.0,3,2,0.0
4300000.0,1,6,698.0,6.0,6,3,0.0
3500000.0,1,6,545.16,4.0,2,4,0.0
4300000.0,1,6,350.0,4.0,4,4,0.0
3500000.0,1,6,350.0,4.0,1,2,0.0
3100000.0,1,6,610.0,4.0,1,2,0.0
3100000.0,1,6,600.0,4.0,1,2,0.0
4950000.0,1,6,700.0,4.0,2,8,0.0
4650000.0,1,6,550.0,4.0,4,6,0.0
3200000.0,1,6,320.0,4.0,2,3,0.0
4650000.0,1,6,523.0,5.0,4,0,0.0
3300000.0,1,6,400.0,4.0,2,2,0.0
4300000.0,1,6,832.0,6.0,4,5,0.0
2190000.0,1,6,371.0,5.0,3,5,0.0
2340000.0,1,6,400.0,5.0,3,4,0.0
3820000.0,1,6,720.0,4.0,2,4,0.0
3290000.0,1,6,650.0,5.0,5,4,0.0
3450000.0,1,6,648.0,6.0,2,6,0.0
3200000.0,1,6,550.0,4.0,2,6,0.0
4300000.0,1,6,600.0,4.0,2,10,0.0
2290000.0,1,6,450.0,4.0,3,4,0.0
2650000.0,1,6,354.0,5.0,4,4,0.0
3300000.0,1,6,720.0,8.0,2,4,0.0
3290000.0,1,6,480.0,4.0,3,2,0.0
3290000.0,1,6,600.0,5.0,5,7,0.0
3290000.0,1,6,600.0,4.0,4,5,0.0
4100000.0,1,6,730.0,4.0,1,4,0.0
4900000.0,1,6,550.0,4.0,4,6,0.0
2650000.0,1,6,550.0,4.0,2,6,0.0
2650000.0,1,6,349.0,4.0,4,0,0.0
4200000.0,1,6,750.0,5.0,2,4,0.0
3390000.0,1,6,380.0,4.0,3,4,0.0
2850000.0,1,6,381.06,4.0,2,2,0.0
5000000.0,1,6,550.0,4.0,4,5,0.0
4200000.0,1,6,460.0,4.0,4,3,0.0
2390000.0,1,6,466.0,5.0,2,4,0.0
2790000.0,1,6,500.0,4.0,2,4,0.0
3500000.0,1,6,794.0,4.0,2,4,0.0
2980000.0,1,6,770.0,4.0,4,2,0.0
3000000.0,1,6,360.0,4.0,4,4,0.0
3000000.0,1,6,356.0,4.0,4,2,0.0
3490000.0,1,6,600.0,5.0,5,4,0.0
4500000.0,1,6,624.0,5.0,5,10,0.0
2900000.0,1,6,700.0,4.0,4,4,0.0
2250000.0,1,6,263.0,4.0,4,4,350.0
3700000.0,1,6,550.0,4.0,4,3,0.0
3490000.0,1,6,560.0,5.0,5,4,0.0
2990000.0,1,6,509.0,5.0,4,2,0.0
4600000.0,1,6,600.0,5.0,0,6,0.0
4597000.0,1,6,780.0,5.0,5,5,0.0
3700000.0,1,6,550.0,4.0,4,3,250.0
4500000.0,1,6,623.0,5.0,5,4,0.0
2650000.0,1,6,300.0,5.0,2,10,0.0
3750000.0,1,6,520.0,5.0,5,4,0.0
3289000.0,1,6,650.0,5.0,5,4,0.0
4800000.0,1,6,567.0,4.0,2,0,0.0
2890000.0,1,6,398.0,4.0,0,4,0.0
4600000.0,1,6,400.0,5.0,3,4,0.0
4300000.0,1,6,530.0,5.0,3,3,0.0
4700000.0,1,6,429.0,5.0,0,0,0.0
4300000.0,1,6,550.0,5.0,3,4,0.0
4800000.0,1,6,500.0,5.0,3,4,0.0
4720000.0,1,6,450.0,5.0,3,4,0.0
2800000.0,1,6,362.0,4.0,2,4,0.0
3290000.0,1,6,600.0,5.0,5,5,0.0
4900000.0,1,6,800.0,6.0,4,5,320.0
3690000.0,1,6,470.0,4.0,3,4,0.0
3500000.0,1,5,800.0,4.0,4,4,0.0
3295000.0,1,5,400.0,5.0,4,4,0.0
1700000.0,1,1,350.0,8.0,3,2,0.0
1950000.0,1,1,300.0,5.0,3,3,0.0
1950000.0,1,1,361.0,5.0,2,2,0.0
1650000.0,1,1,260.0,5.0,4,0,0.0
1490000.0,1,1,190.0,4.0,2,2,0.0
1900000.0,1,1,361.0,4.0,3,3,0.0
1550000.0,1,1,300.0,5.0,2,1,0.0
1590000.0,1,1,330.0,5.0,3,3,0.0
1584000.0,1,1,334.0,8.0,3,4,0.0
2400000.0,1,1,450.0,6.0,5,3,0.0
2500000.0,1,1,196.0,4.0,2,0,0.0
2500000.0,1,1,196.0,4.0,2,0,0.0
2100000.0,1,1,372.0,5.0,1,2,0.0
2500000.0,1,3,800.0,6.0,6,3,0.0
2100000.0,1,1,372.0,5.0,1,2,0.0
2320000.0,1,1,327.0,5.0,4,3,0.0
1300000.0,1,1,120.0,4.0,0,0,0.0
1430000.0,1,1,280.0,4.0,1,2,0.0
1280000.0,1,1,160.0,4.0,1,2,0.0
930000.0,1,1,150.0,4.0,2,0,0.0
2400000.0,1,1,240.0,6.0,3,0,0.0
2750000.0,1,1,480.0,5.0,5,0,0.0
2000000.0,1,1,454.0,4.0,4,2,0.0
3290000.0,1,1,512.0,5.0,5,10,0.0
1760000.0,1,1,296.0,5.0,2,0,0.0
580000.0,1,2,250.0,6.0,2,2,0.0
1800000.0,1,2,600.0,5.0,2,5,0.0
1400000.0,1,3,600.0,4.0,1,0,750.0
1320000.0,1,3,370.0,4.0,4,4,0.0
1450000.0,1,3,408.0,4.0,4,4,0.0
990000.0,1,3,250.0,4.0,1,4,0.0
699000.0,1,3,250.0,4.0,1,0,0.0
699000.0,1,3,250.0,4.0,1,0,0.0
750000.0,1,3,250.0,4.0,1,3,100.0
2850000.0,1,3,400.0,4.0,4,4,600.0
1290000.0,1,3,230.0,4.0,2,2,419.0
1990000.0,1,3,850.0,5.0,2,13,500.0
1590000.0,1,3,640.0,4.0,3,2,650.0
1790000.0,1,3,291.0,4.0,4,2,1122.0
1050000.0,1,3,260.0,4.0,2,2,850.0
1750000.0,1,3,400.0,4.0,3,2,0.0
1750000.0,1,3,300.0,4.0,3,2,620.0
865000.0,1,2,371.0,8.0,0,0,0.0
585000.0,1,2,225.0,5.0,0,5,0.0
1500000.0,1,2,200.0,4.0,2,4,0.0
620000.0,1,2,280.0,5.0,2,0,0.0
1500000.0,1,2,453.52,6.0,0,4,0.0
650000.0,1,2,150.0,4.0,0,2,0.0
2000000.0,1,1,453.0,5.0,5,2,0.0
2750000.0,1,1,330.0,4.0,2,5,0.0
2800000.0,1,1,170.0,4.0,4,6,0.0
1950000.0,1,1,270.0,5.0,2,2,0.0
1799995.0,1,1,480.0,6.0,2,1,0.0
1900000.0,1,1,404.0,9.0,2,2,0.0
1980000.0,1,1,301.0,4.0,1,2,0.0
1350000.0,1,1,186.0,4.0,1,2,0.0
1550000.0,1,1,200.0,4.0,2,2,0.0
1700000.0,1,1,256.0,4.0,2,2,0.0
1980000.0,1,1,301.0,4.0,1,2,0.0
2150000.0,1,1,440.0,6.0,2,3,0.0
2500000.0,1,1,440.0,6.0,2,3,0.0
1650000.0,1,1,300.0,4.0,1,0,0.0
1800000.0,1,1,291.0,4.0,2,2,0.0
1980000.0,1,1,300.0,4.0,1,1,0.0
1250000.0,1,1,180.0,4.0,1,2,0.0
1300000.0,1,1,173.0,4.0,1,1,0.0
1290000.0,1,1,260.0,5.0,1,2,0.0
1800000.0,1,1,360.0,4.0,2,1,0.0
1700000.0,1,1,339.0,4.0,2,2,0.0
1590000.0,1,1,320.0,5.0,1,2,0.0
2750000.0,1,1,280.0,5.0,1,5,0.0
1700000.0,1,1,400.0,4.0,4,4,1000.0
2300000.0,1,0,307.0,4.0,4,5,0.0
2300000.0,1,0,307.0,4.0,4,4,0.0
2150000.0,1,0,350.0,4.0,2,4,0.0
1390000.0,1,1,350.0,4.0,1,1,0.0
1950000.0,1,1,580.0,5.0,5,2,0.0
2800000.0,1,1,520.0,4.0,4,6,0.0
2480000.0,1,1,520.0,4.0,2,3,0.0
2800000.0,1,1,520.0,4.0,4,6,0.0
2800000.0,1,1,520.0,4.0,4,6,0.0
1400000.0,1,1,260.0,6.0,2,1,0.0
2800000.0,1,1,520.0,4.0,4,6,0.0
2750000.0,1,1,330.0,4.0,2,4,0.0
1150000.0,1,1,187.0,4.0,1,0,0.0
1598000.0,1,1,273.0,4.0,2,4,0.0
1600000.0,1,1,265.0,4.0,2,1,0.0
1600000.0,1,1,265.0,4.0,2,2,0.0
1500000.0,1,1,119.0,5.0,2,1,0.0
1230000.0,1,1,200.0,4.0,3,4,0.0
1450000.0,1,1,330.0,5.0,3,1,0.0
1600000.0,1,1,265.0,4.0,2,1,0.0
1000000.0,1,1,256.0,4.0,2,2,0.0
1700000.0,1,1,250.0,4.0,2,3,0.0
1500000.0,1,1,240.0,5.0,2,1,0.0
1500000.0,1,1,240.0,4.0,2,2,0.0
1700000.0,1,1,240.0,5.0,2,0,0.0
1980000.0,1,1,310.0,5.0,4,2,0.0
1980000.0,1,1,310.0,4.0,4,2,0.0
2380000.0,1,1,370.0,4.0,2,2,0.0
2650000.0,1,1,525.0,7.0,2,2,0.0
1500000.0,1,1,256.0,4.0,3,2,0.0
1499000.0,1,3,485.0,4.0,4,0,750.0
1500000.0,1,3,200.0,4.0,3,3,1200.0
2500000.0,1,3,680.0,4.0,4,4,0.0
1199900.0,1,3,350.0,4.0,1,2,580.0
2150000.0,1,3,310.46,4.0,4,3,0.0
1430000.0,1,3,300.0,4.0,4,2,0.0
1650000.0,1,3,200.0,4.0,4,2,0.0
2800000.0,1,3,348.0,4.0,3,0,0.0
2300000.0,1,3,300.0,4.0,3,0,0.0
1050000.0,1,3,417.0,5.0,3,2,700.0
1550000.0,1,3,544.0,4.0,1,4,0.0
2499000.0,1,3,420.0,4.0,4,4,1200.0
1250000.0,1,3,323.0,4.0,1,4,900.0
2800000.0,1,3,750.0,4.0,3,4,950.0
1690000.0,1,3,416.0,4.0,4,4,0.0
1950000.0,1,3,254.39,4.0,2,3,855.0
1550000.0,1,3,572.0,4.0,2,0,0.0
1900000.0,1,3,350.0,5.0,4,4,681.0
1899999.99,1,3,350.0,4.0,4,4,771.0
1899999.0,1,3,350.0,4.0,4,2,300.0
2600000.0,1,3,300.0,4.0,2,2,0.0
2600000.0,1,3,320.0,4.0,2,4,0.0
1980000.0,1,3,404.0,5.0,3,4,670.0
1680000.0,1,3,328.0,4.0,3,3,670.0
1680000.0,1,3,328.76,4.0,0,2,0.0
1980000.0,1,3,395.27,4.0,0,3,0.0
1550000.0,1,3,434.0,4.0,2,2,0.0
1220000.0,1,3,230.0,4.0,1,2,670.0
1550000.0,1,3,434.57,4.0,2,2,720.0
1200000.0,1,3,230.0,4.0,1,2,450.0
1350000.0,1,3,230.0,4.0,2,2,0.0
2390000.0,1,3,527.0,4.0,4,4,0.0
2390000.0,1,3,440.0,4.0,4,6,0.0
1620000.0,1,3,360.0,4.0,4,4,795.0
2000000.0,1,3,700.0,7.0,5,2,0.0
1850000.0,1,3,450.0,5.0,5,6,0.0
1580000.0,1,3,519.0,5.0,4,4,599.0
1550000.0,1,3,349.0,4.0,4,3,590.0
2000000.0,1,3,550.0,6.0,3,5,670.0
1920000.0,1,3,515.0,5.0,4,2,1.0
2349000.0,1,3,422.0,4.0,2,5,750.0
1989000.0,1,3,350.0,4.0,0,2,450.0
1199000.0,1,3,515.0,5.0,3,0,720.0
1820000.0,1,3,407.0,4.0,3,4,0.0
1990000.0,1,3,350.0,4.0,4,2,0.0
1825000.0,1,3,260.0,4.0,2,2,450.0
1700000.0,1,3,502.0,4.0,3,6,450.0
2000000.0,1,3,555.0,7.0,3,4,669.0
1440000.0,1,3,398.0,5.0,5,0,654.0
1490000.0,1,3,280.0,4.0,4,2,450.0
980000.0,1,3,300.0,4.0,4,2,0.0
1246000.0,1,3,300.0,5.0,1,2,416.0
1600000.0,1,3,586.0,4.0,4,0,545.0
1467000.0,1,3,247.0,4.0,1,0,844.0
1400000.0,1,3,400.0,5.0,3,3,1200.0
2250000.0,1,3,450.0,4.0,0,3,650.0
1730000.0,1,3,605.0,5.0,5,2,700.0
2500000.0,1,3,700.0,7.0,6,8,1600.0
1800000.0,1,3,580.0,5.0,5,4,0.0
1500000.0,1,3,350.0,4.0,2,0,0.0
2600000.0,1,3,533.0,4.0,1,3,839.0
2100000.0,1,3,800.0,8.0,6,2,0.0
1795000.0,1,3,410.0,4.0,3,4,897.0
1520000.0,1,3,496.0,4.0,1,6,960.0
740000.0,1,3,250.0,4.0,1,3,740.0
740000.0,1,3,250.0,4.0,2,0,0.0
810000.0,1,3,193.0,4.0,3,4,735.0
999000.0,1,3,340.0,4.0,1,2,0.0
1490000.0,1,3,322.0,4.0,3,0,0.0
1700000.0,1,3,416.0,4.0,4,4,0.0
999000.0,1,3,340.1,4.0,4,4,0.0
999000.0,1,3,340.0,4.0,4,4,0.0
1700000.0,1,3,416.0,4.0,4,4,0.0
1650000.0,1,3,322.0,4.0,3,2,0.0
870000.0,1,3,167.0,4.0,1,3,0.0
870000.0,1,3,167.0,4.0,1,3,0.0
2090000.0,1,3,720.0,4.0,1,4,0.0
1800000.0,1,3,600.0,6.0,6,2,0.0
1680000.0,1,3,329.0,4.0,3,3,671.0
1750000.0,1,3,566.0,4.0,4,5,0.0
1980000.0,1,3,395.0,5.0,3,3,671.0
1400000.0,1,3,387.0,5.0,3,3,1587.0
2880000.0,1,3,376.0,4.0,4,0,0.0
1990000.0,1,3,900.0,6.0,6,0,0.0
1590000.0,1,3,250.0,4.0,2,2,0.0
1870000.0,1,3,250.0,4.0,4,4,400.0
1870000.0,1,3,250.0,4.0,4,4,300.0
1380000.0,1,3,400.0,4.0,3,2,1200.0
1870000.0,1,3,250.0,4.0,4,4,300.0
1870000.0,1,3,250.0,4.0,4,4,400.0
1900000.0,1,3,309.0,4.0,3,2,0.0
1350000.0,1,3,240.0,4.0,2,4,550.0
1850000.0,1,3,346.0,4.0,1,3,0.0
1750000.0,1,3,315.0,5.0,3,2,513.0
1613000.0,1,3,350.0,4.0,4,5,0.0
2297000.0,1,3,800.0,5.0,5,4,400.0
2590000.0,1,3,400.0,4.0,4,2,550.0
2590000.0,1,3,450.0,4.0,4,4,0.0
1900000.0,1,3,340.0,4.0,4,0,0.0
1300000.0,1,3,280.0,4.0,3,2,495.0
1700000.0,1,3,290.0,4.0,1,3,500.0
2675000.0,1,3,565.0,6.0,6,6,1060.0
1490000.0,1,3,450.0,4.0,2,5,0.0
1950000.0,1,0,263.25,4.0,2,4,0.0
1890000.0,1,0,320.0,4.0,4,4,0.0
1690000.0,1,0,230.0,4.0,1,4,0.0
1080000.0,1,5,491.0,3.0,1,4,0.0
2000000.0,1,5,400.0,3.0,3,2,0.0
950000.0,1,5,400.0,3.0,3,4,500.0
1370000.0,1,5,370.0,3.0,1,2,720.0
1280000.0,1,5,200.0,3.0,1,1,300.0
1600000.0,1,5,570.0,3.0,3,4,0.0
2950000.0,1,5,400.0,3.0,1,5,0.0
2000000.0,1,5,270.0,3.0,1,2,0.0
1100000.0,1,5,150.0,3.0,1,0,0.0
1540000.0,1,0,240.0,4.0,1,4,0.0
380000.0,1,5,150.0,3.0,1,2,0.0
3550000.0,1,5,483.0,3.0,1,2,0.0
380000.0,1,5,120.0,3.0,2,6,0.0
750000.0,1,5,200.0,3.0,1,6,0.0
500000.0,1,5,100.0,3.0,1,0,0.0
3999000.0,1,5,360.0,3.0,3,0,0.0
850000.0,1,5,250.0,3.0,2,4,0.0
2300000.0,1,5,880.0,3.0,1,0,0.0
1880000.0,1,5,228.0,3.0,3,2,0.0
2400000.0,1,5,350.0,3.0,1,5,0.0
320000.0,1,5,140.0,3.0,2,4,0.0
2400000.0,1,6,230.0,3.0,1,0,0.0
3850000.0,1,6,214.0,3.0,1,4,0.0
2300000.0,1,6,285.84,3.0,2,2,0.0
2500000.0,1,6,229.54,3.0,1,3,0.0
650000.0,1,6,170.0,3.0,2,6,100.0
2750000.0,1,6,420.0,3.0,1,4,0.0
2100000.0,1,6,300.0,3.0,0,3,0.0
2950000.0,1,6,600.0,3.0,1,3,0.0
2775000.0,1,6,180.0,3.0,1,4,0.0
4250000.0,1,6,588.0,3.0,3,0,0.0
4500000.0,1,6,290.0,3.0,3,2,0.0
4500000.0,1,6,390.0,3.0,3,3,0.0
4500000.0,1,6,540.0,3.0,3,0,0.0
4500000.0,1,6,540.0,3.0,3,3,0.0
4490000.0,1,6,360.0,3.0,3,3,0.0
4400000.0,1,6,600.0,3.0,3,6,0.0
1200000.0,1,6,365.0,3.0,1,6,668.0
2700000.0,1,6,534.0,3.0,3,3,0.0
2450000.0,1,5,358.0,3.0,3,0,0.0
2490000.0,1,5,386.0,3.0,3,4,0.0
2450000.0,1,5,385.0,3.0,3,0,0.0
665000.0,1,4,68.0,3.0,1,2,0.0
680000.0,1,4,68.0,3.0,1,2,0.0
529000.0,1,4,68.0,3.0,1,2,0.0
500000.0,1,4,58.0,3.0,0,2,339.0
610000.0,1,4,68.0,3.0,1,2,339.0
450000.0,1,4,58.0,3.0,0,2,307.0
590000.0,1,4,66.0,3.0,1,2,600.0
590000.0,1,4,91.99,3.0,1,2,0.0
690000.0,1,4,68.0,3.0,1,2,397.0
750000.0,1,4,75.0,3.0,1,2,500.0
595000.0,1,4,67.99,3.0,1,2,350.0
720000.0,1,4,68.0,3.0,1,2,0.0
590000.0,1,4,75.0,3.0,1,2,0.0
650000.0,1,4,68.0,3.0,1,2,319.0
620000.0,1,4,70.0,3.0,1,2,0.0
590000.0,1,4,131.46,3.0,1,2,615.0
650000.0,1,4,100.0,3.0,1,2,450.0
670000.0,1,4,100.0,3.0,1,2,550.0
650000.0,1,4,68.0,3.0,1,2,0.0
605000.0,1,4,68.0,3.0,1,2,0.0
660000.0,1,4,81.0,3.0,1,2,0.0
550000.0,1,4,68.0,3.0,1,2,0.0
630000.0,1,4,88.0,3.0,1,2,340.0
690000.0,1,4,68.0,3.0,1,2,0.0
670000.0,1,4,68.0,3.0,1,2,0.0
665000.0,1,4,131.46,3.0,1,2,316.0
2490000.0,1,5,359.18,3.0,3,2,0.0
680000.0,1,4,130.0,3.0,1,2,0.0
3590000.0,1,5,447.0,3.0,3,4,0.0
2780000.0,1,5,400.0,3.0,2,6,0.0
2699000.0,1,5,270.0,3.0,2,6,0.0
2400000.0,1,5,349.0,3.0,3,0,0.0
4300000.0,1,5,729.0,3.0,3,4,0.0
2200000.0,1,5,342.66,3.0,3,2,0.0
3350000.0,1,5,670.0,3.0,3,10,0.0
1700000.0,1,5,180.0,3.0,1,2,0.0
2190000.0,1,5,300.0,3.0,1,0,0.0
800000.0,1,5,150.0,3.0,0,4,0.0
680000.0,1,5,110.0,3.0,1,0,0.0
1750000.0,1,5,350.0,3.0,3,5,150.0
2500000.0,1,5,250.0,3.0,1,4,0.0
1780000.0,1,5,714.0,3.0,3,10,120.0
980000.0,1,5,300.0,3.0,2,3,600.0
800000.0,1,5,320.0,3.0,2,5,0.0
2190000.0,1,5,300.0,3.0,3,4,0.0
1300000.0,1,5,400.0,3.0,3,5,0.0
1850000.0,1,5,220.0,3.0,3,4,0.0
670000.0,1,4,68.0,3.0,1,2,359.0
640000.0,1,4,68.0,3.0,1,2,345.0
525000.0,1,4,131.46,3.0,1,2,345.0
680000.0,1,4,128.0,3.0,1,2,333.0
2400000.0,1,6,230.0,3.0,1,3,0.0
2800000.0,1,6,800.0,3.0,1,0,0.0
4200000.0,1,6,426.0,3.0,3,4,550.0
699900.0,1,13,151.0,3.0,2,4,0.0
1150000.0,1,13,170.0,3.0,3,1,0.0
955000.0,1,13,200.0,3.0,0,2,0.0
990000.0,1,13,226.0,3.0,0,0,0.0
2200000.0,1,13,235.0,3.0,3,3,0.0
2480000.0,1,12,300.0,3.0,3,6,0.0
1290000.0,1,12,129.0,3.0,1,2,0.0
3490000.0,1,12,600.0,3.0,3,4,0.0
3000000.0,1,12,330.0,3.0,2,3,0.0
1150000.0,1,12,350.0,3.0,0,0,0.0
1950000.0,1,12,431.0,3.0,2,4,0.0
2480000.0,1,12,466.54,3.0,3,0,0.0
1650000.0,1,12,300.0,3.0,3,1,0.0
2480000.0,1,12,300.0,3.0,3,6,0.0
1650000.0,1,12,240.0,3.0,3,6,0.0
3000000.0,1,12,414.66,3.0,3,4,0.0
2800000.0,1,12,320.0,3.0,3,4,0.0
1449000.0,1,12,184.0,3.0,2,0,0.0
2100000.0,1,12,350.0,3.0,3,4,0.0
1995000.0,1,12,270.0,3.0,3,3,0.0
2490000.0,1,12,255.0,3.0,3,4,0.0
990000.0,1,13,220.0,3.0,1,2,0.0
1150000.0,1,13,350.0,3.0,2,2,0.0
1350000.0,1,12,206.0,3.0,0,5,0.0
1500000.0,1,13,340.0,3.0,1,6,0.0
1700000.0,1,0,395.0,7.0,2,2,0.0
1390000.0,1,0,218.59,4.0,2,1,0.0
1670000.0,1,0,400.0,6.0,4,1,0.0
1650000.0,1,0,430.0,6.0,4,3,0.0
2200000.0,1,0,350.0,4.0,4,4,0.0
1800000.0,1,0,240.0,4.0,3,2,0.0
1490000.0,1,0,127.0,4.0,1,2,2265.0
2950000.0,1,0,300.0,5.0,3,6,0.0
1700000.0,1,0,316.0,5.0,2,2,0.0
1890000.0,1,0,320.0,5.0,4,4,0.0
1650000.0,1,0,440.0,6.0,4,3,0.0
1280000.0,1,13,300.0,3.0,1,2,0.0
650000.0,1,13,250.0,3.0,0,5,0.0
1199000.0,1,13,200.0,3.0,0,2,0.0
1100000.0,1,13,152.0,3.0,1,2,0.0
3690000.0,1,12,450.0,3.0,3,8,0.0
550000.0,1,12,140.0,3.0,1,2,0.0
2750000.0,1,6,300.0,3.0,1,20,200.0
1998000.0,1,10,250.0,3.0,2,0,0.0
2700000.0,1,10,250.0,3.0,2,2,0.0
1800000.0,1,10,465.0,3.0,1,4,650.0
1990000.0,1,10,263.0,3.0,1,4,400.0
1660000.0,1,10,550.0,3.0,2,4,400.0
1600000.0,1,10,420.0,3.0,3,2,300.0
1600000.0,1,10,420.0,3.0,3,2,180.0
1600000.0,1,10,420.0,3.0,3,2,0.0
1600000.0,1,10,323.86,3.0,3,0,0.0
1350000.0,1,10,308.0,3.0,3,5,0.0
690000.0,1,10,200.0,3.0,3,2,0.0
3200000.0,1,10,500.0,3.0,3,4,0.0
1950000.0,1,10,450.0,3.0,3,8,300.0
1480000.0,1,10,300.0,3.0,3,0,350.0
1480000.0,1,10,330.0,3.0,3,0,350.0
330000.0,1,10,140.0,3.0,1,2,0.0
520000.0,1,10,160.0,3.0,1,0,0.0
519900.0,1,10,98.0,3.0,1,1,0.0
520000.0,1,10,160.0,3.0,1,0,0.0
520000.0,1,10,160.0,3.0,1,1,0.0
520000.0,1,10,150.0,3.0,1,0,0.0
520000.0,1,10,98.0,3.0,1,1,0.0
600000.0,1,10,150.0,3.0,1,1,0.0
3500000.0,1,10,700.0,3.0,2,4,500.0
1998000.0,1,10,250.0,3.0,2,4,0.0
950000.0,1,12,200.0,3.0,1,1,0.0
1998000.0,1,10,231.0,3.0,0,0,0.0
730000.0,1,12,265.0,3.0,2,2,250.0
1900000.0,1,10,359.23,3.0,3,3,0.0
1890000.0,1,10,282.0,3.0,3,3,0.0
3100000.0,1,10,298.56,3.0,2,2,250.0
2490000.0,1,10,400.0,3.0,2,2,400.0
2600000.0,1,10,400.0,3.0,1,4,250.0
1450000.0,1,10,177.0,3.0,0,2,0.0
1650000.0,1,10,320.0,3.0,3,2,0.0
1800000.0,1,10,600.0,3.0,3,14,0.0
2100000.0,1,10,300.0,3.0,3,0,300.0
2200000.0,1,10,100.0,3.0,0,0,0.0
970000.0,1,10,400.0,3.0,2,6,0.0
610000.0,1,10,280.0,3.0,0,3,0.0
3900000.0,1,10,800.0,3.0,3,0,0.0
2950000.0,1,10,430.0,3.0,3,3,600.0
1290000.0,1,10,303.0,3.0,3,4,0.0
1290000.0,1,10,302.0,3.0,3,6,0.0
1680000.0,1,10,460.0,3.0,1,6,0.0
1290000.0,1,10,303.0,3.0,3,4,0.0
2950000.0,1,10,400.0,3.0,3,2,250.0
2200000.0,1,10,500.0,3.0,1,3,450.0
1750000.0,1,3,475.0,9.0,4,4,0.0
530000.0,1,3,200.0,4.0,0,2,800.0
2700000.0,1,5,688.0,6.0,5,6,0.0
2500000.0,1,5,440.0,4.0,4,3,0.0
1720000.0,1,5,550.0,4.0,1,2,0.0
1720000.0,1,5,550.0,4.0,1,2,0.0
3590000.0,1,5,450.0,5.0,5,5,790.0
1220000.0,1,5,480.0,5.0,5,2,800.0
2100000.0,1,5,600.0,5.0,5,3,650.0
2650000.0,1,5,480.0,4.0,4,2,0.0
2420000.0,1,5,350.0,4.0,4,1,0.0
2350000.0,1,5,300.0,4.0,4,4,0.0
1700000.0,1,5,240.0,6.0,0,10,0.0
2500000.0,1,5,440.0,4.0,4,3,0.0
3990000.0,1,5,410.0,4.0,4,4,0.0
2500000.0,1,5,540.0,4.0,4,2,0.0
3650000.0,1,5,423.0,4.0,4,4,0.0
790000.0,1,5,300.0,4.0,4,0,0.0
3000000.0,1,5,300.0,4.0,4,2,0.0
3950000.0,1,5,830.0,6.0,5,4,0.0
1620000.0,1,4,350.0,4.0,3,6,500.0
950000.0,1,4,300.0,4.0,2,3,0.0
628000.0,1,4,107.0,4.0,1,2,380.0
3500000.0,1,3,550.0,5.0,4,4,1100.0
1480000.0,1,3,500.0,5.0,5,5,0.0
1715000.0,1,5,550.0,4.0,1,4,0.0
2500000.0,1,5,470.0,4.0,2,2,0.0
3990000.0,1,5,550.0,5.0,3,6,0.0
4900000.0,1,5,687.0,4.0,4,4,0.0
4900000.0,1,5,687.0,4.0,4,3,0.0
4900000.0,1,5,750.0,4.0,4,4,0.0
2290000.0,1,5,411.04,4.0,3,5,0.0
2290000.0,1,5,411.04,4.0,3,5,0.0
2800000.0,1,5,752.0,6.0,4,4,0.0
3000000.0,1,5,450.0,5.0,5,4,0.0
3000000.0,1,5,450.0,4.0,2,4,0.0
4500000.0,1,5,883.41,4.0,4,6,0.0
2790000.0,1,5,320.0,5.0,5,4,0.0
3650000.0,1,5,412.42,4.0,2,4,0.0
2490000.0,1,5,430.0,6.0,4,8,0.0
2995000.0,1,5,350.0,5.0,3,4,0.0
3300000.0,1,5,460.53,7.0,7,3,0.0
4500000.0,1,5,630.0,6.0,4,4,0.0
3000000.0,1,5,450.0,4.0,2,4,0.0
3600000.0,1,5,538.0,4.0,4,5,0.0
3500000.0,1,3,750.0,4.0,4,6,1.0
1599999.99,1,3,640.0,6.0,4,4,500.0
1600000.0,1,3,640.0,6.0,4,4,500.0
1130000.0,1,3,318.0,4.0,4,2,0.0
1700000.0,1,3,230.0,4.0,3,2,0.0
2750000.0,1,3,455.11,4.0,2,6,970.0
2750000.0,1,3,455.0,4.0,2,6,0.0
1699000.0,1,3,687.71,4.0,3,2,1500.0
1900000.0,1,3,250.0,4.0,4,2,0.0
1799000.0,1,3,390.74,5.0,4,7,1290.0
2300000.0,1,3,400.0,6.0,5,3,1100.0
2790000.0,1,3,573.0,5.0,5,3,1100.0
1920000.0,1,3,515.0,5.0,4,2,0.0
1830000.0,1,3,250.0,4.0,4,2,0.0
1800000.0,1,3,694.0,4.0,1,4,0.0
1850000.0,1,3,307.0,5.0,3,4,1290.0
2249999.99,1,3,340.0,4.0,3,4,920.0
1690000.0,1,3,413.23,5.0,4,5,0.0
2500000.0,1,3,273.0,4.0,2,4,0.0
2900000.0,1,3,508.0,8.0,5,4,0.0
2900000.0,1,3,505.0,5.0,3,4,0.0
2750000.0,1,3,550.0,4.0,4,4,0.0
2400000.0,1,3,328.0,4.0,3,3,0.0
2100000.0,1,3,295.0,4.0,4,4,0.0
2400000.0,1,3,328.0,4.0,3,5,0.0
1580000.0,1,3,318.0,4.0,3,4,0.0
1800000.0,1,3,228.0,4.0,4,2,400.0
1700000.0,1,3,494.0,4.0,2,4,940.0
2500000.0,1,3,490.0,4.0,3,4,550.0
1150000.0,1,3,142.0,4.0,1,3,680.0
2050000.0,1,3,290.0,5.0,2,4,750.0
1500000.0,1,3,640.0,4.0,2,1,800.0
2100000.0,1,3,415.0,4.0,4,4,600.0
2300000.0,1,3,400.0,4.0,4,2,790.0
1890000.0,1,3,400.0,4.0,2,4,0.0
1300000.0,1,3,170.0,4.0,3,4,830.0
1445000.0,1,3,390.38,7.0,2,4,0.0
2820000.0,1,3,450.0,4.0,4,6,790.0
2490000.0,1,3,480.0,4.0,1,3,0.0
2490000.0,1,3,440.0,4.0,1,2,747.0
2690000.0,1,3,440.0,4.0,0,4,0.0
2290000.0,1,3,400.0,4.0,4,2,790.0
1599999.0,1,3,640.0,6.0,4,4,500.0
1500000.0,1,3,600.0,6.0,4,4,440.0
1650000.0,1,3,360.0,5.0,3,2,400.0
2000000.0,1,3,395.0,4.0,3,3,0.0
2095000.0,1,3,435.0,4.0,4,3,0.0
1549000.0,1,3,345.0,5.0,5,0,620.0
1599000.0,1,3,335.0,5.0,4,3,1000.0
1400000.0,1,3,250.0,5.0,2,3,0.0
2250000.0,1,3,460.0,4.0,4,0,650.0
2500000.0,1,3,417.0,4.0,3,4,550.0
3990000.0,1,5,410.0,4.0,4,2,0.0
3980000.0,1,5,600.0,5.0,5,4,0.0
1050000.0,1,3,300.0,4.0,4,0,590.0
3790000.0,1,5,421.0,4.0,2,2,0.0
4970000.0,1,5,400.0,4.0,3,4,0.0
2400000.0,1,5,776.0,4.0,1,0,0.0
2380000.0,1,5,360.0,4.0,4,4,0.0
3600000.0,1,5,540.0,6.0,3,2,0.0
4990000.0,1,5,476.36,4.0,4,4,0.0
4580000.0,1,5,550.0,4.0,4,4,0.0
1938000.0,1,5,380.0,4.0,4,3,0.0
3150000.0,1,5,776.0,4.0,4,2,0.0
4490000.0,1,5,520.0,5.0,4,6,0.0
2600000.0,1,5,450.0,4.0,4,4,0.0
1950000.0,1,5,464.84,4.0,1,3,0.0
3295000.0,1,5,544.0,5.0,4,3,0.0
4300000.0,1,5,500.0,5.0,5,10,0.0
2400000.0,1,5,541.5,6.0,3,7,0.0
4100000.0,1,5,320.0,4.0,2,6,0.0
4300000.0,1,5,504.0,5.0,5,4,0.0
3200000.0,1,5,600.0,4.0,4,5,0.0
2890000.0,1,5,380.0,4.0,1,5,0.0
2990000.0,1,5,491.0,4.0,4,4,0.0
3600000.0,1,5,572.0,6.0,3,5,0.0
3100000.0,1,5,565.0,4.0,2,4,0.0
3295000.0,1,5,500.0,5.0,4,4,0.0
3295000.0,1,5,544.0,5.0,4,4,0.0
3295000.0,1,5,544.0,5.0,4,4,0.0
3295000.0,1,5,543.0,5.0,4,0,0.0
2590000.0,1,5,406.0,4.0,2,5,0.0
2650000.0,1,5,560.0,5.0,3,4,0.0
3295000.0,1,5,544.0,5.0,5,4,0.0
2250000.0,1,5,337.0,4.0,4,10,0.0
3980000.0,1,5,600.0,4.0,2,8,0.0
2700000.0,1,5,700.0,6.0,5,6,0.0
2700000.0,1,5,689.0,6.0,5,6,0.0
3500000.0,1,5,504.52,4.0,4,3,0.0
2700000.0,1,5,700.0,6.0,5,6,0.0
3295000.0,1,5,544.0,5.0,4,3,0.0
3500000.0,1,5,505.0,4.0,4,3,0.0
2500000.0,1,5,443.0,5.0,5,7,0.0
3295000.0,1,5,544.0,5.0,4,4,0.0
3295000.0,1,5,544.0,5.0,4,4,0.0
2995000.0,1,5,574.0,5.0,5,6,0.0
2890000.0,1,5,597.43,4.0,4,4,0.0
4580000.0,1,5,900.0,4.0,2,4,0.0
2200000.0,1,5,541.0,5.0,2,2,0.0
2650000.0,1,5,472.0,5.0,1,6,0.0
2250000.0,1,5,417.0,4.0,4,6,0.0
3190000.0,1,5,361.8,4.0,3,5,0.0
3350000.0,1,5,550.0,5.0,5,5,0.0
2480000.0,1,5,533.0,4.0,2,10,0.0
4100000.0,1,5,730.0,7.0,7,4,0.0
3100000.0,1,5,443.0,4.0,4,4,0.0
2090000.0,1,5,300.0,4.0,4,3,0.0
3100000.0,1,5,443.0,4.0,4,4,0.0
2090000.0,1,5,300.0,4.0,4,3,0.0
1890000.0,1,5,360.0,4.0,1,5,0.0
2450000.0,1,5,530.0,5.0,2,0,0.0
3500000.0,1,5,600.0,5.0,5,5,0.0
2990000.0,1,5,552.0,4.0,4,4,0.0
1600000.0,1,5,300.0,4.0,2,8,0.0
3690000.0,1,5,200.0,5.0,5,6,0.0
3250000.0,1,5,470.0,5.0,3,5,0.0
3450000.0,1,5,545.0,5.0,5,4,0.0
4300000.0,1,5,332.0,4.0,4,6,0.0
4750000.0,1,5,500.0,5.0,5,6,0.0
3690000.0,1,5,200.0,6.0,6,8,0.0
4750000.0,1,5,500.0,5.0,5,6,0.0
4350000.0,1,5,776.6,6.0,6,5,0.0
4300000.0,1,5,449.0,4.0,4,6,0.0
4750000.0,1,5,500.0,5.0,5,4,0.0
2398000.0,1,5,590.0,5.0,2,3,0.0
2398000.0,1,5,668.0,5.0,2,3,0.0
3800000.0,1,5,776.0,6.0,3,4,0.0
3700000.0,1,5,670.0,5.0,5,8,0.0
2800000.0,1,5,450.0,6.0,5,4,0.0
2500000.0,1,5,326.0,4.0,1,5,0.0
2999000.0,1,5,400.0,4.0,2,4,0.0
4550000.0,1,5,700.0,6.0,5,2,0.0
3300000.0,1,5,532.0,5.0,3,6,0.0
2090000.0,1,5,400.0,5.0,2,2,0.0
4100000.0,1,5,320.0,5.0,5,5,0.0
3690000.0,1,5,600.0,5.0,5,8,0.0
4575000.0,1,5,916.0,4.0,2,12,0.0
2400000.0,1,5,490.0,5.0,4,2,0.0
2200000.0,1,5,343.0,5.0,3,4,0.0
2200000.0,1,5,340.0,4.0,4,4,0.0
2200000.0,1,5,350.0,5.0,3,4,0.0
2200000.0,1,5,340.0,4.0,4,4,0.0
3100000.0,1,5,498.0,5.0,5,0,0.0
1890000.0,1,5,364.0,4.0,1,5,0.0
2398000.0,1,5,430.0,4.0,2,3,0.0
3250000.0,1,5,670.0,6.0,5,6,0.0
1950000.0,1,3,400.0,4.0,4,4,0.0
3200000.0,1,3,522.0,4.0,4,4,0.0
1980000.0,1,3,400.0,5.0,5,4,0.0
900000.0,1,3,220.0,4.0,2,2,100.0
2299000.0,1,3,285.0,4.0,4,2,780.0
1000000.0,1,3,370.0,4.0,4,5,835.0
1000000.0,1,3,234.21,5.0,5,2,0.0
2250000.0,1,3,420.0,5.0,4,3,0.0
2000000.0,1,3,420.0,4.0,1,4,780.0
750000.0,1,3,300.0,6.0,0,7,0.0
2250000.0,1,3,500.0,5.0,0,2,0.0
2490000.0,1,3,550.0,5.0,5,4,0.0
3880000.0,1,3,650.0,5.0,4,4,1430.0
1900000.0,1,3,346.0,4.0,4,2,1000.0
1990000.0,1,3,500.0,4.0,4,3,0.0
4900000.0,1,3,800.0,4.0,4,3,2074.0
4800000.0,1,3,435.0,4.0,4,2,0.0
4450000.0,1,3,465.0,4.0,4,2,1527.0
995000.0,1,3,286.0,4.0,2,6,0.0
2200000.0,1,3,640.0,5.0,5,3,475.0
1800000.0,1,3,340.0,5.0,3,3,573.0
1400000.0,1,3,600.0,4.0,4,1,845.0
2200000.0,1,3,600.0,4.0,2,1,645.0
1300000.0,1,3,398.0,5.0,3,2,636.0
3500000.0,1,3,438.0,4.0,4,4,1020.0
2500000.0,1,3,400.0,4.0,4,2,800.0
2900000.0,1,3,330.0,4.0,4,4,710.0
1730000.0,1,3,160.0,4.0,3,2,0.0
1379000.0,1,3,323.0,4.0,4,2,800.0
2750000.0,1,3,545.0,4.0,4,2,578.0
3690000.0,1,3,501.0,5.0,5,4,500.0
1270000.0,1,3,410.0,4.0,4,3,0.0
950000.0,1,3,300.0,4.0,1,4,0.0
950000.0,1,3,300.0,4.0,1,5,0.0
1845000.0,1,3,365.0,4.0,4,4,0.0
1690000.0,1,3,447.0,5.0,4,2,619.0
2100000.0,1,3,331.0,4.0,3,4,1290.0
1400000.0,1,3,370.0,4.0,3,2,0.0
1889000.0,1,3,394.0,4.0,4,4,1300.0
2990000.0,1,3,525.0,4.0,3,0,0.0
1890000.0,1,3,394.0,4.0,4,4,1219.0
2299999.0,1,3,285.0,4.0,4,2,780.0
2650000.0,1,3,493.0,4.0,4,3,0.0
4627215.0,1,3,457.64,4.0,2,0,0.0
1270000.0,1,3,245.0,4.0,3,2,877.0
1680000.0,1,3,431.0,5.0,4,4,877.0
2800000.0,1,3,489.0,4.0,4,3,877.0
1400000.0,1,3,370.0,4.0,3,2,877.0
2499000.0,1,3,286.0,4.0,4,2,877.0
1300000.0,1,3,600.0,4.0,4,2,859.0
789000.0,1,3,200.0,4.0,0,3,600.0
1490000.0,1,3,400.0,4.0,4,4,800.0
1500000.0,1,3,476.0,4.0,4,5,765.0
699999.0,1,3,195.0,4.0,3,3,310.0
1390000.0,1,3,200.0,4.0,3,0,899.0
2200000.0,1,3,631.44,4.0,4,3,0.0
2500000.0,1,3,610.0,5.0,4,8,800.0
2550000.0,1,3,400.0,4.0,3,2,550.0
1700000.0,1,3,660.0,4.0,4,0,0.0
1670000.0,1,3,345.0,4.0,4,4,700.0
1690000.0,1,3,300.0,4.0,3,2,0.0
2199000.0,1,3,355.0,4.0,4,2,700.0
1350000.0,1,3,580.0,6.0,6,4,1190.0
1350000.0,1,3,350.0,5.0,3,2,1174.0
1390000.0,1,3,277.0,4.0,2,4,1165.0
1690000.0,1,3,480.0,5.0,3,4,0.0
1500000.0,1,3,472.0,5.0,3,3,500.0
1750000.0,1,3,400.0,4.0,4,2,660.0
999000.0,1,3,440.0,4.0,1,2,0.0
1449000.0,1,3,300.0,4.0,0,3,850.0
1150000.0,1,3,265.32,4.0,2,2,618.0
1250000.0,1,3,330.0,5.0,4,4,480.0
1700000.0,1,3,760.0,8.0,4,5,355.0
1200000.0,1,3,523.0,5.0,3,4,0.0
2250000.0,1,3,490.0,4.0,2,4,0.0
1490000.0,1,3,400.0,5.0,4,2,800.0
2500000.0,1,3,340.0,4.0,3,4,0.0
1490000.0,1,3,400.0,4.0,4,2,0.0
1620000.0,1,3,350.0,4.0,3,4,500.0
2890000.0,1,3,416.0,4.0,4,4,572.0
1590000.0,1,3,422.0,5.0,1,2,850.0
1350000.0,1,3,606.78,5.0,4,3,0.0
950000.0,1,3,250.0,4.0,2,2,0.0
1400000.0,1,3,450.0,4.0,2,0,0.0
1390000.0,1,3,333.0,4.0,3,2,0.0
1650000.0,1,3,400.0,4.0,4,2,750.0
1780000.0,1,3,422.0,4.0,1,2,978.0
1600000.0,1,3,420.0,5.0,5,3,895.0
1390000.0,1,3,370.0,4.0,3,4,895.0
2499000.0,1,3,500.0,7.0,1,5,1003.0
1550000.0,1,3,500.0,4.0,4,6,1070.0
1490000.0,1,3,400.0,4.0,4,0,800.0
1600000.0,1,3,400.0,4.0,4,3,815.0
2900000.0,1,3,600.0,6.0,3,10,0.0
1590000.0,1,3,410.0,4.0,3,2,0.0
1490000.0,1,3,400.0,4.0,4,1,800.0
1490000.0,1,3,400.0,5.0,4,2,800.0
3300000.0,1,3,600.0,4.0,3,9,0.0
1490000.0,1,3,400.0,5.0,4,2,800.0
1380000.0,1,3,360.0,4.0,4,2,0.0
1450000.0,1,3,237.0,4.0,3,0,770.0
2900000.0,1,3,383.0,4.0,4,5,0.0
2800000.0,1,3,380.0,4.0,4,6,0.0
2900000.0,1,3,534.0,6.0,4,6,0.0
2500000.0,1,3,298.0,4.0,3,3,0.0
3200000.0,1,3,372.0,4.0,4,3,0.0
2850000.0,1,3,376.0,4.0,4,4,0.0
2880000.0,1,3,376.0,4.0,4,4,0.0
2390000.0,1,3,965.0,4.0,4,3,0.0
2990000.0,1,3,394.0,4.0,4,4,0.0
1900000.0,1,3,350.0,6.0,0,2,0.0
1580000.0,1,3,300.0,5.0,2,6,0.0
3550000.0,1,3,639.0,6.0,1,6,0.0
2600000.0,1,3,530.0,5.0,3,5,0.0
2880000.0,1,3,376.0,4.0,4,4,0.0
3049000.0,1,3,350.86,4.0,1,0,0.0
1550000.0,1,3,478.0,4.0,1,4,0.0
2900000.0,1,3,852.14,4.0,4,5,0.0
3550000.0,1,3,600.0,5.0,5,6,0.0
3000000.0,1,3,520.0,4.0,4,4,0.0
1349000.0,1,3,450.0,4.0,0,2,850.0
1990000.0,1,3,450.0,4.0,3,4,1000.0
1350000.0,1,3,450.0,4.0,2,2,0.0
3300000.0,1,3,600.0,5.0,5,0,1000.0
2700000.0,1,3,400.0,4.0,1,5,498.0
2900000.0,1,3,534.0,4.0,4,3,0.0
2900000.0,1,3,534.0,4.0,4,5,0.0
2900000.0,1,3,384.0,5.0,3,4,0.0
1500000.0,1,3,246.0,4.0,0,0,0.0
3200000.0,1,3,530.0,5.0,3,5,0.0
3500000.0,1,3,619.0,5.0,5,3,0.0
2850000.0,1,3,300.0,4.0,4,4,0.0
2850000.0,1,3,300.0,4.0,4,4,0.0
3300000.0,1,3,650.0,5.0,5,6,0.0
1490000.0,1,3,400.0,4.0,4,4,0.0
1690000.0,1,3,370.0,4.0,2,2,0.0
2700000.0,1,3,528.0,4.0,4,2,547.0
2700000.0,1,3,396.0,4.0,4,0,0.0
2100000.0,1,3,340.0,4.0,4,0,0.0
2100000.0,1,3,361.0,4.0,4,4,0.0
2000000.0,1,3,300.0,4.0,4,3,0.0
2800000.0,1,3,534.0,4.0,4,5,0.0
1850000.0,1,3,315.0,4.0,4,4,0.0
1850000.0,1,3,283.0,4.0,4,4,0.0
2900000.0,1,3,530.0,6.0,4,5,0.0
2800000.0,1,3,534.0,5.0,2,4,0.0
2900000.0,1,3,384.0,4.0,4,5,0.0
2900000.0,1,3,384.0,4.0,4,4,0.0
2900000.0,1,3,383.0,4.0,4,5,0.0
2900000.0,1,3,384.0,4.0,4,5,0.0
2900000.0,1,3,534.0,4.0,4,0,0.0
1380000.0,1,3,600.0,4.0,4,0,0.0
2150000.0,1,3,500.0,9.0,4,5,624.0
650000.0,1,3,200.0,4.0,1,5,750.0
3980000.0,1,3,678.0,4.0,4,3,580.0
3999999.0,1,3,640.0,5.0,5,8,885.0
2499000.0,1,3,552.97,4.0,4,10,780.0
1500000.0,1,3,450.0,4.0,4,0,0.0
1370000.0,1,3,490.0,4.0,1,3,480.0
2090000.0,1,3,720.0,4.0,3,4,0.0
770000.0,1,3,350.0,4.0,1,4,0.0
1370000.0,1,3,490.0,4.0,1,3,480.0
2198000.0,1,3,450.0,4.0,4,6,0.0
1280000.0,1,3,440.0,4.0,4,3,530.0
1800000.0,1,3,450.0,4.0,4,4,500.0
1780000.0,1,3,532.0,4.0,3,4,600.0
1780000.0,1,3,532.0,4.0,3,2,300.0
890000.0,1,3,220.0,4.0,1,2,0.0
2123000.0,1,3,600.0,5.0,3,3,601.0
1985000.0,1,3,585.11,5.0,3,6,0.0
1700000.0,1,3,450.0,5.0,4,2,601.0
2400000.0,1,3,800.0,4.0,4,6,500.0
3980000.0,1,3,678.0,4.0,4,1,580.0
4390000.0,1,3,678.0,4.0,4,2,0.0
1600000.0,1,3,347.16,4.0,1,2,0.0
4500000.0,1,3,470.0,4.0,4,0,0.0
1990000.0,1,3,320.0,5.0,3,8,768.0
2350000.0,1,3,600.0,4.0,4,4,691.0
1720000.0,1,3,216.0,4.0,1,0,900.0
1720000.0,1,3,216.0,4.0,1,0,900.0
3200000.0,1,3,580.0,4.0,4,0,0.0
2800000.0,1,3,460.0,4.0,4,4,885.0
3499000.0,1,3,640.0,4.0,2,3,0.0
3499000.0,1,3,640.0,4.0,2,4,990.0
3300000.0,1,3,400.0,4.0,3,0,0.0
3290000.0,1,3,450.0,5.0,4,0,649.0
3000000.0,1,3,380.0,4.0,1,4,0.0
3450000.0,1,3,550.0,6.0,6,4,0.0
2800000.0,1,3,320.0,4.0,4,4,0.0
4450000.0,1,3,429.0,5.0,5,4,0.0
2350000.0,1,3,570.0,4.0,4,3,650.0
3990000.0,1,3,540.0,5.0,5,5,885.0
2500000.0,1,3,795.0,4.0,2,4,983.0
3450000.0,1,3,550.0,6.0,6,2,0.0
3300000.0,1,3,400.0,4.0,3,6,0.0
1900000.0,1,3,500.0,5.0,3,1,691.0
2650000.0,1,3,405.0,4.0,4,8,0.0
2800000.0,1,3,285.64,4.0,4,4,0.0
624900.0,1,3,100.0,1.0,1,0,0.0
870000.0,1,3,260.0,3.0,2,3,632.0
1280000.0,1,3,247.16,3.0,1,4,533.0
1320000.0,1,3,300.0,3.0,3,5,700.0
650000.0,1,3,140.0,3.0,1,2,0.0
1150000.0,1,3,300.0,3.0,3,4,550.0
1700000.0,1,3,312.0,3.0,3,4,380.0
670000.0,1,3,227.0,3.0,1,2,531.0
385000.0,1,3,150.0,3.0,0,2,0.0
900000.0,1,3,250.0,3.0,1,2,674.0
990000.0,1,3,250.0,3.0,1,6,650.0
1200000.0,1,3,300.0,3.0,1,0,0.0
1750000.0,1,3,250.0,3.0,3,2,650.0
909900.0,1,3,330.0,3.0,0,2,529.0
680000.0,1,3,188.0,3.0,0,2,587.0
1499000.0,1,3,364.33,3.0,3,2,0.0
780000.0,1,3,230.0,3.0,2,2,0.0
1060000.0,1,3,260.0,3.0,1,4,530.0
1060000.0,1,3,260.0,3.0,2,6,530.0
1060000.0,1,3,260.0,3.0,1,4,530.0
950000.0,1,3,200.0,3.0,1,2,528.0
980000.0,1,3,446.0,3.0,2,2,0.0
1100000.0,1,3,250.0,3.0,1,0,0.0
1545000.0,1,3,320.0,3.0,3,2,0.0
1320000.0,1,3,380.0,3.0,3,2,480.0
1150000.0,1,3,309.0,3.0,3,2,968.0
1390000.0,1,3,400.0,3.0,3,4,740.0
990000.0,1,3,145.0,3.0,1,2,1000.0
2290000.0,1,3,250.0,3.0,3,4,0.0
2550000.0,1,3,400.0,3.0,3,2,550.0
2290000.0,1,3,250.0,3.0,3,2,650.0
1750000.0,1,3,220.0,3.0,3,4,0.0
1900000.0,1,3,300.0,3.0,3,2,650.0
1550000.0,1,3,320.0,3.0,3,2,647.0
1550000.0,1,3,360.0,3.0,3,2,600.0
1550000.0,1,3,360.0,3.0,3,4,0.0
1900000.0,1,3,370.0,3.0,3,3,625.0
1899000.0,1,3,370.0,3.0,3,4,650.0
1650000.0,1,3,300.0,3.0,3,2,650.0
1790000.0,1,3,320.0,3.0,3,2,585.0
1050000.0,1,3,120.0,3.0,2,6,0.0
1195000.0,1,3,175.0,3.0,3,4,0.0
1899000.0,1,3,300.0,3.0,3,3,730.0
1195000.0,1,3,200.0,3.0,3,3,697.0
1199000.0,1,3,170.0,3.0,3,4,585.0
1900000.0,1,3,300.0,3.0,3,2,600.0
700000.0,1,3,140.0,3.0,2,4,0.0
2100000.0,1,3,300.0,3.0,3,5,0.0
1170000.0,1,3,230.0,3.0,1,2,740.0
990000.0,1,3,150.0,3.0,1,4,740.0
1390000.0,1,3,300.0,3.0,3,4,0.0
680000.0,1,3,188.85,3.0,0,0,0.0
1500000.0,1,3,373.0,3.0,3,0,0.0
960000.0,1,3,230.0,3.0,2,4,0.0
2000000.0,1,3,800.0,3.0,3,6,0.0
997000.0,1,3,128.05,3.0,1,2,972.0
1250000.0,1,3,310.0,3.0,3,4,795.0
1620000.0,1,3,477.0,3.0,2,2,0.0
985000.0,1,3,222.0,3.0,1,0,0.0
1279000.0,1,3,270.0,3.0,1,4,0.0
1410000.0,1,3,360.0,3.0,3,4,769.0
990000.0,1,3,250.0,3.0,1,6,0.0
1100000.0,1,3,300.0,3.0,1,2,0.0
1050000.0,1,3,270.0,3.0,1,0,0.0
1050000.0,1,3,270.0,3.0,3,1,680.0
1350000.0,1,3,550.0,3.0,3,2,670.0
690000.0,1,3,190.0,3.0,1,2,0.0
1200000.0,1,3,360.0,3.0,2,4,0.0
1590000.0,1,3,302.0,3.0,1,4,560.0
1450000.0,1,3,280.0,3.0,3,2,530.0
1029000.0,1,3,146.0,3.0,1,2,600.0
1700000.0,1,3,503.0,3.0,3,6,503.0
1350000.0,1,3,249.0,3.0,2,2,378.0
1490000.0,1,3,301.0,3.0,1,4,600.0
1650000.0,1,3,380.0,3.0,3,2,400.0
2000000.0,1,3,430.0,3.0,3,4,560.0
1279000.0,1,3,270.0,3.0,1,4,670.0
1290000.0,1,3,307.0,3.0,3,2,0.0
1390000.0,1,3,300.0,3.0,2,2,531.0
1290000.0,1,3,320.0,3.0,3,2,0.0
1290000.0,1,3,590.0,3.0,1,14,600.0
940000.0,1,3,190.0,3.0,2,0,0.0
1350000.0,1,3,220.0,3.0,3,4,0.0
1000000.0,1,3,360.0,3.0,1,5,0.0
1320000.0,1,3,380.0,3.0,3,6,480.0
1350000.0,1,3,290.0,3.0,3,4,0.0
800000.0,1,3,220.0,3.0,1,2,840.0
800000.0,1,3,310.0,3.0,3,0,530.0
1080000.0,1,3,350.0,3.0,1,2,640.0
1280000.0,1,3,270.0,3.0,1,4,670.0
1190000.0,1,3,200.0,3.0,0,2,640.0
2500000.0,1,3,500.0,3.0,2,0,0.0
2000000.0,1,3,500.0,3.0,1,0,720.0
1500000.0,1,3,300.0,3.0,3,0,795.0
800000.0,1,3,200.0,3.0,1,2,795.0
850000.0,1,3,250.0,3.0,2,0,720.0
1290000.0,1,3,320.0,3.0,3,2,827.0
898000.0,1,3,178.0,3.0,1,2,820.0
1450000.0,1,3,400.0,3.0,3,4,820.0
1650000.0,1,3,300.0,3.0,3,2,820.0
1249000.0,1,3,320.0,3.0,2,6,560.0
1195000.0,1,3,410.0,3.0,3,2,890.0
899000.0,1,3,250.0,3.0,2,6,0.0
1349000.0,1,3,200.0,3.0,3,3,867.0
1100000.0,1,3,235.0,3.0,2,2,0.0
4627215.0,1,3,457.0,3.0,1,0,0.0
830000.0,1,3,200.0,3.0,2,2,450.0
880000.0,1,3,235.0,3.0,2,2,550.0
880000.0,1,3,200.0,3.0,2,4,0.0
500000.0,1,3,110.0,3.0,1,2,550.0
880000.0,1,3,200.0,3.0,2,2,0.0
1050000.0,1,3,230.0,3.0,2,0,0.0
995000.0,1,3,286.0,3.0,3,0,0.0
1200000.0,1,3,280.0,3.0,3,3,200.0
740000.0,1,3,200.0,3.0,2,4,450.0
1290000.0,1,3,320.0,3.0,2,4,0.0
620000.0,1,3,225.0,3.0,2,4,450.0
879000.0,1,3,240.0,3.0,2,2,0.0
1290000.0,1,3,300.0,3.0,3,4,450.0
1650000.0,1,3,300.0,3.0,3,2,650.0
1600000.0,1,3,170.0,3.0,1,1,0.0
1330000.0,1,3,350.0,3.0,3,4,650.0
980000.0,1,3,150.0,3.0,1,2,0.0
1299000.0,1,3,250.0,3.0,3,2,800.0
1490000.0,1,3,298.0,3.0,3,0,0.0
950000.0,1,3,300.0,3.0,1,3,700.0
950000.0,1,3,350.0,3.0,1,0,0.0
1980000.0,1,3,320.0,3.0,2,4,0.0
1600000.0,1,3,450.0,3.0,3,2,0.0
1350000.0,1,3,260.0,3.0,3,2,0.0
879000.0,1,3,240.0,3.0,3,2,0.0
750000.0,1,3,170.0,3.0,2,4,0.0
3650000.0,1,3,351.66,3.0,3,4,0.0
1150000.0,1,3,338.0,3.0,1,2,688.0
1990000.0,1,3,472.0,3.0,3,6,688.0
890000.0,1,3,380.0,3.0,2,2,670.0
750000.0,1,3,272.0,3.0,1,2,757.0
1890000.0,1,3,369.0,3.0,3,4,680.0
1100000.0,1,3,280.0,3.0,1,5,0.0
850000.0,1,3,240.0,3.0,1,2,0.0
2690000.0,1,3,460.0,3.0,3,4,550.0
850000.0,1,3,144.0,3.0,1,0,0.0
1680000.0,1,3,358.0,3.0,1,2,0.0
2490000.0,1,3,362.0,3.0,3,2,1539.0
2950000.0,1,3,460.0,3.0,3,2,0.0
690000.0,1,3,256.0,3.0,1,4,200.0
790000.0,1,3,233.0,3.0,2,4,175.0
690000.0,1,3,256.0,3.0,1,2,175.0
690000.0,1,3,256.0,3.0,1,0,200.0
799000.0,1,3,158.0,3.0,1,10,300.0
480000.0,1,3,170.0,3.0,1,4,150.0
1090000.0,1,3,250.0,3.0,3,2,200.0
1950000.0,1,3,289.0,3.0,3,2,0.0
4650000.0,1,3,255.0,3.0,3,2,2018.0
1330000.0,1,3,350.0,3.0,3,4,795.0
2050000.0,1,3,270.0,3.0,3,1,500.0
980000.0,1,3,180.0,3.0,1,2,1028.0
580000.0,1,3,180.0,3.0,1,2,0.0
595000.0,1,3,180.0,3.0,1,2,365.0
545000.0,1,3,180.0,3.0,1,3,0.0
420000.0,1,3,122.0,3.0,1,2,0.0
1390000.0,1,3,250.0,3.0,3,3,850.0
1590000.0,1,3,350.0,3.0,3,4,799.0
1590000.0,1,3,350.0,3.0,3,0,899.0
850000.0,1,3,240.0,3.0,3,4,0.0
1450000.0,1,3,218.0,3.0,3,2,0.0
1390000.0,1,3,250.0,3.0,3,4,744.0
1600000.0,1,3,270.0,3.0,2,2,0.0
1899000.0,1,3,325.0,3.0,3,3,495.0
1890000.0,1,3,300.0,3.0,3,2,730.0
1900000.0,1,3,280.0,3.0,3,2,585.0
1200000.0,1,3,170.0,3.0,3,4,650.0
1950000.0,1,3,220.0,3.0,3,4,500.0
1450000.0,1,3,280.0,3.0,3,2,0.0
1550000.0,1,3,360.0,3.0,3,2,0.0
1880000.0,1,3,250.0,3.0,3,4,0.0
1450000.0,1,3,300.0,3.0,3,4,647.0
1650000.0,1,3,400.0,3.0,3,4,0.0
1750000.0,1,3,230.0,3.0,3,3,647.0
890000.0,1,3,120.0,3.0,1,2,690.0
1550000.0,1,3,360.0,3.0,3,2,0.0
595000.0,1,3,180.0,3.0,1,2,260.0
1350000.0,1,3,250.0,3.0,3,2,695.0
490000.0,1,3,160.0,3.0,1,2,260.0
980000.0,1,3,180.0,3.0,1,2,750.0
1275000.0,1,3,397.0,3.0,1,2,560.0
1800000.0,1,3,566.0,3.0,3,0,540.0
1690000.0,1,3,332.37,3.0,1,2,1000.0
560000.0,1,3,170.0,3.0,1,10,0.0
750000.0,1,3,280.0,3.0,3,0,0.0
740000.0,1,3,280.0,3.0,3,3,200.0
750000.0,1,3,280.0,3.0,3,2,0.0
540000.0,1,3,160.0,3.0,1,8,200.0
450000.0,1,3,100.0,3.0,1,2,0.0
749000.0,1,3,290.0,3.0,3,3,200.0
750000.0,1,3,330.0,3.0,3,2,200.0
1100000.0,1,3,452.0,3.0,3,2,750.0
800000.0,1,3,150.0,3.0,1,4,0.0
780000.0,1,3,250.0,3.0,1,3,800.0
690000.0,1,3,170.0,3.0,3,2,0.0
737000.0,1,3,200.0,3.0,2,0,306.0
749000.0,1,3,150.0,3.0,2,3,262.0
450000.0,1,3,122.0,3.0,1,1,0.0
760000.0,1,3,200.0,3.0,2,5,280.0
750000.0,1,3,200.0,3.0,3,4,200.0
545000.0,1,3,160.0,3.0,1,2,320.0
450000.0,1,3,122.0,3.0,1,0,0.0
2390000.0,1,3,289.28,3.0,3,4,0.0
1860000.0,1,3,423.0,3.0,3,2,750.0
1490000.0,1,3,301.0,3.0,1,2,952.0
1950000.0,1,3,295.0,3.0,1,4,820.0
1550000.0,1,3,300.0,3.0,1,12,480.0
1700000.0,1,3,250.0,3.0,3,2,0.0
1000000.0,1,3,330.0,3.0,2,0,0.0
1700000.0,1,3,300.0,3.0,3,3,5.0
1550000.0,1,3,230.0,3.0,3,2,550.0
1100000.0,1,3,250.0,3.0,2,2,1000.0
1250000.0,1,3,400.0,3.0,3,3,0.0
1250000.0,1,3,300.0,3.0,1,0,900.0
1530000.0,1,3,396.0,3.0,1,2,770.0
699000.0,1,3,300.0,3.0,3,4,200.0
1790000.0,1,3,320.0,3.0,3,2,987.0
2390000.0,1,3,480.0,3.0,3,4,915.0
1790000.0,1,3,292.0,3.0,3,4,910.0
1400000.0,1,3,200.0,3.0,1,4,480.0
1259000.0,1,3,200.0,3.0,1,2,535.0
870000.0,1,3,180.0,3.0,2,3,530.0
1259000.0,1,3,230.0,3.0,1,2,0.0
549000.0,1,3,120.0,3.0,1,0,545.0
1390000.0,1,3,225.0,3.0,2,2,0.0
850000.0,1,3,289.0,3.0,3,3,0.0
1150000.0,1,3,238.0,3.0,2,4,530.0
1200000.0,1,3,300.0,3.0,1,4,655.0
1050000.0,1,3,450.0,3.0,3,2,495.0
1950000.0,1,3,265.0,3.0,3,4,550.0
1700000.0,1,3,222.0,3.0,3,2,495.0
850000.0,1,3,110.0,3.0,1,2,420.0
1500000.0,1,3,250.0,3.0,1,6,0.0
1650000.0,1,3,500.0,3.0,3,2,272.0
1320000.0,1,3,220.0,3.0,2,2,570.0
1750000.0,1,3,200.0,3.0,0,0,0.0
2280000.0,1,3,268.0,3.0,2,4,500.0
1650000.0,1,3,273.0,3.0,1,2,513.0
899000.0,1,3,250.0,3.0,1,2,0.0
980000.0,1,3,200.0,3.0,1,2,850.0
1749000.0,1,3,294.0,3.0,3,2,566.0
900000.0,1,3,140.0,3.0,1,2,500.0
1400000.0,1,3,250.0,3.0,3,2,515.0
1750000.0,1,3,200.0,3.0,0,0,0.0
1300000.0,1,3,300.0,3.0,3,2,495.0
1650000.0,1,3,300.0,3.0,3,4,1800.0
870000.0,1,3,200.0,3.0,2,2,645.0
1499000.0,1,3,250.0,3.0,1,4,0.0
2600000.0,1,3,300.0,3.0,3,2,400.0
2590000.0,1,3,360.0,3.0,3,4,495.0
1750000.0,1,3,300.0,3.0,3,3,550.0
1700000.0,1,3,400.0,3.0,1,2,550.0
1700000.0,1,3,222.0,3.0,3,2,495.0
560000.0,1,3,80.0,3.0,1,2,450.0
850000.0,1,3,270.0,3.0,3,6,530.0
1450000.0,1,3,240.0,3.0,3,4,0.0
890000.0,1,3,200.0,3.0,2,2,0.0
1160000.0,1,3,182.0,3.0,1,2,706.0
680000.0,1,3,260.0,3.0,2,4,700.0
670000.0,1,3,200.0,3.0,2,3,786.0
600000.0,1,3,200.0,3.0,2,3,600.0
1100000.0,1,3,445.0,3.0,3,0,0.0
650000.0,1,3,300.0,3.0,2,3,700.0
680000.0,1,3,260.0,3.0,2,3,786.0
890000.0,1,3,200.0,3.0,2,2,680.0
780000.0,1,3,225.0,3.0,1,2,700.0
1300000.0,1,3,227.0,3.0,2,2,706.0
700000.0,1,3,180.0,3.0,1,2,0.0
850000.0,1,3,390.0,3.0,3,4,0.0
650000.0,1,3,230.0,3.0,2,3,704.0
1250000.0,1,3,240.0,3.0,3,2,100.0
950000.0,1,3,200.0,3.0,3,2,0.0
890000.0,1,3,200.0,3.0,3,2,200.0
890000.0,1,3,250.0,3.0,3,2,0.0
890000.0,1,3,260.0,3.0,3,2,0.0
899000.0,1,3,280.0,3.0,0,0,0.0
899000.0,1,3,280.0,3.0,2,2,200.0
768000.0,1,3,348.0,3.0,2,2,780.0
1150000.0,1,3,332.0,3.0,3,2,540.0
1570000.0,1,3,340.0,3.0,3,2,0.0
1580000.0,1,3,350.0,3.0,3,2,746.0
1990000.0,1,3,744.0,3.0,3,5,0.0
1250000.0,1,3,237.23,3.0,3,0,0.0
1100000.0,1,3,258.0,3.0,3,2,530.0
1390000.0,1,3,230.0,3.0,3,2,530.0
850000.0,1,3,230.0,3.0,2,2,0.0
849000.0,1,3,190.0,3.0,1,2,530.0
1580000.0,1,3,400.0,3.0,3,6,450.0
935000.0,1,3,300.0,3.0,1,3,0.0
1390000.0,1,3,225.0,3.0,2,4,480.0
1590000.0,1,3,250.0,3.0,3,2,530.0
750000.0,1,3,200.0,3.0,0,2,751.0
1650000.0,1,3,300.0,3.0,2,2,480.0
1730000.0,1,3,300.0,3.0,2,2,480.0
935000.0,1,3,230.0,3.0,1,2,545.0
1259000.0,1,3,185.0,3.0,1,4,530.0
1150000.0,1,3,230.0,3.0,3,2,480.0
1200000.0,1,3,213.0,3.0,2,4,630.0
1300000.0,1,3,185.0,3.0,1,4,480.0
1290000.0,1,3,164.89,3.0,1,2,602.0
980000.0,1,3,310.0,3.0,3,4,520.0
980000.0,1,3,390.0,3.0,3,2,706.0
1100000.0,1,3,445.0,3.0,3,2,745.0
1290000.0,1,3,250.0,3.0,3,4,700.0
1600000.0,1,3,320.0,3.0,3,4,0.0
1700000.0,1,3,300.0,3.0,3,2,590.0
1420000.0,1,3,205.0,3.0,3,4,0.0
1249999.99,1,3,180.0,3.0,3,0,400.0
1420000.0,1,3,215.0,3.0,3,4,500.0
1690000.0,1,3,300.0,3.0,3,4,400.0
1150000.0,1,3,300.0,3.0,3,4,400.0
1250000.0,1,3,180.0,3.0,3,2,400.0
1495000.0,1,3,250.0,3.0,3,4,450.0
1469999.99,1,3,300.0,3.0,3,2,400.0
1420000.0,1,3,235.0,3.0,3,4,0.0
1420000.0,1,3,205.0,3.0,3,2,450.0
890000.0,1,3,200.0,3.0,3,0,0.0
1420000.0,1,3,202.76,3.0,3,2,400.0
1495000.0,1,3,600.0,3.0,3,2,0.0
1550000.0,1,3,250.0,3.0,3,2,700.0
1690000.0,1,3,256.0,3.0,3,4,480.0
950000.0,1,3,200.0,3.0,1,8,400.0
1590000.0,1,3,200.0,3.0,1,2,400.0
1550000.0,1,3,320.0,3.0,3,2,400.0
1580000.0,1,3,298.0,3.0,3,2,400.0
830000.0,1,3,210.0,3.0,1,4,0.0
649000.0,1,3,220.0,3.0,3,2,0.0
850000.0,1,3,210.0,3.0,3,2,0.0
795000.0,1,3,180.0,3.0,3,4,550.0
850000.0,1,3,220.0,3.0,1,2,0.0
1420000.0,1,3,202.0,3.0,3,2,400.0
1590000.0,1,3,205.0,3.0,3,2,400.0
1500000.0,1,3,295.0,3.0,3,2,400.0
1800000.0,1,3,316.0,3.0,3,2,781.0
1195000.0,1,3,265.0,3.0,1,2,560.0
2000000.0,1,3,600.0,3.0,3,4,0.0
1200000.0,1,3,310.0,3.0,1,0,0.0
840000.0,1,3,185.0,3.0,2,2,0.0
1200000.0,1,3,213.0,3.0,2,2,530.0
1450000.0,1,3,254.0,3.0,3,2,800.0
2000000.0,1,3,430.0,3.0,3,4,0.0
1490000.0,1,3,400.0,3.0,1,2,670.0
2350000.0,1,3,420.0,3.0,3,0,0.0
1390000.0,1,3,320.0,3.0,3,2,750.0
1750000.0,1,3,430.0,3.0,3,4,560.0
1200000.0,1,3,303.0,3.0,1,2,766.0
1490000.0,1,3,301.0,3.0,1,4,700.0
1490000.0,1,3,350.0,3.0,1,2,0.0
1590000.0,1,3,298.0,3.0,3,4,600.0
890000.0,1,3,200.0,3.0,1,4,400.0
1190000.0,1,3,300.0,3.0,1,3,0.0
1590000.0,1,3,205.0,3.0,3,2,0.0
1420000.0,1,3,203.0,3.0,3,2,460.0
1470000.0,1,3,250.0,3.0,3,2,570.0
1690000.0,1,3,357.0,3.0,3,2,0.0
1200000.0,1,3,213.0,3.0,1,2,0.0
1200000.0,1,3,336.0,3.0,1,5,609.0
1390000.0,1,3,160.0,3.0,1,1,495.0
1490000.0,1,3,233.0,3.0,3,2,0.0
1430000.0,1,3,255.0,3.0,3,0,0.0
1270000.0,1,3,200.0,3.0,3,4,650.0
1290000.0,1,3,168.1,3.0,1,4,650.0
3650000.0,1,3,351.66,3.0,3,0,0.0
1890000.0,1,3,220.0,3.0,2,4,900.0
1980000.0,1,3,314.0,3.0,2,5,670.0
1800000.0,1,3,340.0,3.0,2,4,771.0
1349000.0,1,3,300.0,3.0,3,3,800.0
1050000.0,1,3,240.0,3.0,1,2,577.0
1200000.0,1,3,280.0,3.0,3,2,0.0
1100000.0,1,3,280.0,3.0,1,4,480.0
1800000.0,1,3,205.0,3.0,1,4,570.0
700000.0,1,3,300.0,3.0,1,0,560.0
980000.0,1,3,271.0,3.0,1,6,565.0
650000.0,1,3,226.0,3.0,0,0,0.0
1100000.0,1,3,271.32,3.0,1,7,444.0
580000.0,1,3,212.0,3.0,0,0,582.0
1550000.0,1,3,255.0,3.0,3,6,400.0
1430000.0,1,3,255.0,3.0,3,4,0.0
1430000.0,1,3,255.0,3.0,3,4,0.0
1560000.0,1,3,332.0,3.0,3,2,540.0
1650000.0,1,3,272.0,3.0,3,2,495.0
1700000.0,1,3,660.0,3.0,1,2,495.0
1270000.0,1,3,270.0,3.0,3,2,0.0
1399000.0,1,3,270.0,3.0,3,6,700.0
950000.0,1,3,172.0,3.0,1,4,800.0
1400000.0,1,3,265.0,3.0,3,4,0.0
950000.0,1,3,172.0,3.0,1,3,0.0
950000.0,1,3,172.0,3.0,1,0,0.0
1200000.0,1,3,300.0,3.0,1,3,530.0
2800000.0,1,3,700.0,3.0,3,3,1000.0
698000.0,1,3,300.0,3.0,2,2,550.0
1350000.0,1,3,230.0,3.0,3,2,0.0
1500000.0,1,3,350.0,3.0,3,4,0.0
1290000.0,1,3,172.0,3.0,1,1,790.0
1270000.0,1,3,210.0,3.0,3,2,0.0
1267900.0,1,3,161.3,3.0,3,2,490.0
1270000.0,1,3,250.0,3.0,3,2,0.0
1690000.0,1,3,210.0,3.0,3,2,0.0
1270000.0,1,3,250.0,3.0,3,2,0.0
1290000.0,1,3,167.0,3.0,1,2,0.0
1380000.0,1,3,220.0,3.0,3,2,1000.0
1380000.0,1,3,220.0,3.0,3,2,1000.0
1270000.0,1,3,210.0,3.0,3,2,500.0
1245000.0,1,3,210.0,3.0,1,4,0.0
1290000.0,1,3,250.0,3.0,1,4,0.0
1990000.0,1,3,450.0,3.0,3,2,500.0
1990000.0,1,3,450.0,3.0,3,2,500.0
2700000.0,1,3,350.0,3.0,3,2,0.0
1290000.0,1,3,180.0,3.0,1,2,607.0
1050000.0,1,3,272.0,3.0,2,0,588.0
1250000.0,1,3,230.0,3.0,2,0,950.0
850000.0,1,3,280.0,3.0,3,0,250.0
2199000.0,1,3,320.0,4.0,4,2,710.0
1300000.0,1,3,350.0,4.0,3,2,950.0
1400000.0,1,3,300.0,4.0,3,4,922.0
1550000.0,1,2,600.0,5.0,2,4,500.0
1650000.0,1,2,300.0,5.0,2,4,0.0
2099000.0,1,1,400.0,4.0,4,4,300.0
2480000.0,1,13,175.0,3.0,3,8,0.0
1190000.0,1,3,393.0,4.0,4,2,0.0
2990000.0,1,12,415.0,3.0,3,2,0.0
720000.0,1,12,275.0,3.0,2,6,0.0
2599000.0,1,12,456.0,3.0,1,4,500.0
1800000.0,1,10,300.0,3.0,3,3,250.0
2000000.0,1,10,500.0,3.0,3,2,700.0
2950000.0,1,10,620.0,3.0,3,6,500.0
2950000.0,1,10,620.0,3.0,3,10,450.0
2850000.0,1,3,536.0,4.0,3,2,600.0
1500000.0,1,3,309.59,4.0,4,2,1020.0
1450000.0,1,3,400.0,5.0,1,2,770.0
1590000.0,1,3,436.0,4.0,3,2,1000.0
1170000.0,1,3,350.0,4.0,4,8,708.0
1320000.0,1,3,370.0,4.0,4,4,720.0
1600000.0,1,3,450.0,5.0,4,6,530.0
999500.0,1,3,280.0,4.0,3,2,706.0
700000.0,1,3,250.0,4.0,1,4,0.0
850000.0,1,3,250.0,4.0,1,2,0.0
900000.0,1,3,300.0,4.0,1,0,0.0
920000.0,1,3,250.0,4.0,1,4,150.0
1250000.0,1,3,472.0,4.0,3,7,0.0
1290000.0,1,3,540.0,7.0,4,4,0.0
1350000.0,1,3,383.0,5.0,3,0,450.0
2450000.0,1,3,560.0,5.0,5,8,100.0
1500000.0,1,3,400.0,4.0,3,6,0.0
1890000.0,1,3,436.8,4.0,4,4,1085.0
1790000.0,1,3,311.75,4.0,4,2,1000.0
3500000.0,1,3,438.0,4.0,4,4,880.0
1090000.0,1,3,360.0,4.0,3,2,1085.0
1780000.0,1,3,350.0,4.0,3,3,1020.0
2100000.0,1,3,360.0,4.0,3,4,1000.0
2290000.0,1,10,230.0,3.0,1,0,0.0
1950000.0,1,10,200.0,3.0,3,0,0.0
650000.0,1,10,190.0,3.0,1,2,0.0
2950000.0,1,10,448.0,3.0,3,2,0.0
1480000.0,1,10,320.0,3.0,3,2,200.0
3200000.0,1,10,350.0,3.0,3,4,400.0
1480000.0,1,10,280.0,3.0,3,1,0.0
1480000.0,1,10,330.0,3.0,3,2,350.0
1480000.0,1,10,320.0,3.0,3,2,200.0
3700000.0,1,7,237.0,3.0,3,3,1900.0
3890000.0,1,6,400.0,3.0,1,0,0.0
4200000.0,1,6,426.0,3.0,3,4,0.0
2480000.0,1,6,230.0,3.0,1,0,0.0
1600000.0,1,6,400.0,3.0,3,1,667.0
1050000.0,1,5,230.0,3.0,1,2,780.0
1200000.0,1,5,360.0,3.0,1,10,150.0
2000000.0,1,5,270.0,3.0,1,2,0.0
1150000.0,1,5,480.72,3.0,1,2,0.0
1600000.0,1,5,440.0,3.0,3,3,776.0
1590000.0,1,5,200.0,3.0,0,0,800.0
2690000.0,1,5,400.0,3.0,3,4,710.0
1890000.0,1,10,260.0,3.0,2,3,670.0
4500000.0,1,10,280.0,3.0,2,2,0.0
2390000.0,1,10,535.0,3.0,3,3,450.0
2000000.0,1,10,350.0,3.0,3,2,200.0
1690000.0,1,10,400.0,3.0,3,4,250.0
1750000.0,1,10,400.0,3.0,3,2,350.0
1050000.0,1,10,300.0,3.0,2,2,0.0
4997000.0,1,10,540.0,3.0,2,8,780.0
890000.0,1,10,150.0,3.0,2,6,237.0
950000.0,1,10,180.0,3.0,2,3,0.0
890000.0,1,10,200.0,3.0,1,3,230.0
1290000.0,1,10,300.0,3.0,3,4,300.0
1190000.0,1,10,500.0,3.0,1,4,0.0
3990000.0,1,10,538.94,3.0,3,0,0.0
1290000.0,1,10,303.0,3.0,3,4,0.0
1250000.0,1,10,180.0,3.0,1,2,420.0
2390000.0,1,10,350.0,3.0,2,4,0.0
2039000.0,1,10,320.0,3.0,3,6,0.0
2000000.0,1,10,300.0,3.0,3,3,350.0
2390000.0,1,10,370.0,3.0,3,0,800.0
5000000.0,1,10,663.0,3.0,3,4,0.0
2890000.0,1,10,600.0,3.0,3,2,750.0
1660000.0,1,10,550.0,3.0,2,4,355.0
2449000.0,1,10,527.0,3.0,3,4,250.0
1680000.0,1,10,550.0,3.0,3,4,355.0
800000.0,1,3,350.0,6.0,2,0,0.0
1700000.0,1,3,340.0,3.0,3,2,919.0
1730000.0,1,3,605.0,5.0,5,2,839.0
1350000.0,1,3,400.0,5.0,3,2,858.0
950000.0,1,3,380.0,4.0,1,0,0.0
1750000.0,1,3,556.0,4.0,4,4,0.0
2600000.0,1,3,640.0,6.0,3,0,0.0
1550000.0,1,3,502.17,8.0,2,3,858.0
1740000.0,1,3,482.0,5.0,4,3,975.0
3800000.0,1,3,700.0,5.0,1,4,0.0
2998000.0,1,3,900.0,7.0,5,4,1280.0
4000000.0,1,3,791.0,5.0,2,9,975.0
2600000.0,1,3,530.0,4.0,1,4,858.0
2500000.0,1,3,700.0,6.0,6,0,791.0
1450000.0,1,3,408.0,4.0,4,0,0.0
1750000.0,1,3,566.0,4.0,4,4,853.0
1990000.0,1,3,400.0,4.0,4,4,0.0
1800000.0,1,3,550.0,9.0,5,4,770.0
2600000.0,1,3,550.0,4.0,4,4,600.0
2600000.0,1,3,550.0,4.0,4,4,600.0
2600000.0,1,3,500.0,4.0,2,0,600.0
1040000.0,1,3,252.0,6.0,1,3,800.0
1520000.0,1,3,496.0,4.0,1,4,897.0
1550000.0,1,3,478.0,4.0,1,4,897.0
1490000.0,1,3,500.0,4.0,1,4,897.0
1550000.0,1,3,478.0,4.0,1,4,0.0
2300000.0,1,3,408.21,5.0,5,0,850.0
1800000.0,1,3,580.0,5.0,5,4,0.0
1800000.0,1,3,589.0,4.0,4,4,930.0
1610000.0,1,3,385.0,4.0,2,6,0.0
2600000.0,1,3,300.0,4.0,3,4,495.0
2750000.0,1,3,485.0,4.0,4,4,0.0
1280000.0,1,3,320.0,4.0,2,4,645.0
1460000.0,1,3,290.0,4.0,4,4,555.0
1460000.0,1,3,290.0,4.0,4,3,550.0
1950000.0,1,3,320.0,4.0,4,7,513.0
2600000.0,1,3,370.0,4.0,3,4,495.0
1750000.0,1,3,600.0,6.0,5,4,495.0
1620000.0,1,3,350.0,4.0,4,4,0.0
2100000.0,1,3,294.0,4.0,4,4,1250.0
1600000.0,1,3,405.15,5.0,2,4,0.0
1699000.0,1,3,380.0,4.0,3,10,550.0
2890000.0,1,3,480.0,4.0,4,4,510.0
1495000.0,1,3,350.0,5.0,2,4,550.0
1800000.0,1,3,468.87,6.0,4,5,825.0
1800000.0,1,3,436.0,4.0,1,4,0.0
2550000.0,1,3,358.97,4.0,4,4,877.0
1900000.0,1,3,591.0,4.0,1,2,892.0
1500000.0,1,3,468.0,4.0,4,2,0.0
2600000.0,1,3,960.0,5.0,5,3,830.0
1390000.0,1,3,350.0,5.0,1,10,0.0
4000000.0,1,3,791.0,5.0,2,9,975.0
1250000.0,1,3,200.0,5.0,0,0,0.0
1520000.0,1,3,490.0,4.0,2,2,380.0
1450000.0,1,3,450.0,4.0,3,2,0.0
1720000.0,1,3,420.0,4.0,3,2,900.0
1350000.0,1,3,300.0,4.0,4,3,0.0
2050000.0,1,3,500.0,4.0,1,6,0.0
1480000.0,1,3,300.0,4.0,3,2,0.0
1790000.0,1,3,335.0,4.0,4,2,0.0
1450000.0,1,3,324.0,4.0,2,2,550.0
2900000.0,1,3,142.0,4.0,4,4,706.0
2900000.0,1,3,142.0,7.0,5,4,564.0
750000.0,1,3,230.0,4.0,2,2,706.0
1250000.0,1,3,466.0,4.0,4,4,700.0
1400000.0,1,3,400.0,4.0,2,0,700.0
1490000.0,1,3,500.0,5.0,3,4,750.0
970000.0,1,3,230.0,4.0,0,0,0.0
970000.0,1,3,230.0,4.0,3,2,750.0
970000.0,1,3,300.0,4.0,3,2,0.0
1170000.0,1,3,400.0,4.0,4,4,600.0
1170000.0,1,3,400.0,4.0,4,4,708.0
1150000.0,1,3,400.0,4.0,4,2,800.0
1450000.0,1,3,408.0,4.0,4,3,706.0
2250000.0,1,3,520.0,5.0,5,0,0.0
1100000.0,1,3,470.0,4.0,3,4,800.0
1450000.0,1,3,408.0,4.0,4,3,0.0
1500000.0,1,3,543.0,4.0,1,4,650.0
1520000.0,1,3,496.0,4.0,1,0,0.0
1300000.0,1,3,350.0,5.0,3,4,750.0
1795000.0,1,3,410.0,4.0,3,4,0.0
1950000.0,1,3,400.0,4.0,3,4,910.0
1430000.0,1,3,287.0,4.0,3,3,756.0
2200000.0,1,3,358.0,4.0,4,2,0.0
1350000.0,1,3,250.0,4.0,4,2,530.0
1300000.0,1,3,340.0,5.0,2,3,530.0
949000.0,1,3,206.0,4.0,1,0,0.0
745000.0,1,3,250.0,4.0,1,3,0.0
1200000.0,1,3,350.0,4.0,4,4,630.0
800000.0,1,3,188.0,4.0,2,2,800.0
1300000.0,1,3,500.0,6.0,3,5,1500.0
1200000.0,1,3,312.0,6.0,3,3,530.0
1780000.0,1,3,400.0,4.0,2,4,0.0
1245000.0,1,3,347.0,6.0,2,2,556.0
1780000.0,1,3,400.0,4.0,3,4,0.0
1500000.0,1,3,500.0,6.0,3,0,1200.0
800000.0,1,3,188.0,4.0,1,2,0.0
1200000.0,1,3,390.0,4.0,4,4,620.0
2200000.0,1,3,358.0,4.0,4,4,535.0
1350000.0,1,3,300.0,4.0,4,6,0.0
1040000.0,1,3,430.0,4.0,1,2,0.0
1350000.0,1,3,300.0,4.0,4,4,500.0
1300000.0,1,3,469.0,4.0,2,4,481.0
2390000.0,1,5,350.0,3.0,1,4,710.0
2390000.0,1,5,450.0,3.0,1,3,700.0
2290000.0,1,5,380.0,3.0,2,4,710.0
710000.0,1,3,260.0,3.0,3,2,0.0
1790000.0,1,3,390.0,3.0,1,2,600.0
1790000.0,1,3,270.0,3.0,1,4,601.0
1790000.0,1,3,270.0,3.0,1,4,600.0
2190000.0,1,3,380.0,3.0,3,3,650.0
1790000.0,1,3,270.0,3.0,1,0,600.0
1890000.0,1,3,349.0,3.0,2,0,300.0
920000.0,1,3,200.0,3.0,0,0,0.0
2590000.0,1,3,400.0,3.0,1,2,602.0
2200000.0,1,3,328.0,3.0,3,4,601.0
1700000.0,1,3,300.0,3.0,3,2,0.0
1780000.0,1,5,350.0,3.0,3,2,0.0
825000.0,1,3,232.0,3.0,1,2,340.0
1100000.0,1,3,155.0,3.0,2,0,0.0
700000.0,1,3,300.0,3.0,2,0,429.0
795000.0,1,3,294.0,3.0,2,4,460.0
825000.0,1,3,240.0,3.0,1,2,350.0
890000.0,1,3,175.0,3.0,1,2,600.0
880000.0,1,3,210.0,3.0,2,0,300.0
650000.0,1,3,200.0,3.0,1,0,0.0
920000.0,1,3,350.0,3.0,1,2,354.0
975000.0,1,3,350.0,3.0,1,2,0.0
975000.0,1,3,350.0,3.0,1,2,440.0
899000.0,1,3,189.0,3.0,2,0,552.0
750000.0,1,3,335.0,3.0,2,2,0.0
980000.0,1,3,197.46,3.0,1,5,0.0
850000.0,1,3,147.0,3.0,1,2,420.0
649000.0,1,3,200.0,3.0,3,1,0.0
600000.0,1,3,160.0,3.0,1,3,0.0
750000.0,1,3,164.0,3.0,2,2,0.0
750000.0,1,3,165.0,3.0,2,2,0.0
750000.0,1,3,164.0,3.0,2,2,0.0
1290000.0,1,3,180.0,3.0,2,2,0.0
1400000.0,1,3,397.8,3.0,3,0,0.0
1900000.0,1,3,360.0,3.0,1,3,661.0
1480000.0,1,3,321.98,3.0,2,2,751.0
1500000.0,1,3,369.0,3.0,2,2,0.0
890000.0,1,3,196.0,3.0,3,2,150.0
3680000.0,1,3,540.0,3.0,3,2,0.0
2957000.0,1,3,255.0,3.0,3,4,690.0
2600000.0,1,3,550.0,3.0,3,0,0.0
1680000.0,1,3,100.0,3.0,1,4,899.0
2620000.0,1,3,300.0,3.0,1,4,900.0
3300000.0,1,3,450.0,3.0,3,2,983.0
1700000.0,1,3,265.3,3.0,2,0,0.0
2190000.0,1,3,390.0,3.0,3,2,450.0
1950000.0,1,3,400.0,3.0,3,2,600.0
820000.0,1,3,220.0,3.0,2,0,601.0
3400000.0,1,3,500.0,3.0,3,8,380.0
1540000.0,1,3,180.0,3.0,1,2,0.0
1190000.0,1,3,165.0,3.0,1,2,0.0
1350000.0,1,3,172.0,3.0,3,2,546.0
550000.0,1,3,190.0,3.0,2,1,0.0
895000.0,1,3,280.0,3.0,1,2,850.0
770000.0,1,3,194.57,3.0,1,0,0.0
870000.0,1,3,260.0,3.0,2,0,0.0
870000.0,1,3,250.0,3.0,2,3,0.0
870000.0,1,3,260.0,3.0,2,0,0.0
850000.0,1,3,200.0,3.0,1,4,250.0
850000.0,1,3,220.0,3.0,1,2,0.0
850000.0,1,3,220.0,3.0,1,4,1490.0
730000.0,1,3,183.0,3.0,1,3,545.0
880000.0,1,3,200.0,3.0,1,2,250.0
800000.0,1,3,247.0,3.0,3,4,250.0
1790000.0,1,3,350.0,3.0,1,4,1180.0
1249000.0,1,3,230.0,3.0,2,2,800.0
1790000.0,1,3,450.0,3.0,3,0,1180.0
1600000.0,1,3,260.39,3.0,3,4,0.0
1790000.0,1,3,350.0,3.0,3,0,919.0
1250000.0,1,3,230.0,3.0,2,2,800.0
1250000.0,1,3,230.0,3.0,2,2,877.0
1250000.0,1,3,230.0,3.0,2,3,0.0
1800000.0,1,3,340.0,3.0,3,0,0.0
1400000.0,1,3,295.0,3.0,3,2,919.0
1300000.0,1,3,215.0,3.0,2,2,919.0
310000.0,1,3,120.0,3.0,0,2,0.0
849000.0,1,3,300.0,3.0,1,4,875.0
1290000.0,1,3,176.0,3.0,1,2,795.0
895000.0,1,3,200.0,3.0,1,2,0.0
1290000.0,1,3,167.0,3.0,1,2,640.0
1390000.0,1,3,380.0,3.0,3,4,600.0
1380000.0,1,3,220.0,3.0,3,2,780.0
1650000.0,1,3,210.0,3.0,3,2,1000.0
1700000.0,1,3,161.0,3.0,3,2,0.0
1650000.0,1,3,210.0,3.0,3,2,1000.0
1700000.0,1,3,210.0,3.0,3,2,0.0
1650000.0,1,3,210.0,3.0,3,0,1000.0
1600000.0,1,3,320.0,3.0,3,2,950.0
1290000.0,1,3,172.0,3.0,1,2,1082.0
1500000.0,1,3,443.0,3.0,3,2,0.0
1270000.0,1,3,237.0,3.0,3,2,500.0
1290000.0,1,3,237.0,3.0,1,2,500.0
1380000.0,1,3,220.0,3.0,3,0,0.0
1270000.0,1,3,210.0,3.0,3,2,756.0
1400000.0,1,3,190.0,3.0,1,2,610.0
1430000.0,1,3,265.0,3.0,3,2,400.0
1590000.0,1,3,386.0,3.0,3,2,0.0
1290000.0,1,3,220.0,3.0,1,4,640.0
1290000.0,1,3,168.0,3.0,1,4,673.0
1350000.0,1,3,233.0,3.0,3,2,700.0
940000.0,1,3,305.0,3.0,2,4,150.0
750000.0,1,3,105.0,3.0,1,2,91.0
1280000.0,1,3,161.0,3.0,3,2,700.0
1690000.0,1,3,161.0,3.0,3,2,680.0
525000.0,1,4,70.0,3.0,1,2,397.0
580000.0,1,4,110.0,3.0,1,2,0.0
580000.0,1,4,110.0,3.0,1,2,392.0
540000.0,1,4,68.8,3.0,0,2,0.0
549000.0,1,4,68.0,3.0,1,2,268.0
560000.0,1,4,68.0,3.0,1,2,647.0
620000.0,1,4,88.0,3.0,1,2,380.0
630000.0,1,4,68.0,3.0,0,2,380.0
550000.0,1,4,120.0,3.0,1,2,399.0
570000.0,1,4,58.0,3.0,1,2,384.0
700000.0,1,4,75.0,3.0,1,1,0.0
550000.0,1,4,107.0,3.0,1,2,0.0
550000.0,1,4,110.0,3.0,1,2,0.0
675000.0,1,4,67.0,3.0,1,2,517.0
630000.0,1,4,100.0,3.0,1,2,0.0
630000.0,1,4,100.0,3.0,1,2,450.0
650000.0,1,4,100.0,3.0,1,2,400.0
630000.0,1,4,110.0,3.0,1,2,0.0
630000.0,1,4,100.0,3.0,1,2,400.0
640000.0,1,4,100.0,3.0,1,2,0.0
690000.0,1,4,99.83,3.0,1,2,380.0
595000.0,1,4,68.0,3.0,1,1,383.0
730000.0,1,4,105.0,3.0,1,2,0.0
680000.0,1,4,80.0,3.0,1,2,545.0
590000.0,1,4,69.0,3.0,1,2,0.0
665000.0,1,4,63.0,3.0,1,2,0.0
699000.0,1,4,110.0,3.0,1,2,450.0
1290000.0,1,5,160.0,3.0,1,4,710.0
2600000.0,1,5,400.0,3.0,3,4,600.0
475000.0,1,5,90.0,3.0,0,1,500.0
720000.0,1,5,200.0,3.0,0,4,0.0
1300000.0,1,5,300.0,3.0,1,2,0.0
800000.0,1,5,160.0,3.0,2,2,300.0
755000.0,1,4,108.0,3.0,1,2,0.0
570000.0,1,4,67.0,3.0,1,2,345.0
754999.99,1,4,110.0,3.0,1,2,400.0
480000.0,1,4,68.0,3.0,0,2,0.0
670000.0,1,4,115.0,3.0,1,2,316.0
670000.0,1,4,115.0,3.0,0,2,0.0
665000.0,1,4,66.0,3.0,1,2,0.0
665000.0,1,4,120.0,3.0,1,2,0.0
695000.0,1,4,107.0,3.0,1,2,0.0
665000.0,1,4,100.0,3.0,1,3,500.0
640000.0,1,4,135.0,3.0,1,2,0.0
750000.0,1,4,100.0,3.0,1,2,400.0
560000.0,1,4,68.0,3.0,1,2,320.0
665000.0,1,4,120.0,3.0,1,2,0.0
650000.0,1,4,90.0,3.0,1,2,0.0
600000.0,1,4,68.0,3.0,0,2,500.0
699900.0,1,4,68.0,3.0,1,2,0.0
750000.0,1,4,229.0,3.0,1,0,450.0
1900000.0,1,3,336.0,3.0,3,0,450.0
2290000.0,1,3,310.0,3.0,3,0,550.0
1100000.0,1,3,206.31,3.0,3,4,0.0
2290000.0,1,3,310.0,3.0,3,4,550.0
2190000.0,1,3,290.0,3.0,3,4,550.0
1290000.0,1,3,201.0,3.0,3,2,300.0
1290000.0,1,3,201.0,3.0,3,2,300.0
1163000.0,1,3,161.0,3.0,3,0,0.0
2100000.0,1,3,310.0,3.0,3,4,500.0
2100000.0,1,3,290.0,3.0,3,4,500.0
1390000.0,1,3,201.0,3.0,0,2,0.0
1290000.0,1,3,161.0,3.0,3,2,0.0
950000.0,1,3,203.0,3.0,3,2,0.0
2900000.0,1,3,489.0,3.0,3,2,1150.0
1990000.0,1,3,490.0,3.0,3,2,300.0
1700000.0,1,3,250.0,3.0,3,2,1100.0
1900000.0,1,3,300.0,3.0,3,2,1000.0
2000000.0,1,3,200.0,3.0,3,2,0.0
2100000.0,1,3,350.0,3.0,3,2,0.0
890000.0,1,3,240.0,3.0,3,2,500.0
700000.0,1,3,130.0,3.0,1,4,0.0
980000.0,1,3,220.0,3.0,1,2,180.0
1790000.0,1,3,340.0,3.0,3,2,482.0
650000.0,1,3,140.0,3.0,2,2,300.0
2190000.0,1,3,290.0,3.0,3,4,550.0
1300000.0,1,3,206.31,3.0,3,4,400.0
450000.0,1,4,75.0,3.0,1,0,400.0
1150000.0,1,3,206.0,3.0,3,2,0.0
650000.0,1,4,65.0,3.0,1,2,450.0
550000.0,1,4,65.0,3.0,1,2,0.0
649000.0,1,4,115.0,3.0,1,2,480.0
1150000.0,1,3,140.0,3.0,1,3,730.0
1295000.0,1,3,207.0,3.0,2,2,0.0
1897000.0,1,3,407.0,3.0,3,4,750.0
1350000.0,1,3,190.0,3.0,1,2,716.0
1780000.0,1,3,322.0,3.0,3,2,0.0
2490000.0,1,3,370.0,3.0,3,2,0.0
1780000.0,1,3,320.0,3.0,3,2,1100.0
1790000.0,1,3,360.0,3.0,3,4,395.0
1850000.0,1,3,300.0,3.0,3,2,365.0
1990000.0,1,3,300.0,3.0,3,2,365.0
1134000.0,1,3,206.31,3.0,3,2,0.0
1080000.0,1,3,220.0,3.0,3,4,500.0
1130000.0,1,3,318.0,3.0,3,0,0.0
1590000.0,1,3,284.0,3.0,3,0,0.0
2290000.0,1,3,310.0,3.0,3,2,0.0
2190000.0,1,3,290.0,3.0,3,2,0.0
680000.0,1,3,191.0,3.0,3,2,0.0
1250000.0,1,3,200.0,3.0,1,2,434.0
850000.0,1,3,250.0,3.0,3,2,280.0
760000.0,1,3,300.0,3.0,3,2,0.0
2980000.0,1,10,750.0,4.0,2,4,0.0
2390000.0,1,10,300.0,4.0,2,2,400.0
4195000.0,1,10,506.0,5.0,4,6,1240.0
4950000.0,1,10,780.0,4.0,2,4,1400.0
4800000.0,1,10,795.0,6.0,4,6,1500.0
2690000.0,1,10,540.0,6.0,5,3,0.0
3800000.0,1,10,560.0,4.0,4,6,600.0
2700000.0,1,10,601.84,5.0,5,4,660.0
4490000.0,1,10,600.0,4.0,4,7,600.0
2390000.0,1,10,600.0,4.0,1,0,630.0
4700000.0,1,10,843.0,6.0,5,8,1000.0
1990000.0,1,10,716.0,5.0,3,4,350.0
2750000.0,1,10,500.0,6.0,4,4,625.0
2450000.0,1,10,495.0,5.0,1,4,400.0
2950000.0,1,10,495.0,4.0,4,0,0.0
2300000.0,1,10,550.0,5.0,5,0,0.0
3000000.0,1,10,400.0,4.0,0,5,600.0
2700000.0,1,10,523.0,5.0,5,8,650.0
2950000.0,1,10,495.0,4.0,4,3,450.0
2750000.0,1,10,600.0,6.0,4,2,0.0
2350000.0,1,10,440.0,5.0,3,4,250.0
2150000.0,1,10,400.0,4.0,2,0,0.0
1990000.0,1,10,492.0,4.0,0,4,600.0
1400000.0,1,10,351.0,4.0,4,4,550.0
4400000.0,1,10,467.0,4.0,4,3,750.0
3570000.0,1,10,603.0,5.0,4,4,0.0
2890000.0,1,10,480.0,4.0,4,3,0.0
2690000.0,1,10,764.0,5.0,5,3,400.0
2850000.0,1,10,631.0,4.0,4,3,450.0
3680000.0,1,10,712.0,4.0,3,2,0.0
3500000.0,1,10,327.0,4.0,2,3,400.0
2800000.0,1,10,470.0,4.0,4,3,450.0
2850000.0,1,10,500.0,5.0,4,4,0.0
4700000.0,1,10,843.0,4.0,4,4,500.0
3000000.0,1,10,400.0,4.0,2,4,600.0
3000000.0,1,10,400.0,4.0,2,5,0.0
2700000.0,1,10,563.0,5.0,5,4,0.0
2300000.0,1,10,570.0,5.0,4,6,250.0
2050000.0,1,10,500.0,5.0,3,4,810.0
2500000.0,1,10,420.0,4.0,3,4,300.0
4300000.0,1,10,778.0,4.0,4,4,256.0
4900000.0,1,10,950.0,6.0,0,12,950.0
2200000.0,1,10,900.0,5.0,3,4,450.0
2590000.0,1,10,557.0,6.0,4,4,200.0
2799900.0,1,10,594.0,4.0,4,8,0.0
3649000.0,1,10,750.0,5.0,5,3,0.0
849000.0,1,10,200.0,4.0,1,4,120.0
5000000.0,1,10,680.0,4.0,2,14,300.0
900000.0,1,10,200.0,4.0,1,6,0.0
850000.0,1,10,200.0,4.0,1,6,0.0
3980000.0,1,10,720.0,6.0,5,6,550.0
3950000.0,1,10,750.0,5.0,5,0,500.0
1999000.0,1,10,400.0,4.0,4,5,450.0
3200000.0,1,10,460.0,4.0,4,4,0.0
3000000.0,1,10,594.0,4.0,4,5,200.0
3650000.0,1,10,700.0,4.0,4,7,0.0
2980000.0,1,10,436.0,4.0,4,6,250.0
3200000.0,1,10,650.0,6.0,5,4,800.0
2390000.0,1,10,557.0,6.0,4,4,200.0
2750000.0,1,10,600.0,6.0,3,10,700.0
2200000.0,1,10,840.0,4.0,2,4,350.0
2700000.0,1,10,700.0,6.0,4,7,680.0
2000000.0,1,10,320.0,4.0,2,8,400.0
2800000.0,1,10,440.0,6.0,6,8,300.0
3490000.0,1,10,660.0,5.0,2,8,500.0
3300000.0,1,10,500.0,4.0,4,2,0.0
3500000.0,1,10,400.0,4.0,4,4,0.0
4980000.0,1,10,800.0,4.0,4,10,150.0
2650000.0,1,10,680.0,5.0,5,1,800.0
1880000.0,1,10,330.6,4.0,3,4,250.0
4950000.0,1,10,800.0,5.0,5,5,0.0
2700000.0,1,10,700.0,4.0,2,8,0.0
2700000.0,1,10,700.0,6.0,4,6,0.0
2700000.0,1,10,500.0,6.0,0,3,0.0
2700000.0,1,10,700.0,6.0,4,4,680.0
2900000.0,1,10,650.0,6.0,4,7,0.0
1790000.0,1,10,330.0,4.0,0,3,250.0
2650000.0,1,10,680.0,5.0,5,2,0.0
2700000.0,1,10,700.0,5.0,5,5,600.0
2700000.0,1,10,700.0,6.0,4,8,250.0
2150000.0,1,10,400.0,4.0,2,0,0.0
2150000.0,1,10,728.0,4.0,3,2,300.0
1800000.0,1,10,550.0,4.0,2,6,600.0
4100000.0,1,10,600.0,4.0,4,0,1100.0
3300000.0,1,10,570.0,4.0,4,2,1694.0
4950000.0,1,10,805.0,6.0,6,0,0.0
4800000.0,1,10,500.0,5.0,4,4,700.0
4000000.0,1,10,540.0,5.0,5,6,500.0
4800000.0,1,10,600.0,5.0,5,5,1000.0
2600000.0,1,10,480.0,4.0,2,3,450.0
2850000.0,1,10,700.0,7.0,7,0,0.0
2150000.0,1,10,492.0,4.0,4,4,0.0
3600000.0,1,10,860.0,8.0,8,9,0.0
2500000.0,1,10,390.0,4.0,2,4,0.0
2899000.0,1,10,715.22,5.0,4,8,0.0
1850000.0,1,10,500.0,4.0,3,0,0.0
2200000.0,1,10,625.0,6.0,4,6,0.0
1890000.0,1,10,400.0,4.0,2,10,0.0
1895000.0,1,10,394.0,4.0,2,4,0.0
1895000.0,1,10,394.0,4.0,2,4,500.0
2850000.0,1,10,800.0,7.0,5,3,0.0
4699000.0,1,10,730.0,4.0,4,7,2100.0
1950000.0,1,10,200.0,6.0,6,20,0.0
2480000.0,1,10,440.0,4.0,3,4,500.0
2550000.0,1,10,542.75,8.0,5,11,550.0
2570000.0,1,10,500.0,5.0,5,0,380.0
3200000.0,1,10,516.0,4.0,4,3,0.0
2999999.99,1,10,350.0,5.0,4,3,500.0
3999999.0,1,10,400.0,5.0,4,4,400.0
2299000.0,1,10,391.3,4.0,3,2,600.0
1790000.0,1,10,400.0,5.0,3,2,0.0
2350000.0,1,10,440.0,5.0,3,2,300.0
2500000.0,1,10,500.0,5.0,2,4,0.0
2350000.0,1,10,500.0,4.0,2,2,0.0
2850000.0,1,10,560.0,4.0,3,5,300.0
3500000.0,1,10,651.0,5.0,5,4,780.0
2200000.0,1,10,500.0,4.0,2,5,0.0
2400000.0,1,10,500.0,4.0,2,5,0.0
2600000.0,1,10,500.0,4.0,2,7,0.0
3300000.0,1,10,950.0,5.0,5,8,660.0
4800000.0,1,10,688.0,4.0,4,0,700.0
4500000.0,1,10,970.0,4.0,4,8,0.0
3970000.0,1,10,609.0,8.0,5,6,500.0
2600000.0,1,10,550.0,4.0,4,4,500.0
2990000.0,1,10,546.0,4.0,4,4,700.0
2498000.0,1,10,458.0,4.0,4,4,0.0
2100000.0,1,10,500.0,4.0,2,0,470.0
2690000.0,1,10,420.0,5.0,3,2,0.0
3890000.0,1,10,644.0,4.0,4,0,0.0
3890000.0,1,10,550.0,4.0,4,3,0.0
1600000.0,1,10,420.0,4.0,3,2,180.0
3300000.0,1,10,641.0,6.0,4,2,150.0
2050000.0,1,10,398.0,6.0,4,2,350.0
2900000.0,1,10,403.0,4.0,4,3,850.0
1790000.0,1,10,394.0,4.0,3,4,250.0
2590000.0,1,10,600.0,5.0,3,4,900.0
2100000.0,1,10,500.0,4.0,3,6,0.0
3595000.0,1,10,400.0,4.0,4,2,850.0
2380000.0,1,10,375.0,4.0,4,4,500.0
2800000.0,1,10,369.0,6.0,0,0,341.0
3500000.0,1,10,500.0,4.0,4,4,0.0
3200000.0,1,10,846.0,5.0,4,4,200.0
2390000.0,1,10,600.0,4.0,1,12,630.0
2400000.0,1,10,382.34,4.0,2,4,400.0
2700000.0,1,10,767.0,4.0,2,8,350.0
2850000.0,1,10,767.0,4.0,3,6,350.0
1895000.0,1,10,390.0,4.0,2,4,0.0
2800000.0,1,10,508.13,4.0,4,5,0.0
2550000.0,1,10,389.0,5.0,5,8,0.0
3500000.0,1,10,700.0,5.0,5,8,0.0
3500000.0,1,10,700.0,5.0,5,8,0.0
3900000.0,1,10,480.0,4.0,4,2,1400.0
2700000.0,1,10,500.0,4.0,4,4,0.0
3100000.0,1,10,598.0,5.0,2,3,0.0
1990000.0,1,10,380.0,4.0,2,6,300.0
2950000.0,1,10,590.0,4.0,4,8,300.0
2189000.0,1,10,484.0,5.0,5,2,500.0
3750000.0,1,10,700.0,5.0,3,2,400.0
3750000.0,1,10,700.0,7.0,5,4,500.0
3290000.0,1,10,535.0,5.0,3,0,350.0
2700000.0,1,10,610.0,4.0,4,0,350.0
2887000.0,1,10,500.0,5.0,4,0,0.0
1990000.0,1,10,100.0,5.0,5,0,550.0
3290000.0,1,10,535.0,4.0,3,5,370.0
3290000.0,1,10,535.0,4.0,3,1,370.0
2100000.0,1,10,500.0,4.0,3,4,0.0
2800000.0,1,10,508.13,4.0,4,6,0.0
2890000.0,1,10,777.0,4.0,2,8,350.0
3280000.0,1,10,370.0,4.0,4,5,450.0
4490000.0,1,6,560.0,4.0,4,4,3600.0
4000000.0,1,6,200.0,4.0,0,2,0.0
4200000.0,1,6,767.0,4.0,4,4,0.0
4400000.0,1,6,600.0,4.0,4,4,0.0
4400000.0,1,6,700.0,5.0,5,4,0.0
3630000.0,1,6,700.0,5.0,3,4,0.0
3600000.0,1,6,450.0,4.0,3,3,0.0
3990000.0,1,6,200.0,6.0,6,5,0.0
3990000.0,1,6,200.0,6.0,6,5,0.0
3990000.0,1,6,888.91,6.0,6,5,0.0
3900000.0,1,6,500.0,4.0,2,6,0.0
5000000.0,1,6,375.0,4.0,2,4,0.0
4000000.0,1,6,500.0,4.0,0,0,0.0
3700000.0,1,6,400.0,4.0,0,2,0.0
4200000.0,1,6,640.0,5.0,4,5,0.0
4750000.0,1,6,448.3,7.0,5,8,0.0
5000000.0,1,6,375.0,4.0,2,10,0.0
5000000.0,1,6,375.0,4.0,2,0,0.0
4499000.0,1,6,200.0,8.0,6,6,0.0
4950000.0,1,6,934.0,4.0,1,4,0.0
4950000.0,1,6,500.0,5.0,2,4,0.0
4950000.0,1,6,500.0,4.0,2,2,0.0
4950000.0,1,6,500.0,4.0,2,4,0.0
4950000.0,1,6,500.0,4.0,2,4,0.0
4950000.0,1,6,500.0,4.0,2,4,0.0
4500000.0,1,6,550.0,6.0,2,3,0.0
3990000.0,1,6,890.0,6.0,6,7,0.0
3990000.0,1,6,780.0,6.0,6,5,0.0
4400000.0,1,6,800.0,6.0,4,4,0.0
4400000.0,1,6,800.0,6.0,4,4,0.0
4500000.0,1,6,780.0,6.0,6,7,0.0
4400000.0,1,6,750.0,6.0,4,4,0.0
4400000.0,1,6,800.0,6.0,4,4,0.0
4500000.0,1,6,770.0,6.0,6,7,0.0
4500000.0,1,6,770.0,6.0,6,7,0.0
4500000.0,1,6,770.0,6.0,6,7,0.0
4740000.0,1,6,472.0,4.0,4,2,3596.0
2990000.0,1,6,400.0,4.0,0,0,0.0
2990000.0,1,6,400.0,4.0,0,0,0.0
4900000.0,1,6,752.0,6.0,5,6,1500.0
4400000.0,1,6,310.0,4.0,2,2,0.0
4250000.0,1,6,540.0,4.0,2,2,0.0
4200000.0,1,6,312.0,4.0,4,4,0.0
3490000.0,1,6,437.11,4.0,4,6,0.0
4900000.0,1,6,412.0,4.0,2,3,0.0
3600000.0,1,6,283.0,4.0,4,4,700.0
3900000.0,1,6,530.0,5.0,4,6,0.0
3600000.0,1,6,713.0,4.0,4,4,700.0
3598000.0,1,6,238.0,4.0,4,6,700.0
3200000.0,1,6,231.0,4.0,4,4,700.0
3200000.0,1,6,300.0,4.0,4,4,0.0
4950000.0,1,6,558.0,4.0,2,2,500.0
4100000.0,1,6,580.0,5.0,3,6,0.0
5000000.0,1,6,500.0,4.0,4,0,0.0
2200000.0,1,10,378.21,6.0,5,8,550.0
3200000.0,1,10,516.0,4.0,4,3,300.0
1150000.0,1,3,230.0,3.0,3,2,0.0
750000.0,1,3,150.0,2.0,0,2,0.0
900000.0,1,3,300.0,2.0,0,4,0.0
550000.0,1,3,139.0,2.0,0,1,0.0
690000.0,1,3,150.0,2.0,1,2,720.0
785000.0,1,3,300.0,2.0,1,4,0.0
540000.0,1,3,160.0,2.0,1,2,827.0
795000.0,1,3,303.0,2.0,2,3,827.0
1050000.0,1,3,200.0,2.0,1,4,845.0
950000.0,1,3,170.0,2.0,1,2,670.0
990000.0,1,3,190.0,2.0,1,4,750.0
575000.0,1,3,60.0,2.0,0,4,0.0
750000.0,1,3,120.0,2.0,0,2,400.0
2150000.0,1,3,300.0,2.0,2,6,990.0
550000.0,1,3,100.0,2.0,0,2,400.0
650000.0,1,3,100.0,2.0,1,4,480.0
620000.0,1,3,140.0,2.0,1,0,400.0
998000.0,1,3,285.0,2.0,1,0,0.0
619000.0,1,3,140.0,2.0,1,4,400.0
595000.0,1,3,80.0,2.0,1,1,480.0
300000.0,1,3,55.0,2.0,0,0,0.0
530000.0,1,3,120.0,2.0,1,2,150.0
1790000.0,1,3,200.0,2.0,2,2,0.0
750000.0,1,3,72.0,2.0,2,2,0.0
439000.0,1,3,145.0,2.0,2,10,350.0
780000.0,1,3,216.0,2.0,2,3,600.0
960000.0,1,3,250.0,2.0,1,4,480.0
1050000.0,1,3,346.0,2.0,2,0,0.0
990000.0,1,3,236.74,2.0,2,3,587.0
239900.0,1,3,77.0,2.0,0,0,0.0
495000.0,1,3,65.0,2.0,2,2,375.0
460000.0,1,3,179.0,2.0,1,1,260.0
420000.0,1,3,120.0,2.0,0,2,280.0
420000.0,1,3,101.0,2.0,0,2,0.0
520000.0,1,3,200.0,2.0,1,2,320.0
950000.0,1,3,150.0,2.0,2,3,673.0
950000.0,1,3,200.0,2.0,1,4,647.0
900000.0,1,3,200.0,2.0,1,4,0.0
1450000.0,1,3,170.0,2.0,1,1,0.0
780000.0,1,3,175.0,2.0,1,2,560.0
900000.0,1,3,200.0,2.0,1,0,650.0
1550000.0,1,3,200.0,2.0,1,4,657.0
1050000.0,1,3,120.0,2.0,1,2,650.0
874900.0,1,3,180.0,2.0,0,0,650.0
950000.0,1,3,160.0,2.0,2,2,649.0
850000.0,1,3,120.0,2.0,2,1,595.0
900000.0,1,3,120.0,2.0,1,1,585.0
990000.0,1,3,120.0,2.0,0,4,750.0
1950000.0,1,3,220.0,2.0,2,4,900.0
900000.0,1,3,272.0,2.0,1,3,0.0
990000.0,1,3,236.0,2.0,2,3,620.0
990000.0,1,3,236.0,2.0,2,3,587.0
790000.0,1,3,132.0,2.0,0,4,777.0
700000.0,1,3,80.0,2.0,0,4,330.0
690000.0,1,3,40.0,1.0,1,4,0.0
600000.0,1,3,120.0,1.0,1,2,0.0
470000.0,1,3,120.0,1.0,0,0,1400.0
760000.0,1,3,75.0,1.0,0,3,425.0
800000.0,1,3,170.0,1.0,1,0,450.0
629000.0,1,3,100.0,1.0,1,1,840.0
750000.0,1,4,68.0,3.0,1,2,480.0
624900.0,1,3,100.0,1.0,1,0,845.0
650000.0,1,3,100.0,1.0,0,2,400.0
650000.0,1,3,212.0,1.0,1,2,0.0
645000.0,1,3,50.0,1.0,0,0,580.0
700000.0,1,3,70.0,1.0,0,0,513.0
990000.0,1,3,95.0,1.0,1,0,600.0
795000.0,1,3,76.0,1.0,0,2,495.0
780000.0,1,3,80.0,1.0,0,0,515.0
650000.0,1,3,50.0,1.0,0,1,0.0
619000.0,1,3,80.0,1.0,0,1,0.0
1200000.0,1,3,100.0,1.0,0,4,858.0
1200000.0,1,3,100.0,1.0,0,4,858.0
650000.0,1,3,200.0,1.0,0,4,0.0
336000.0,1,3,18.0,1.0,1,0,0.0
620000.0,1,3,120.0,1.0,0,4,0.0
570000.0,1,3,120.0,1.0,1,3,601.0
1500000.0,1,3,254.52,1.0,1,2,777.0
990000.0,1,3,140.0,2.0,1,3,600.0
780000.0,1,3,80.0,2.0,0,2,550.0
689000.0,1,3,60.0,2.0,0,0,495.0
810000.0,1,3,80.0,2.0,1,4,0.0
618500.0,1,3,80.0,2.0,1,2,550.0
849000.0,1,3,88.0,2.0,1,3,495.0
990000.0,1,3,207.0,2.0,1,4,600.0
2150000.0,1,3,400.0,2.0,2,4,630.0
490000.0,1,3,120.0,2.0,1,1,700.0
490000.0,1,3,70.0,2.0,1,0,500.0
950000.0,1,3,220.0,2.0,2,2,0.0
1040000.0,1,3,230.0,2.0,2,2,650.0
2180000.0,1,3,400.0,2.0,2,4,480.0
950000.0,1,3,220.0,2.0,2,2,480.0
599000.0,1,3,100.0,2.0,0,0,0.0
590000.0,1,3,196.0,2.0,0,4,0.0
515000.0,1,3,150.0,2.0,0,6,700.0
470000.0,1,3,100.0,2.0,1,2,0.0
460000.0,1,3,55.0,2.0,0,2,0.0
410000.0,1,3,80.0,2.0,0,3,0.0
690000.0,1,3,200.0,2.0,2,2,456.0
850000.0,1,3,200.0,2.0,1,2,200.0
830000.0,1,3,150.0,2.0,1,0,0.0
2600000.0,1,10,560.0,4.0,3,0,0.0
2200000.0,1,10,200.0,2.0,0,2,600.0
850000.0,1,2,230.0,3.0,1,2,0.0
1790000.0,1,10,300.0,2.0,1,3,0.0
1300000.0,1,10,200.0,2.0,1,2,350.0
2430000.0,1,10,238.7,2.0,1,3,0.0
2550000.0,1,10,238.0,2.0,1,1,0.0
1400000.0,1,10,102.0,2.0,0,0,0.0
458000.0,1,3,80.0,2.0,1,0,0.0
1150000.0,1,10,150.0,2.0,0,0,450.0
550000.0,1,6,150.0,2.0,1,2,200.0
1800000.0,1,5,228.0,2.0,1,12,0.0
1100000.0,1,5,400.0,2.0,2,2,304.0
709000.0,1,5,200.0,2.0,1,6,0.0
1400000.0,1,5,211.0,2.0,2,4,610.0
559999.0,1,4,60.0,2.0,0,1,416.0
539000.0,1,4,72.5,2.0,0,2,410.0
550000.0,1,4,51.0,2.0,0,2,0.0
580000.0,1,4,75.0,2.0,0,1,0.0
3500000.0,1,3,506.0,3.0,3,4,770.0
1490000.0,1,3,227.0,3.0,3,2,999.0
1245000.0,1,3,260.0,3.0,2,4,1150.0
1850000.0,1,3,380.0,3.0,3,1,300.0
768000.0,1,3,260.0,3.0,3,2,200.0
768000.0,1,3,260.0,3.0,3,2,150.0
1200000.0,1,3,200.0,3.0,3,2,0.0
900000.0,1,3,200.0,3.0,3,2,450.0
870000.0,1,3,251.0,3.0,1,2,0.0
890000.0,1,3,280.0,3.0,1,2,200.0
1280000.0,1,3,290.0,3.0,3,3,0.0
630000.0,1,3,256.0,3.0,2,3,150.0
920000.0,1,3,164.0,3.0,3,2,250.0
749000.0,1,3,255.0,3.0,3,2,150.0
700000.0,1,3,150.0,3.0,1,4,0.0
1029000.0,1,3,160.0,3.0,1,2,600.0
599000.0,1,3,150.0,3.0,1,2,0.0
780000.0,1,3,180.0,3.0,3,2,120.0
570000.0,1,3,155.0,3.0,1,2,120.0
580000.0,1,3,140.0,3.0,1,2,200.0
690000.0,1,3,270.0,3.0,3,2,200.0
990000.0,1,3,250.0,3.0,3,2,250.0
560000.0,1,3,150.0,3.0,2,2,0.0
1200000.0,1,3,250.0,3.0,3,2,0.0
650000.0,1,3,150.0,3.0,1,2,0.0
2100000.0,1,3,340.0,3.0,3,4,0.0
1550000.0,1,3,300.0,3.0,3,2,365.0
530000.0,1,4,75.0,2.0,0,2,0.0
530000.0,1,4,90.0,2.0,1,2,400.0
530000.0,1,4,90.0,2.0,1,2,0.0
650000.0,1,3,119.0,2.0,1,2,0.0
790000.0,1,3,179.0,2.0,0,2,601.0
935000.0,1,3,145.0,2.0,2,2,601.0
820000.0,1,3,243.96,2.0,0,2,0.0
1300000.0,1,3,250.0,2.0,2,2,0.0
550000.0,1,3,195.73,2.0,0,0,601.0
799000.0,1,3,275.0,2.0,2,2,450.0
799000.0,1,3,280.0,2.0,2,4,450.0
439000.0,1,3,100.0,2.0,0,2,0.0
899000.0,1,3,375.0,2.0,2,0,0.0
650000.0,1,3,290.0,2.0,2,1,354.0
560000.0,1,3,170.0,2.0,0,0,344.0
1300000.0,1,3,110.0,2.0,0,2,430.0
700000.0,1,3,132.0,2.0,1,2,195.0
549000.0,1,3,124.0,2.0,0,0,550.0
600000.0,1,3,180.0,2.0,1,2,500.0
670000.0,1,3,132.0,2.0,1,2,195.0
850000.0,1,3,175.0,2.0,0,2,668.0
690000.0,1,3,180.0,2.0,0,0,757.0
749000.0,1,3,248.78,2.0,2,0,650.0
650000.0,1,3,200.0,2.0,1,0,588.0
650000.0,1,3,200.0,2.0,1,0,588.0
450000.0,1,3,150.0,2.0,0,1,0.0
1100000.0,1,3,256.0,2.0,0,2,0.0
949000.0,1,3,183.0,2.0,1,3,601.0
530000.0,1,4,56.0,2.0,0,2,0.0
900000.0,1,3,345.57,2.0,2,2,601.0
475000.0,1,4,58.0,2.0,0,2,0.0
495000.0,1,4,64.0,2.0,0,1,0.0
505000.0,1,4,80.0,2.0,0,0,300.0
460000.0,1,4,100.0,2.0,0,2,400.0
460000.0,1,4,75.0,2.0,0,2,425.0
460000.0,1,4,74.61,2.0,0,2,0.0
1100000.0,1,3,419.0,2.0,2,2,746.0
1290000.0,1,3,170.0,2.0,1,4,0.0
1220000.0,1,3,180.0,2.0,0,4,750.0
1220000.0,1,3,180.0,2.0,0,4,730.0
550000.0,1,3,143.0,2.0,2,3,80.0
890000.0,1,3,160.0,2.0,2,10,598.0
685000.0,1,3,109.29,2.0,1,3,0.0
890000.0,1,3,160.0,2.0,1,0,0.0
1795000.0,1,3,300.0,2.0,1,2,900.0
1750000.0,1,3,130.0,2.0,0,2,888.0
1820000.0,1,3,110.0,2.0,0,2,958.0
2500000.0,1,3,120.0,2.0,1,3,885.0
750000.0,1,3,100.0,2.0,0,1,0.0
1150000.0,1,3,185.0,2.0,1,0,490.0
480000.0,1,3,60.0,1.0,0,0,0.0
4950000.0,1,10,500.0,5.0,2,2,150.0
2190000.0,1,10,400.0,5.0,3,3,290.0
2999000.0,1,10,430.0,6.0,2,5,0.0
3880000.0,1,10,600.0,5.0,3,8,0.0
1600000.0,1,10,500.0,4.0,4,4,350.0
3800000.0,1,10,300.0,5.0,4,1,0.0
1890000.0,1,10,311.0,4.0,4,3,0.0
3850000.0,1,10,650.0,7.0,3,4,800.0
1500000.0,1,13,351.0,4.0,4,2,0.0
3200000.0,1,10,460.0,5.0,3,2,400.0
3700000.0,1,10,500.0,4.0,4,1,0.0
3850000.0,1,10,500.0,4.0,4,3,0.0
1950000.0,1,10,300.0,4.0,1,3,300.0
3500000.0,1,10,400.0,4.0,4,0,200.0
3700000.0,1,10,420.0,4.0,4,4,0.0
2950000.0,1,10,220.0,4.0,3,6,1396.0
1150000.0,1,10,200.0,4.0,4,2,100.0
850000.0,1,10,120.0,4.0,2,3,0.0
3400000.0,1,10,160.0,4.0,4,4,0.0
3500000.0,1,10,462.0,4.0,3,7,400.0
4000000.0,1,10,780.0,4.0,4,6,200.0
4000000.0,1,10,600.0,4.0,4,6,200.0
3490000.0,1,10,670.0,5.0,3,8,0.0
3490000.0,1,10,500.0,4.0,3,7,0.0
2700000.0,1,10,400.0,4.0,4,4,0.0
3700000.0,1,10,500.0,6.0,4,2,0.0
1798000.0,1,10,280.0,6.0,5,8,180.0
2100000.0,1,10,346.0,5.0,3,4,0.0
3480000.0,1,10,500.0,6.0,5,5,250.0
2600000.0,1,10,500.0,6.0,3,4,200.0
2540000.0,1,10,850.0,5.0,3,0,280.0
4500000.0,1,10,840.0,5.0,5,6,350.0
2190000.0,1,10,500.0,4.0,4,4,0.0
4200000.0,1,10,500.0,7.0,3,6,550.0
3900000.0,1,10,762.0,6.0,6,12,400.0
3900000.0,1,10,761.0,6.0,6,12,400.0
3500000.0,1,10,500.0,5.0,5,4,600.0
4500000.0,1,10,840.0,5.0,5,6,500.0
1990000.0,1,10,716.0,5.0,3,5,1.0
1990000.0,1,10,720.0,5.0,1,5,0.0
1749000.0,1,10,600.0,4.0,2,4,492.0
3300000.0,1,10,550.0,4.0,4,3,0.0
2100000.0,1,10,599.0,4.0,4,4,1100.0
2130000.0,1,10,300.0,5.0,4,4,0.0
2090000.0,1,10,716.0,5.0,3,0,0.0
2630000.0,1,10,500.0,4.0,1,4,350.0
2950000.0,1,10,400.0,4.0,3,2,250.0
2750000.0,1,10,440.0,5.0,3,3,400.0
2200000.0,1,10,346.0,5.0,2,5,500.0
3900000.0,1,10,500.0,4.0,4,5,200.0
4997000.0,1,10,460.0,4.0,2,12,1000.0
2500000.0,1,10,500.0,4.0,4,0,0.0
3300000.0,1,10,580.0,5.0,5,4,380.0
1000000.0,1,10,270.0,4.0,4,4,0.0
1290000.0,1,10,500.0,6.0,3,5,0.0
1590000.0,1,10,350.0,5.0,2,4,0.0
4997000.0,1,10,460.0,4.0,2,12,1000.0
2800000.0,1,10,600.0,5.0,2,5,200.0
3490000.0,1,10,515.0,4.0,4,4,0.0
2900000.0,1,10,300.0,4.0,0,4,450.0
3600000.0,1,10,700.0,10.0,7,6,0.0
3300000.0,1,10,600.0,6.0,3,6,150.0
2790000.0,1,10,575.0,4.0,4,4,0.0
4500000.0,1,10,840.0,5.0,5,6,300.0
2200000.0,1,10,346.0,6.0,3,5,800.0
2950000.0,1,10,650.0,5.0,5,15,0.0
3100000.0,1,10,650.0,5.0,5,10,0.0
3500000.0,1,10,500.0,4.0,2,4,450.0
2270000.0,1,12,343.0,5.0,3,2,0.0
3650000.0,1,12,576.0,4.0,3,4,0.0
3650000.0,1,12,577.0,4.0,3,4,0.0
3650000.0,1,12,577.0,4.0,3,4,0.0
2490000.0,1,12,450.0,4.0,4,4,0.0
2490000.0,1,12,412.0,4.0,4,4,0.0
2290000.0,1,12,368.0,4.0,1,7,0.0
3400000.0,1,12,400.0,5.0,4,4,0.0
2290000.0,1,12,326.0,4.0,4,6,0.0
3350000.0,1,12,380.0,4.0,4,5,0.0
2900000.0,1,12,746.0,4.0,4,4,0.0
2990000.0,1,12,850.0,6.0,5,3,0.0
2480000.0,1,12,466.0,5.0,3,3,0.0
2480000.0,1,12,466.0,4.0,3,2,0.0
2200000.0,1,12,377.0,5.0,4,3,0.0
2899000.0,1,12,690.0,4.0,4,4,0.0
1840000.0,1,12,230.0,4.0,1,2,0.0
2190000.0,1,12,350.0,4.0,2,3,0.0
3800000.0,1,12,520.0,5.0,5,4,0.0
1700000.0,1,12,265.0,4.0,4,4,0.0
1729000.0,1,12,419.0,4.0,4,2,0.0
2100000.0,1,12,800.0,4.0,3,2,0.0
1990000.0,1,12,300.0,4.0,4,4,0.0
2550000.0,1,12,790.0,5.0,5,4,0.0
3650000.0,1,12,577.0,4.0,3,4,0.0
3200000.0,1,12,450.0,5.0,4,0,0.0
2490000.0,1,12,428.0,4.0,4,6,0.0
3200000.0,1,12,480.0,5.0,4,0,0.0
1690000.0,1,13,515.0,6.0,4,3,0.0
1300000.0,1,13,228.0,5.0,2,4,0.0
1900000.0,1,13,368.0,6.0,5,2,0.0
1495000.0,1,13,210.0,4.0,1,5,0.0
1740000.0,1,13,260.0,4.0,1,6,0.0
1740000.0,1,13,190.0,4.0,1,6,0.0
1200000.0,1,13,430.0,15.0,15,2,0.0
900000.0,1,13,339.0,7.0,2,3,0.0
1530000.0,1,13,238.0,6.0,3,2,0.0
2450000.0,1,13,600.0,5.0,5,4,0.0
1800000.0,1,13,620.0,7.0,7,3,0.0
1900000.0,1,13,300.0,14.0,0,3,0.0
1600000.0,1,13,300.0,5.0,1,4,0.0
1390000.0,1,13,284.0,4.0,2,0,0.0
2288000.0,1,12,350.0,4.0,4,2,0.0
2990000.0,1,12,850.0,6.0,4,4,0.0
2379000.0,1,12,331.0,4.0,4,0,0.0
2190000.0,1,12,800.0,7.0,4,0,0.0
1150000.0,1,12,374.4,4.0,4,2,0.0
1690000.0,1,12,420.0,4.0,4,2,0.0
2380000.0,1,12,400.0,5.0,3,6,0.0
1980000.0,1,10,614.0,5.0,3,4,0.0
2200000.0,1,10,750.0,5.0,5,10,300.0
2890000.0,1,10,800.0,5.0,4,0,0.0
1980000.0,1,10,614.0,5.0,3,4,150.0
2250000.0,1,10,550.0,5.0,3,6,300.0
2200000.0,1,10,614.0,5.0,1,5,0.0
2690000.0,1,10,540.0,5.0,5,8,550.0
1980000.0,1,10,584.16,5.0,3,4,150.0
4800000.0,1,10,474.5,5.0,5,4,0.0
4800000.0,1,10,475.0,5.0,4,4,0.0
4800000.0,1,10,475.0,6.0,5,8,500.0
4500000.0,1,10,544.0,4.0,4,4,0.0
3600000.0,1,10,407.0,4.0,4,8,0.0
3200000.0,1,10,500.0,6.0,6,4,0.0
3200000.0,1,10,750.0,6.0,6,4,356.0
3300000.0,1,10,500.0,4.0,3,4,0.0
3399000.0,1,10,564.07,4.0,3,4,0.0
2980000.0,1,10,770.0,5.0,3,2,125.0
2980000.0,1,10,770.0,5.0,4,0,0.0
3000000.0,1,10,600.0,7.0,5,6,0.0
2890000.0,1,10,800.0,6.0,5,4,150.0
3890000.0,1,10,807.0,5.0,4,4,200.0
1850000.0,1,12,229.0,4.0,4,2,0.0
1800000.0,1,10,300.0,5.0,4,8,300.0
3100000.0,1,12,460.0,7.0,4,5,0.0
2290000.0,1,12,729.0,6.0,6,10,0.0
2480000.0,1,12,300.0,4.0,3,6,0.0
1850000.0,1,12,400.0,4.0,3,2,0.0
2480000.0,1,12,300.0,4.0,3,3,0.0
2750000.0,1,12,261.0,4.0,2,1,0.0
3000000.0,1,12,423.0,4.0,4,4,0.0
3500000.0,1,12,400.0,4.0,4,4,0.0
2290000.0,1,12,326.0,4.0,4,2,0.0
2480000.0,1,12,466.0,4.0,3,2,0.0
2480000.0,1,12,300.0,4.0,4,3,0.0
2500000.0,1,12,450.0,5.0,5,4,0.0
1850000.0,1,12,250.0,4.0,2,2,0.0
2899000.0,1,12,690.0,4.0,4,4,0.0
1890000.0,1,12,330.0,4.0,4,0,0.0
2400000.0,1,12,300.0,4.0,3,3,0.0
3390000.0,1,12,443.0,4.0,4,4,0.0
3600000.0,1,12,577.0,4.0,4,4,0.0
2850000.0,1,12,670.0,4.0,4,6,0.0
4970000.0,1,10,890.0,6.0,5,3,330.0
3000000.0,1,10,424.0,4.0,4,4,300.0
720000.0,1,4,110.0,3.0,1,2,520.0
640000.0,1,4,68.0,3.0,0,2,244.0
2050000.0,0,1,127.0,3.0,1,1,1000.0
1990000.0,0,1,115.0,3.0,1,1,1257.0
1550000.0,0,1,105.0,3.0,2,0,1100.0
1550000.0,0,1,160.89,3.0,1,0,1817.0
1600000.0,0,1,104.0,3.0,1,0,1100.0
1600000.0,0,1,103.0,3.0,1,0,0.0
1490000.0,0,1,140.0,3.0,1,0,0.0
1600000.0,0,1,104.0,3.0,1,0,1100.0
2100000.0,0,1,110.0,3.0,1,1,0.0
2200000.0,0,1,115.0,3.0,1,1,1350.0
1990000.0,0,1,115.0,3.0,1,1,0.0
1990000.0,0,1,115.0,3.0,1,1,1257.0
1990000.0,0,1,115.0,3.0,1,1,1300.0
2050000.0,0,1,115.0,3.0,1,1,0.0
1698000.0,0,1,160.89,3.0,1,0,1200.0
1400000.0,0,1,115.0,3.0,1,1,980.0
2220000.0,0,1,167.0,3.0,0,0,0.0
2290000.0,0,1,162.0,3.0,1,1,0.0
2200000.0,0,1,164.0,3.0,1,1,0.0
2300000.0,0,1,168.0,3.0,1,0,1900.0
2200000.0,0,1,168.0,3.0,1,1,1800.0
1770000.0,0,1,119.0,3.0,1,1,1413.0
1410000.0,0,1,122.0,3.0,1,0,1000.0
1280000.0,0,1,123.0,3.0,1,0,1000.0
1500000.0,0,1,112.0,3.0,1,1,1350.0
1600000.0,0,1,105.0,3.0,1,0,1350.0
1690000.0,0,1,120.0,3.0,1,1,1712.0
1910000.0,0,1,158.0,3.0,1,1,1480.0
1900000.0,0,1,97.0,3.0,1,1,1700.0
2700000.0,0,1,174.0,3.0,1,1,1944.0
2800000.0,0,1,174.0,3.0,1,1,0.0
1200000.0,0,1,145.0,3.0,2,0,1250.0
4350000.0,0,1,228.0,3.0,3,2,0.0
1980000.0,0,1,120.0,3.0,1,1,1400.0
2400000.0,0,1,157.28,3.0,1,1,1300.0
1930000.0,0,1,157.0,3.0,1,1,1350.0
2650000.0,0,1,157.0,3.0,1,1,1500.0
2420000.0,0,1,157.0,3.0,1,1,1662.0
1930000.0,0,1,157.0,3.0,1,1,1400.0
1600000.0,0,1,146.0,3.0,1,0,1500.0
1930000.0,0,1,157.0,3.0,1,1,1350.0
2480000.0,0,1,157.0,3.0,1,1,1750.0
1460000.0,0,1,90.0,3.0,1,1,0.0
1499000.0,0,1,126.0,3.0,1,0,1500.0
1650000.0,0,1,126.0,3.0,1,0,1600.0
1550000.0,0,1,130.0,3.0,1,0,0.0
1650000.0,0,1,148.0,3.0,1,0,2172.0
1650000.0,0,1,148.34,3.0,1,0,1900.0
1650000.0,0,1,154.0,3.0,1,0,0.0
1650000.0,0,1,126.0,3.0,0,0,1600.0
1490000.0,0,1,133.58,3.0,1,0,1498.0
1990000.0,0,1,112.0,3.0,1,1,1400.0
1820000.0,0,1,120.0,3.0,1,1,1290.0
2400000.0,0,1,156.0,3.0,1,1,1590.0
2200000.0,0,1,163.0,3.0,1,1,1800.0
2600000.0,0,1,163.0,3.0,1,1,0.0
2720000.0,0,1,175.0,3.0,1,1,0.0
1940000.0,0,1,107.0,3.0,1,1,1700.0
1940000.0,0,1,107.0,3.0,1,1,1600.0
1940000.0,0,1,108.0,3.0,1,1,1700.0
2200000.0,0,1,163.0,3.0,1,1,1500.0
2500000.0,0,1,163.0,3.0,2,1,0.0
2450000.0,0,1,163.0,3.0,2,1,1390.0
1940000.0,0,1,110.0,3.0,1,1,1680.0
1939000.0,0,1,107.0,3.0,1,1,1800.0
1940000.0,0,1,107.0,3.0,1,1,1700.0
2350000.0,0,1,164.0,3.0,2,1,0.0
2399500.0,0,1,170.0,3.0,1,1,1370.0
1600000.0,0,1,125.0,3.0,1,1,1465.0
1290000.0,0,1,90.0,3.0,1,1,1200.0
1800000.0,0,1,130.0,3.0,1,1,0.0
1600000.0,0,1,130.0,3.0,1,1,0.0
1320000.0,0,1,100.51,3.0,1,0,1250.0
1200000.0,0,1,87.0,3.0,1,0,1259.0
1100000.0,0,1,89.0,3.0,0,0,1265.0
1100000.0,0,1,87.22,3.0,0,0,1260.0
1470000.0,0,1,101.0,3.0,1,0,0.0
1550000.0,0,1,98.0,3.0,1,0,1230.0
1100000.0,0,1,88.0,3.0,0,0,1259.0
2530000.0,0,1,163.0,3.0,1,1,1390.0
2450000.0,0,1,168.0,3.0,3,1,1400.0
1550000.0,0,1,120.0,3.0,1,1,1290.0
1899000.0,0,1,120.0,3.0,1,1,1300.0
2400000.0,0,1,173.0,3.0,1,0,0.0
1450000.0,0,1,120.0,3.0,1,1,1712.0
560000.0,1,4,69.0,3.0,1,2,0.0
2050000.0,0,1,127.0,3.0,1,1,1000.0
2050000.0,0,1,129.0,3.0,1,1,1100.0
2200000.0,0,1,127.0,3.0,1,1,1000.0
3300000.0,0,1,179.21,3.0,1,1,2000.0
2050000.0,0,1,127.0,3.0,0,1,1000.0
2190000.0,0,1,168.0,3.0,1,1,1800.0
2050000.0,0,1,124.0,3.0,1,1,1000.0
2200000.0,0,1,127.0,3.0,1,1,900.0
2149999.99,0,1,120.0,3.0,1,2,1456.0
2499000.0,0,1,163.0,3.0,2,1,1390.0
1700000.0,0,1,126.0,3.0,1,1,1400.0
1700000.0,0,1,126.0,3.0,1,2,0.0
1700000.0,0,1,126.0,3.0,1,0,1400.0
3250000.0,0,1,222.0,3.0,1,2,3260.0
3900000.0,0,1,221.0,3.0,1,2,2236.0
1770000.0,0,1,100.0,3.0,1,1,1112.0
3900000.0,0,1,221.0,3.0,1,2,2958.0
1280000.0,0,1,100.0,3.0,0,1,1075.0
1400000.0,0,1,109.91,3.0,1,1,1511.0
1280000.0,0,1,86.0,3.0,0,1,1075.0
1939000.0,0,1,107.0,3.0,1,1,1680.0
2350000.0,0,1,156.0,3.0,1,1,0.0
1620000.0,0,1,119.0,3.0,1,1,0.0
1100000.0,0,1,88.0,3.0,0,0,1239.0
850000.0,0,1,85.0,3.0,0,0,600.0
823000.0,0,1,85.0,3.0,1,0,0.0
835000.0,0,1,85.0,3.0,0,0,1000.0
749000.0,0,1,89.0,3.0,0,0,300.0
730000.0,0,1,63.0,3.0,0,0,300.0
790000.0,0,1,89.0,3.0,0,0,703.0
790000.0,0,1,89.05,3.0,0,0,710.0
725000.0,0,1,63.0,3.0,0,0,0.0
735000.0,0,1,89.0,3.0,0,0,380.0
749000.0,0,1,62.85,3.0,0,0,0.0
720000.0,0,1,62.0,3.0,0,0,0.0
850000.0,0,1,62.0,3.0,1,0,430.0
955000.0,0,1,77.0,3.0,0,0,648.0
838000.0,0,1,85.0,3.0,0,0,790.0
940000.0,0,1,77.0,3.0,0,0,647.0
845000.0,0,1,62.85,3.0,0,0,550.0
800000.0,0,1,62.85,3.0,0,0,790.0
869000.0,0,1,64.0,3.0,1,0,690.0
900000.0,0,1,90.0,3.0,0,0,600.0
820000.0,0,1,77.0,3.0,0,0,740.0
950000.0,0,1,98.0,3.0,0,0,750.0
940000.0,0,1,90.07,3.0,1,0,700.0
890000.0,0,1,77.0,3.0,0,0,0.0
850000.0,0,1,87.0,3.0,0,0,0.0
850000.0,0,1,75.0,3.0,2,0,450.0
840000.0,0,1,77.0,3.0,0,0,560.0
850000.0,0,1,85.0,3.0,0,0,0.0
820000.0,0,1,85.0,3.0,2,0,400.0
2750000.0,0,3,139.02,3.0,3,2,0.0
2525900.0,0,3,139.56,3.0,3,0,0.0
3110000.0,0,3,206.67,3.0,3,3,0.0
2703269.57,0,3,136.38,3.0,3,2,1950.0
2480000.0,0,3,136.0,3.0,3,2,0.0
1980000.0,0,3,320.0,3.0,2,4,0.0
850000.0,0,3,240.0,3.0,3,4,685.0
279000.0,0,3,80.0,3.0,1,0,0.0
350000.0,0,3,80.0,3.0,1,0,168.0
2480000.0,0,3,127.0,3.0,3,2,0.0
795000.0,0,1,77.64,3.0,0,0,688.0
839000.0,0,1,85.0,3.0,0,0,1000.0
1200000.0,0,1,92.0,3.0,1,0,460.0
980000.0,0,1,78.0,3.0,1,0,820.0
900000.0,0,1,80.0,3.0,0,0,0.0
760000.0,0,1,77.0,3.0,0,0,0.0
920000.0,0,1,78.0,3.0,1,0,0.0
770000.0,0,1,80.0,3.0,0,0,765.0
780000.0,0,1,77.73,3.0,0,0,0.0
850000.0,0,1,77.0,3.0,0,0,360.0
850000.0,0,1,78.0,3.0,0,0,560.0
880000.0,0,1,82.0,3.0,1,0,600.0
819000.0,0,1,85.0,3.0,0,0,0.0
850000.0,0,1,80.0,3.0,2,0,450.0
820000.0,0,1,54.57,3.0,3,0,300.0
1635000.0,0,1,119.0,3.0,1,1,2475.0
2000000.0,0,1,157.0,3.0,1,1,1430.0
790000.0,0,1,83.0,3.0,0,0,720.0
942500.0,0,1,65.0,3.0,1,0,800.0
920000.0,0,1,63.0,3.0,1,0,800.0
975000.0,0,1,83.0,3.0,0,0,830.0
868000.0,0,1,80.0,3.0,0,0,0.0
1090000.0,0,1,93.0,3.0,0,0,0.0
1230000.0,0,1,119.0,3.0,1,0,950.0
1100000.0,0,1,119.0,3.0,1,0,900.0
2080000.0,0,1,157.0,3.0,1,1,0.0
2000000.0,0,1,157.0,3.0,1,1,1350.0
2350000.0,0,1,157.0,3.0,1,1,0.0
2000000.0,0,1,157.0,3.0,1,1,1200.0
795000.0,0,1,83.0,3.0,0,0,750.0
2080000.0,0,1,157.0,3.0,1,1,1000.0
2000000.0,0,1,157.0,3.0,1,1,1430.0
2300000.0,0,1,157.0,3.0,1,1,1700.0
2000000.0,0,1,157.0,3.0,1,1,1430.0
2000000.0,0,1,157.0,3.0,1,1,1430.0
2080000.0,0,1,157.0,3.0,1,1,1000.0
2100000.0,0,1,157.0,3.0,1,1,2500.0
2000000.0,0,1,157.0,3.0,1,1,1000.0
2290000.0,0,1,110.0,3.0,2,1,1350.0
1760000.0,0,1,143.0,3.0,1,1,0.0
1950000.0,0,1,127.0,3.0,1,1,0.0
790000.0,0,1,83.0,3.0,0,0,830.0
950000.0,0,1,80.0,3.0,1,0,0.0
845000.0,0,1,82.55,3.0,0,0,690.0
920000.0,0,1,86.0,3.0,1,0,0.0
850000.0,0,1,86.0,3.0,0,0,540.0
829000.0,0,1,90.0,3.0,0,0,640.0
870000.0,0,1,86.3,3.0,0,0,800.0
850000.0,0,1,54.0,3.0,2,0,400.0
850000.0,0,1,68.0,3.0,1,0,450.0
860000.0,0,1,86.0,3.0,1,0,628.0
850000.0,0,1,64.0,3.0,2,0,450.0
1500000.0,0,1,111.0,3.0,1,0,850.0
1090000.0,0,1,98.0,3.0,1,0,700.0
995000.0,0,1,86.0,3.0,1,0,300.0
927000.0,0,1,86.0,3.0,1,0,680.0
950000.0,0,1,90.0,3.0,1,0,900.0
1570000.0,0,1,111.0,3.0,1,0,850.0
1020000.0,0,1,86.3,3.0,1,0,700.0
1080000.0,0,1,110.0,3.0,0,0,800.0
860000.0,0,1,77.0,3.0,0,0,560.0
890000.0,0,1,77.0,3.0,1,0,611.0
960000.0,0,1,77.0,3.0,0,0,510.0
894000.0,0,1,77.0,3.0,0,0,0.0
950000.0,0,1,78.0,3.0,1,0,1151.0
980000.0,0,1,85.0,3.0,1,0,850.0
980000.0,0,1,81.0,3.0,0,0,925.0
990000.0,0,1,85.0,3.0,1,0,604.0
1550000.0,0,1,98.0,3.0,1,0,1150.0
1130000.0,0,1,88.0,3.0,1,0,1259.0
1290000.0,0,11,85.0,3.0,1,1,0.0
950000.0,0,0,78.0,3.0,0,0,0.0
990000.0,0,0,91.0,3.0,1,0,670.0
905000.0,0,0,78.75,3.0,1,0,0.0
840000.0,0,0,78.75,3.0,1,0,687.0
870000.0,0,0,78.0,3.0,1,0,0.0
820000.0,0,0,78.0,3.0,1,1,0.0
800000.0,0,0,78.75,3.0,0,0,600.0
840000.0,0,0,79.0,3.0,1,0,690.0
780000.0,0,0,78.75,3.0,0,0,600.0
950000.0,0,0,78.0,3.0,0,0,700.0
800000.0,0,0,78.75,3.0,0,0,600.0
800000.0,0,0,78.75,3.0,1,0,600.0
950000.0,0,0,78.0,3.0,1,0,0.0
1590000.0,0,0,136.0,3.0,1,0,950.0
950000.0,0,0,78.79,3.0,0,0,700.0
795000.0,0,0,78.75,3.0,1,0,800.0
950000.0,0,0,78.0,3.0,0,0,750.0
835000.0,0,0,78.0,3.0,1,0,0.0
930000.0,0,0,78.74,3.0,1,0,889.0
795000.0,0,0,78.0,3.0,0,0,0.0
1250000.0,0,0,94.0,3.0,1,0,901.0
890000.0,0,0,78.75,3.0,1,0,693.0
875000.0,0,0,78.0,3.0,1,0,300.0
790000.0,0,0,80.0,3.0,0,0,600.0
790000.0,0,0,78.75,3.0,1,0,0.0
1100000.0,0,0,94.0,3.0,1,0,1202.0
910000.03,0,0,95.3,3.0,1,0,635.0
899000.0,0,0,79.0,3.0,0,0,980.0
975000.0,0,0,95.0,3.0,1,0,615.0
849000.0,0,0,67.0,3.0,1,0,1080.0
729000.0,0,0,72.0,3.0,1,0,650.0
785000.0,0,0,67.0,3.0,1,0,845.0
980000.0,0,0,76.0,3.0,1,0,1065.0
1150000.0,0,0,76.72,3.0,1,0,631.0
910000.03,0,0,95.3,3.0,1,0,665.0
1100000.0,0,0,75.12,3.0,1,0,980.0
910000.03,0,0,95.3,3.0,1,0,665.0
1150000.0,0,0,95.0,3.0,1,1,612.0
1080000.0,0,0,95.02,3.0,1,0,620.0
1080000.0,0,0,95.0,3.0,1,0,0.0
975000.0,0,0,95.0,3.0,1,0,605.0
800000.0,0,0,70.0,3.0,0,0,485.0
1100000.0,0,0,95.0,3.0,1,0,590.0
896000.0,0,0,95.3,3.0,0,0,0.0
975000.0,0,0,95.0,3.0,1,0,615.0
970000.0,0,0,95.0,3.0,1,0,615.0
740000.0,0,0,95.3,3.0,0,0,882.0
1100000.0,0,0,95.0,3.0,1,0,590.0
910000.0,0,0,90.0,3.0,1,0,0.0
915000.0,0,0,90.0,3.0,0,0,670.0
910000.03,0,0,95.3,3.0,1,0,635.0
750000.0,0,0,95.3,3.0,1,0,585.0
850000.0,0,0,95.0,3.0,1,0,800.0
875000.0,0,0,79.0,3.0,1,0,530.0
1395000.0,0,0,100.0,3.0,1,1,1489.0
850000.0,0,1,80.0,3.0,2,0,0.0
1700000.0,0,0,110.8,3.0,1,2,1525.0
1223000.0,0,0,118.9,3.0,1,1,994.0
1550000.0,0,0,119.0,3.0,3,1,1340.0
1280000.0,0,0,120.0,3.0,1,1,1100.0
1265000.0,0,0,104.0,3.0,0,1,1191.0
1280000.0,0,0,102.0,3.0,1,1,0.0
1070000.0,0,0,98.0,3.0,0,0,700.0
1250000.0,0,0,96.13,3.0,0,0,1072.0
990000.0,0,0,79.7,3.0,0,0,957.0
990000.0,0,0,79.7,3.0,0,0,957.0
1200000.0,0,0,101.69,3.0,1,0,571.0
970000.0,0,0,95.0,3.0,1,0,800.0
1300000.0,0,0,95.0,3.0,1,1,1203.0
1420000.0,0,0,117.0,3.0,2,1,1300.0
1275000.0,0,0,94.0,3.0,1,1,1200.0
1285000.0,0,0,94.0,3.0,1,1,1023.0
1297000.0,0,0,95.0,3.0,1,1,1023.0
1290000.0,0,0,94.0,3.0,2,1,1023.0
1360000.0,0,0,94.0,3.0,1,1,1023.0
1275000.0,0,0,95.0,3.0,1,1,1023.0
1350000.0,0,0,94.0,3.0,1,1,0.0
1275000.0,0,0,98.0,3.0,1,1,0.0
1275000.0,0,0,96.0,3.0,1,1,855.0
1350000.0,0,0,94.68,3.0,1,1,0.0
1223000.0,0,0,118.0,3.0,1,1,0.0
1450000.0,0,0,118.97,3.0,0,1,0.0
1395000.0,0,0,100.0,3.0,1,1,1489.0
1400000.0,0,0,140.0,3.0,1,2,1212.0
1395000.0,0,0,100.0,3.0,1,1,1200.0
1400000.0,0,0,101.0,3.0,1,1,1500.0
1400000.0,0,0,100.5,3.0,1,1,1200.0
1395000.0,0,0,100.0,3.0,1,1,1489.0
1450000.0,0,0,100.5,3.0,1,1,0.0
1450000.0,0,0,100.5,3.0,1,0,1500.0
1450000.0,0,0,100.5,3.0,1,1,1500.0
1540000.0,0,0,120.0,3.0,1,1,1427.0
1780000.0,0,0,136.0,3.0,1,1,1500.0
1550000.0,0,0,134.7,3.0,1,1,0.0
1540000.0,0,0,120.0,3.0,1,1,1210.0
1225000.0,0,0,98.0,3.0,1,1,850.0
1490000.0,0,0,119.0,3.0,1,1,0.0
1199000.0,0,0,102.0,3.0,0,1,0.0
1280000.0,0,0,100.0,3.0,1,1,0.0
1370000.0,0,0,98.0,3.0,1,1,900.0
1800000.0,0,0,139.0,3.0,1,1,0.0
3800000.0,0,0,376.0,3.0,2,4,0.0
1800000.0,0,0,139.75,3.0,1,1,0.0
1550000.0,0,0,119.0,3.0,3,1,1340.0
1285000.0,0,0,118.98,3.0,1,1,1340.0
1550000.0,0,0,119.0,3.0,3,1,1340.0
1490000.0,0,0,120.9,3.0,1,1,1260.0
1670000.0,0,1,126.0,3.0,1,1,1400.0
1570000.0,0,1,91.0,3.0,1,1,1200.0
2900000.0,0,1,156.0,3.0,2,1,0.0
1500000.0,0,1,106.0,3.0,1,1,1208.0
2590000.0,0,1,144.0,3.0,3,1,10.0
2590000.0,0,1,144.0,3.0,3,1,1095.0
3000000.0,0,1,157.0,3.0,2,1,1600.0
2900000.0,0,1,157.28,3.0,2,1,2100.0
3250000.0,0,1,157.0,3.0,1,1,2100.0
2050000.0,0,1,157.0,3.0,1,1,1300.0
2200000.0,0,1,157.0,3.0,1,1,0.0
2900000.0,0,1,157.0,3.0,2,0,2100.0
2900000.0,0,1,157.0,3.0,2,1,2100.0
1760000.0,0,1,116.5,3.0,1,1,1241.0
1500000.0,0,1,106.0,3.0,1,1,1208.0
1750000.0,0,1,115.0,3.0,1,1,1243.0
4900000.0,0,1,236.0,3.0,3,4,1980.0
1420000.0,0,1,104.0,3.0,1,0,1331.0
2280000.0,0,1,159.0,3.0,1,1,1300.0
1900000.0,0,1,136.0,3.0,1,1,0.0
1800000.0,0,1,136.0,3.0,1,1,1170.0
2290000.0,0,1,159.0,3.0,1,1,1300.0
1800000.0,0,1,136.0,3.0,1,1,980.0
1900000.0,0,1,136.0,3.0,1,1,0.0
1590000.0,0,1,136.0,3.0,2,1,1038.0
1500000.0,0,1,106.0,3.0,1,0,1666.0
3790000.0,0,1,201.34,3.0,1,2,2385.0
1490000.0,0,1,136.0,3.0,1,1,990.0
1190000.0,0,1,84.0,3.0,1,1,0.0
1280000.0,0,1,96.0,3.0,1,0,1100.0
1280000.0,0,1,104.0,3.0,1,1,1100.0
1290000.0,0,1,91.7,3.0,0,1,1000.0
1570000.0,0,1,120.0,3.0,1,1,1200.0
2140000.0,0,1,120.0,3.0,1,1,1110.0
2140000.0,0,1,120.0,3.0,1,1,0.0
2160000.0,0,1,120.0,3.0,1,1,1200.0
2160000.0,0,1,120.0,3.0,1,1,1290.0
2160000.0,0,1,120.0,3.0,1,1,1195.0
1990000.0,0,1,120.0,3.0,1,1,0.0
1550000.0,0,1,84.31,3.0,1,1,1360.0
2160000.0,0,1,120.0,3.0,1,1,0.0
2950000.0,0,1,140.0,3.0,1,2,2400.0
2160000.0,0,1,120.0,3.0,1,1,1200.0
2140000.0,0,1,120.0,3.0,1,1,0.0
1190000.0,0,1,84.31,3.0,1,1,1200.0
2140000.0,0,1,120.0,3.0,1,1,1117.0
1570000.0,0,1,90.0,3.0,1,1,1200.0
1570000.0,0,1,91.0,3.0,1,1,1200.0
1600000.0,0,1,84.0,3.0,1,0,1200.0
1690000.0,0,1,145.0,3.0,1,1,0.0
1880000.0,0,1,159.06,3.0,1,1,2000.0
2149000.0,0,1,159.0,3.0,1,1,0.0
2150000.0,0,1,159.06,3.0,1,1,0.0
1500000.0,0,1,136.0,3.0,1,1,994.0
2470000.0,0,1,159.0,3.0,1,1,1275.0
1290000.0,0,1,124.78,3.0,0,0,745.0
1890000.0,0,1,143.0,3.0,1,1,0.0
2790000.0,0,1,158.0,3.0,3,1,1600.0
1580000.0,0,1,112.04,3.0,1,1,0.0
1690000.0,0,1,113.0,3.0,1,1,1290.0
1900000.0,0,1,112.0,3.0,1,1,1350.0
1700000.0,0,1,113.0,3.0,1,1,1709.0
2790000.0,0,1,158.0,3.0,3,1,1600.0
1690000.0,0,1,112.0,3.0,1,1,1289.0
2799000.0,0,1,158.0,3.0,2,1,1600.0
1310000.0,0,1,74.2,3.0,1,1,0.0
1190000.0,0,1,125.0,3.0,1,0,0.0
1290000.0,0,1,124.0,3.0,1,0,1375.0
1880000.0,0,1,143.0,3.0,0,1,0.0
1349000.0,0,1,124.0,3.0,1,0,1080.0
1349000.0,0,1,125.0,3.0,1,0,1080.0
1280000.0,0,1,124.78,3.0,1,0,650.0
1280000.0,0,1,124.78,3.0,1,0,0.0
1258000.0,0,1,124.0,3.0,1,0,1322.0
1349000.0,0,1,124.0,3.0,0,0,1000.0
1290000.0,0,1,127.0,3.0,1,0,900.0
1290000.0,0,1,127.0,3.0,1,0,900.0
1349000.0,0,1,125.0,3.0,1,0,1002.0
1200000.0,0,1,125.0,3.0,1,0,1250.0
1890000.0,0,1,143.0,3.0,1,1,0.0
1690000.0,0,1,95.0,3.0,1,0,740.0
1800000.0,0,1,136.0,3.0,1,1,980.0
1900000.0,0,1,161.0,3.0,1,0,1700.0
1500000.0,0,1,137.0,3.0,1,1,1200.0
1900000.0,0,1,136.0,3.0,1,1,980.0
1700000.0,0,1,178.0,3.0,0,0,1544.0
1590000.0,0,1,123.0,3.0,0,0,1460.0
2000000.0,0,1,161.0,3.0,1,0,1660.0
1800000.0,0,1,160.0,3.0,0,0,1590.0
2450000.0,0,1,198.0,3.0,1,0,1830.0
1870000.0,0,1,136.0,3.0,1,0,1200.0
1750000.0,0,1,161.0,3.0,1,0,1650.0
1870000.0,0,1,161.0,3.0,1,0,1700.0
1950000.0,0,1,161.0,3.0,1,0,1660.0
1700000.0,0,1,135.0,3.0,1,0,1650.0
2500000.0,0,1,144.0,3.0,2,1,1650.0
1700000.0,0,1,130.0,3.0,1,0,1400.0
2230000.0,0,1,142.0,3.0,1,0,1575.0
1900000.0,0,1,142.0,3.0,0,0,1650.0
2400000.0,0,1,131.0,3.0,1,1,1850.0
2380000.0,0,1,170.0,3.0,2,1,1700.0
1890000.0,0,1,143.0,3.0,1,0,1600.0
1890000.0,0,1,143.0,3.0,1,0,0.0
2500000.0,0,1,143.0,3.0,2,1,1650.0
1590000.0,0,1,105.0,3.0,1,1,1485.0
2500000.0,0,1,144.0,3.0,2,1,1650.0
2500000.0,0,1,144.0,3.0,2,1,1650.0
510000.0,0,4,80.0,3.0,1,2,0.0
1820855.0,0,9,104.0,3.0,1,2,0.0
1414000.0,0,9,91.78,3.0,3,2,0.0
1560000.0,0,9,85.15,3.0,3,2,0.0
2200000.0,0,9,109.0,3.0,1,2,0.0
1190000.0,0,9,80.0,3.0,3,2,1520.0
1495000.0,0,9,93.0,3.0,3,3,1750.0
1840000.0,0,9,94.0,3.0,3,2,0.0
1890000.0,0,9,119.0,3.0,3,2,1200.0
1640000.0,0,9,100.0,3.0,1,2,1098.0
1350000.0,0,9,77.0,3.0,1,2,0.0
4500000.0,0,9,211.0,3.0,3,3,0.0
1530000.0,0,9,96.0,3.0,1,2,1664.0
2186553.0,0,9,181.0,3.0,3,3,0.0
2488000.0,0,9,126.0,3.0,3,3,0.0
1859000.0,0,9,119.0,3.0,3,2,1870.0
1851765.0,0,9,104.05,3.0,1,2,0.0
2179000.0,0,9,126.22,3.0,3,3,0.0
1890000.0,0,9,117.0,3.0,3,2,1700.0
3100000.0,0,9,196.0,3.0,3,3,2558.0
2400000.0,0,9,134.0,3.0,3,2,1414.0
1050000.0,0,9,72.18,3.0,1,1,0.0
1750000.0,0,9,117.0,3.0,3,2,0.0
1350000.0,0,9,80.0,3.0,3,2,1289.0
3045073.08,0,9,185.15,3.0,3,3,0.0
1851765.0,0,9,104.0,3.0,1,2,0.0
1800000.0,0,9,120.06,3.0,3,3,2500.0
1280000.0,0,9,78.0,3.0,1,2,1189.0
1190000.0,0,9,83.0,3.0,1,2,1633.0
1580000.0,0,9,79.0,3.0,1,2,1000.0
1600000.0,0,9,78.0,3.0,1,2,1400.0
2500000.0,0,9,169.69,3.0,1,0,0.0
2500000.0,0,9,169.69,3.0,1,2,1900.0
1350000.0,0,9,78.5,3.0,1,2,1300.0
1350000.0,0,9,76.5,3.0,1,2,1250.0
2290000.0,0,9,128.0,3.0,3,3,2110.0
1350000.0,0,9,76.5,3.0,3,2,1250.0
1345000.0,0,9,76.0,3.0,2,2,1540.0
1875000.0,0,9,137.0,3.0,3,2,0.0
2500000.0,0,9,169.69,3.0,1,2,1900.0
2179235.0,0,9,126.0,3.0,3,3,0.0
1370000.0,0,9,77.8,3.0,1,2,1200.0
1370000.0,0,9,79.08,3.0,3,2,1300.0
2500000.0,0,9,169.0,3.0,1,2,1961.0
1398000.0,0,9,77.0,3.0,2,2,1200.0
1590000.0,0,9,79.0,3.0,1,2,100.0
1489000.0,0,9,85.0,3.0,1,2,0.0
1489000.0,0,9,85.0,3.0,1,2,0.0
1499000.0,0,9,85.0,3.0,1,0,0.0
3142797.0,0,9,167.0,3.0,3,3,0.0
3079747.0,0,9,247.0,3.0,3,3,0.0
2844467.0,0,9,154.0,3.0,1,3,0.0
2677796.0,0,9,154.0,3.0,1,3,0.0
2549000.0,0,9,138.0,3.0,2,2,1262.0
1875000.0,0,9,138.0,3.0,3,2,0.0
2290000.0,0,7,141.0,3.0,1,2,0.0
1630000.0,0,7,99.0,3.0,1,2,1550.0
2100000.0,0,7,116.0,3.0,1,2,0.0
1789000.0,0,7,127.0,3.0,2,2,0.0
1959000.0,0,7,125.0,3.0,1,2,1600.0
1789000.0,0,7,127.0,3.0,2,2,1250.0
1789000.0,0,7,127.0,3.0,2,2,1250.0
1789000.0,0,7,127.0,3.0,2,2,1250.0
1575000.0,0,7,100.0,3.0,3,2,1300.0
1789000.0,0,7,127.0,3.0,2,2,1250.0
2290000.0,0,7,141.0,3.0,1,2,1395.0
3400000.0,0,7,225.0,3.0,3,4,0.0
1710000.0,0,7,108.0,3.0,1,2,1200.0
1780000.0,0,7,110.0,3.0,1,2,1250.0
2230000.0,0,7,175.0,3.0,3,3,0.0
2300000.0,0,7,175.0,3.0,1,3,1300.0
3385000.0,0,7,216.0,3.0,3,2,0.0
1990000.0,0,7,154.0,3.0,3,2,2196.0
1899000.0,0,7,148.0,3.0,1,2,1690.0
2444000.0,0,7,175.0,3.0,1,3,0.0
3390000.0,0,7,216.0,3.0,3,0,1609.0
3380000.0,0,7,250.0,3.0,3,3,1800.0
2190000.0,0,7,129.0,3.0,3,2,0.0
1974000.0,0,7,175.6,3.0,2,2,1560.0
1790000.0,0,7,119.0,3.0,1,2,0.0
1710000.0,0,7,108.0,3.0,1,2,0.0
3150000.0,0,9,238.0,3.0,3,3,2500.0
1180000.0,0,8,74.06,3.0,0,1,940.0
2870657.93,0,9,154.03,3.0,3,3,0.0
2300424.72,0,9,126.22,3.0,3,3,0.0
1100000.0,0,8,86.31,3.0,1,1,1100.0
1100000.0,0,8,86.0,3.0,1,1,0.0
1095000.0,0,8,87.0,3.0,1,1,850.0
1095000.0,0,8,87.0,3.0,1,1,0.0
1195000.0,0,8,88.95,3.0,1,1,0.0
1500000.0,0,8,105.0,3.0,1,1,0.0
1690000.0,0,8,105.0,3.0,1,0,1327.0
1545000.0,0,8,106.0,3.0,1,1,0.0
1073000.0,0,8,74.0,3.0,0,1,1135.0
1690000.0,0,7,111.0,3.0,1,2,1424.0
1380000.0,0,7,99.06,3.0,1,2,1100.0
2260000.0,0,7,201.0,3.0,1,2,1300.0
1600000.0,0,7,105.0,3.0,1,2,1342.0
1600000.0,0,7,104.0,3.0,1,2,1342.0
2290000.0,0,7,214.41,3.0,2,2,1623.0
1650000.0,0,7,104.94,3.0,1,2,0.0
3150000.0,0,7,210.0,3.0,2,2,1800.0
1860000.0,0,7,113.51,3.0,1,2,1100.0
3390000.0,0,7,232.0,3.0,1,3,0.0
1600000.0,0,7,104.0,3.0,1,2,1342.0
1699000.0,0,7,112.0,3.0,1,2,1200.0
3845000.0,0,7,253.0,3.0,1,3,2500.0
1360000.0,0,9,76.0,3.0,1,2,0.0
1280000.0,0,9,78.05,3.0,1,2,0.0
2332083.33,0,5,183.42,3.0,3,2,1956.0
1690000.0,0,11,102.0,3.0,1,1,0.0
870000.0,0,11,60.0,3.0,1,0,610.0
865000.0,0,11,61.0,3.0,1,0,0.0
1475000.0,0,11,98.0,3.0,1,2,1100.0
1450000.0,0,11,98.0,3.0,1,2,0.0
2290000.0,0,11,160.0,3.0,2,2,1748.0
4270000.0,0,11,305.0,3.0,3,4,2400.0
1980000.0,0,11,140.0,3.0,1,2,1500.0
1800000.0,0,11,113.0,3.0,1,2,2000.0
1760000.0,0,11,100.0,3.0,1,2,0.0
1790000.0,0,11,102.0,3.0,1,2,0.0
2600000.0,0,11,210.0,3.0,1,3,2300.0
1540000.0,0,11,108.29,3.0,1,2,1200.0
1275000.0,0,9,74.0,3.0,1,1,0.0
1350000.0,0,9,74.0,3.0,1,0,740.0
1570000.0,0,9,99.5,3.0,1,2,1270.0
1610000.0,0,9,107.2,3.0,1,2,0.0
3200000.0,0,9,164.0,3.0,1,3,0.0
1650000.0,0,9,99.5,3.0,1,2,1267.0
1799000.0,0,9,104.3,3.0,1,2,0.0
1380000.0,0,9,84.5,3.0,1,2,1200.0
1280000.0,0,11,86.6,3.0,1,1,0.0
1300000.0,0,11,97.22,3.0,1,1,1170.0
1569000.0,0,9,99.5,3.0,1,2,1176.0
2220000.0,0,11,147.0,3.0,3,2,0.0
1500000.0,0,11,105.0,3.0,0,1,1500.0
2160000.0,0,11,146.0,3.0,1,1,2281.0
1990000.0,0,11,154.0,3.0,2,2,2686.0
1624000.0,0,11,106.5,3.0,1,1,950.0
1624000.0,0,11,106.5,3.0,1,1,950.0
1625000.0,0,11,105.64,3.0,1,1,950.0
1990000.0,0,11,145.67,3.0,1,1,0.0
1625000.0,0,11,106.0,3.0,1,1,950.0
2170000.0,0,11,146.0,3.0,3,1,0.0
2090000.0,0,11,152.0,3.0,1,1,1550.0
2650000.0,0,11,171.91,3.0,3,2,0.0
1299000.0,0,11,91.0,3.0,1,1,915.0
1430000.0,0,11,104.0,3.0,1,1,1399.0
1160000.0,0,11,79.0,3.0,1,1,0.0
1990000.0,0,11,139.0,3.0,1,2,1625.0
2248000.0,0,11,149.0,3.0,1,2,2624.0
2247000.0,0,11,149.09,3.0,1,2,1625.0
1085000.0,0,11,81.0,3.0,1,1,1166.0
1290000.0,0,11,92.0,3.0,1,1,0.0
1250000.0,0,11,91.0,3.0,1,1,1136.0
1330000.0,0,11,93.0,3.0,1,0,1017.0
1800000.0,0,11,90.0,3.0,1,1,1130.0
1190000.0,0,11,85.0,3.0,1,0,1350.0
1950000.0,0,11,140.0,3.0,3,2,0.0
1450000.0,0,9,86.0,3.0,1,2,1088.0
1550000.0,0,9,104.0,3.0,1,2,1200.0
1880000.0,0,9,102.0,3.0,3,2,0.0
1870000.0,0,9,116.34,3.0,2,2,2315.0
2290000.0,0,9,126.0,3.0,3,2,0.0
1250000.0,0,9,74.0,3.0,1,1,0.0
3100000.0,0,9,238.0,3.0,3,3,0.0
1795000.0,0,9,120.0,3.0,3,2,0.0
2250000.0,0,9,147.0,3.0,2,2,2000.0
1735000.0,0,9,121.0,3.0,2,2,2200.0
1750000.0,0,9,99.0,3.0,2,2,1584.0
2100000.0,0,9,119.0,3.0,3,2,2011.0
1970000.0,0,9,120.0,3.0,3,2,1400.0
1425000.0,0,9,85.6,3.0,2,2,0.0
1413691.0,0,9,85.15,3.0,1,2,0.0
1829000.0,0,9,92.0,3.0,3,2,0.0
1350000.0,0,9,85.0,3.0,1,2,900.0
1495000.0,0,9,93.19,3.0,1,2,1750.0
1597000.0,0,9,85.15,3.0,1,2,0.0
1495000.0,0,9,93.19,3.0,2,2,0.0
1695000.0,0,9,92.0,3.0,3,2,1020.0
1495000.0,0,9,93.19,3.0,1,2,1900.0
1790000.0,0,9,94.66,3.0,3,0,0.0
1978000.0,0,9,102.93,3.0,3,2,0.0
1790000.0,0,9,102.97,3.0,3,2,0.0
2230000.0,0,9,120.6,3.0,3,2,0.0
1890000.0,0,9,120.6,3.0,2,0,2127.0
1610000.0,0,9,107.2,3.0,1,2,0.0
1750000.0,0,9,92.0,3.0,3,0,0.0
1570000.0,0,9,99.5,3.0,1,2,1176.0
1790000.0,0,9,104.3,3.0,1,2,1227.0
1990000.0,0,9,107.2,3.0,1,2,1309.0
1779000.0,0,9,104.3,3.0,1,2,1279.0
1799999.99,0,9,104.3,3.0,1,2,1147.0
1920000.0,0,9,97.5,3.0,1,2,1593.0
1490000.0,0,9,99.5,3.0,1,2,1300.0
1599000.0,0,9,99.7,3.0,1,0,0.0
4500000.0,0,9,211.0,3.0,3,4,2770.0
1569000.0,0,9,99.5,3.0,1,2,1400.0
1610000.0,0,9,99.0,3.0,1,2,1500.0
1570000.0,0,9,99.5,3.0,1,2,1266.0
1690000.0,0,9,155.0,3.0,1,2,1700.0
1569000.0,0,9,99.5,3.0,1,2,1500.0
2136505.0,0,9,126.0,3.0,3,3,0.0
2230000.0,0,9,138.0,3.0,3,2,2546.0
2150000.0,0,9,119.0,3.0,3,4,2127.0
1860000.0,0,9,116.0,3.0,2,2,0.0
2240000.0,0,9,137.0,3.0,3,2,0.0
1790000.0,0,9,120.0,3.0,3,2,2100.0
1875000.0,0,9,116.0,3.0,1,2,1500.0
2750000.0,0,9,155.0,3.0,3,2,0.0
2280000.0,0,9,154.0,3.0,3,2,0.0
1690000.0,0,9,155.0,3.0,1,2,1700.0
1859000.0,0,7,110.0,3.0,1,2,1400.0
3400000.0,0,7,167.0,3.0,3,4,2000.0
2390000.0,0,7,128.0,3.0,3,3,0.0
3200000.0,0,7,165.0,3.0,3,4,1800.0
3150000.0,0,7,165.0,3.0,3,3,1500.0
3090000.0,0,7,167.0,3.0,3,3,1700.0
3120000.0,0,7,188.0,3.0,3,4,1780.0
3190000.0,0,7,164.0,3.0,3,3,0.0
3120000.0,0,7,188.0,3.0,3,4,1780.0
3190000.0,0,7,164.0,3.0,3,3,2426.0
3190000.0,0,7,164.0,3.0,3,3,2500.0
3190000.0,0,7,164.0,3.0,3,3,0.0
3120000.0,0,7,188.5,3.0,3,4,1780.0
3120000.0,0,7,188.5,3.0,3,4,0.0
2328000.0,0,7,117.0,3.0,3,2,1800.0
2255000.0,0,7,120.0,3.0,3,2,0.0
1705000.0,0,7,89.0,3.0,1,2,0.0
1706868.0,0,7,88.28,3.0,1,2,0.0
1683389.0,0,7,88.32,3.0,1,2,0.0
1706868.97,0,7,89.0,3.0,1,2,0.0
1706000.0,0,7,88.0,3.0,1,2,0.0
2208000.0,0,7,105.0,3.0,3,2,0.0
1696520.2,0,7,89.39,3.0,1,2,0.0
1599000.0,0,7,88.28,3.0,1,2,0.0
3130000.0,0,7,188.0,3.0,3,4,1756.0
3750000.0,0,7,188.5,3.0,2,4,1799.0
2208733.0,0,7,104.0,3.0,3,3,0.0
1850000.0,0,7,103.0,3.0,1,2,1365.0
1990000.0,0,7,124.0,3.0,3,3,1553.0
1950000.0,0,7,122.0,3.0,3,3,1500.0
2850000.0,0,7,203.0,3.0,3,3,1780.0
3150000.0,0,7,280.0,3.0,1,0,0.0
3400000.0,0,7,237.0,3.0,1,3,2374.0
3400000.0,0,7,237.0,3.0,1,3,2374.0
3400000.0,0,7,237.46,3.0,1,3,2600.0
2750000.0,0,7,171.0,3.0,3,4,1865.0
2399000.0,0,7,174.0,3.0,2,3,0.0
1520000.0,0,7,91.0,3.0,1,2,950.0
1650000.0,0,7,103.0,3.0,1,2,1080.0
1650000.0,0,7,101.0,3.0,1,2,0.0
3190000.0,0,7,164.0,3.0,3,3,2426.0
1970000.0,0,7,101.0,3.0,1,2,1100.0
1700000.0,0,7,103.0,3.0,1,2,1000.0
1970000.0,0,7,101.0,3.0,1,2,1100.0
2450000.0,0,7,152.0,3.0,2,3,1800.0
3150000.0,0,7,290.0,3.0,1,4,3800.0
2095000.0,0,7,123.0,3.0,3,3,1508.0
1790000.0,0,7,95.0,3.0,1,1,0.0
1650000.0,0,7,101.0,3.0,0,2,0.0
1520000.0,0,7,93.0,3.0,1,2,912.0
1790000.0,0,7,110.0,3.0,1,2,1400.0
3190000.0,0,7,164.0,3.0,3,3,2220.0
1706868.97,0,7,88.28,3.0,1,2,0.0
2253760.0,0,7,112.0,3.0,1,2,0.0
650000.0,0,5,64.0,3.0,0,1,1060.0
2190000.0,0,7,124.0,3.0,3,2,0.0
2190000.0,0,7,122.0,3.0,3,2,0.0
2090000.0,0,7,122.0,3.0,3,2,0.0
2090000.0,0,7,122.0,3.0,3,2,0.0
1796980.0,0,5,112.0,3.0,1,2,0.0
3590000.0,0,5,447.0,3.0,3,4,0.0
1700000.0,0,5,112.81,3.0,3,2,0.0
2300000.0,0,5,135.0,3.0,1,2,1558.0
1380000.0,0,5,80.0,3.0,1,2,0.0
1380000.0,0,5,78.0,3.0,1,0,0.0
1380000.0,0,5,80.0,3.0,0,2,1380.0
1870000.0,0,5,112.81,3.0,3,2,2800.0
2190000.0,0,7,124.0,3.0,3,2,1600.0
4000000.0,0,5,228.0,3.0,3,0,0.0
1850000.0,0,5,112.81,3.0,3,0,0.0
1750000.0,0,5,112.81,3.0,3,2,0.0
1850000.0,0,5,113.0,3.0,3,2,1800.0
1750000.0,0,5,112.81,3.0,3,2,0.0
1850000.0,0,5,112.0,3.0,3,2,0.0
1776500.0,0,5,112.0,3.0,3,2,2014.0
2016000.0,0,5,89.0,3.0,1,0,0.0
1740000.0,0,5,94.36,3.0,3,2,0.0
1380000.0,0,5,110.0,3.0,1,2,0.0
2965307.63,0,5,242.62,3.0,3,2,2470.0
2190000.0,0,7,122.0,3.0,3,2,1400.0
2950000.0,0,7,133.0,3.0,3,2,1200.0
2790000.0,0,7,162.0,3.0,3,3,2180.0
2450000.0,0,7,122.0,3.0,2,2,0.0
1706868.97,0,7,89.39,3.0,1,2,900.0
1850000.0,0,7,113.0,3.0,1,2,0.0
2250000.0,0,7,126.0,3.0,1,2,1592.0
1975000.0,0,7,102.0,3.0,1,2,1520.0
1990000.0,0,7,123.1,3.0,2,2,1346.0
2100000.0,0,7,122.8,3.0,2,2,1480.0
2521895.89,0,7,122.0,3.0,2,2,1460.0
2538000.0,0,7,122.36,3.0,1,2,3700.0
2290000.0,0,7,119.0,3.0,3,2,1341.0
2750000.0,0,7,122.36,3.0,1,2,0.0
2250000.0,0,7,122.0,3.0,3,2,0.0
2480000.0,0,7,123.0,3.0,1,2,0.0
2650000.0,0,7,145.0,3.0,3,3,1850.0
2442700.0,0,7,122.36,3.0,3,2,0.0
1975000.0,0,7,101.5,3.0,1,2,0.0
1995000.0,0,7,101.5,3.0,1,2,1314.0
2145000.0,0,7,167.0,3.0,1,3,1526.0
2100000.0,0,7,122.0,3.0,2,2,0.0
1990000.0,0,7,123.0,3.0,2,2,1346.0
1990000.0,0,7,123.0,3.0,2,2,0.0
2690000.0,0,7,120.0,3.0,2,2,0.0
2782173.0,0,7,203.0,3.0,3,3,0.0
4550000.0,0,7,292.0,3.0,3,4,331.0
1990000.0,0,7,124.0,3.0,3,3,1553.0
1450000.0,0,7,96.0,3.0,1,2,0.0
5000000.0,0,7,268.0,3.0,3,3,2877.0
3650000.0,0,7,204.92,3.0,3,4,0.0
3800000.0,0,7,197.0,3.0,3,3,0.0
2550000.0,0,7,122.54,3.0,3,2,0.0
2700000.0,0,7,141.0,3.0,3,3,1929.0
2700000.0,0,7,141.0,3.0,3,3,1929.0
4050000.0,0,7,205.0,3.0,3,4,0.0
2450000.0,0,7,124.42,3.0,3,2,0.0
2450000.0,0,7,124.68,3.0,3,2,0.0
4500000.0,0,7,205.0,3.0,3,4,0.0
2150000.0,0,7,114.91,3.0,1,1,1700.0
3990000.0,0,7,224.0,3.0,1,4,2900.0
2840000.0,0,7,145.0,3.0,3,3,2390.0
2200000.0,0,7,117.0,3.0,3,2,0.0
2850000.0,0,7,145.0,3.0,3,3,250.0
5000000.0,0,7,269.0,3.0,3,3,3084.0
2780000.0,0,7,147.0,3.0,3,3,1975.0
1590000.0,0,7,90.0,3.0,1,2,0.0
1789000.0,0,7,110.0,3.0,3,2,1590.0
1790000.0,0,7,112.0,3.0,1,2,1243.0
1890000.0,0,7,114.0,3.0,3,2,1379.0
2350000.0,0,7,142.0,3.0,3,4,1500.0
4950000.0,0,7,303.0,3.0,3,4,3000.0
2990000.0,0,7,227.0,3.0,1,3,0.0
2450000.0,0,7,124.68,3.0,3,2,0.0
2700000.0,0,7,139.0,3.0,3,2,2725.0
1900000.0,0,7,153.0,3.0,1,2,1780.0
2100000.0,0,7,110.0,3.0,3,2,0.0
2050000.0,0,7,120.0,3.0,2,2,1340.0
4699000.0,0,7,258.0,3.0,1,3,0.0
2050000.0,0,7,110.34,3.0,1,2,0.0
2450000.0,0,7,135.0,3.0,3,2,1580.0
1940000.0,0,7,110.0,3.0,1,2,1320.0
1964000.0,0,7,110.0,3.0,1,2,0.0
2581977.64,0,7,135.68,3.0,1,2,0.0
3994308.94,0,7,275.57,3.0,1,4,0.0
1964760.66,0,7,110.0,3.0,1,2,0.0
2658373.3,0,7,135.0,3.0,1,3,0.0
3250295.15,0,7,224.0,3.0,1,4,0.0
2189000.0,0,7,122.0,3.0,3,2,1800.0
3650000.0,0,7,250.0,3.0,1,2,0.0
3250000.0,0,7,230.53,3.0,3,2,1317.0
2104651.0,0,7,110.34,3.0,1,2,0.0
2600000.0,0,7,164.0,3.0,3,3,1800.0
2030598.0,0,7,113.46,3.0,0,2,0.0
2030000.0,0,7,113.36,3.0,1,2,0.0
3400000.0,0,7,227.0,3.0,3,3,2228.0
3600000.0,0,7,199.0,3.0,3,3,2424.0
4400000.0,0,7,197.0,3.0,3,4,0.0
3650000.0,0,7,210.0,3.0,3,3,0.0
3990000.0,0,7,281.0,3.0,3,3,1900.0
2990000.0,0,7,227.0,3.0,1,3,2790.0
2130000.0,0,7,128.0,3.0,1,2,0.0
2050000.0,0,7,129.15,3.0,1,3,1921.0
2380000.0,0,7,150.0,3.0,3,5,1685.0
3090000.0,0,7,224.0,3.0,2,4,1200.0
3400000.0,0,7,225.0,3.0,1,4,2100.0
1590000.0,0,7,100.0,3.0,1,1,1276.0
1540000.0,0,7,100.35,3.0,2,1,1280.0
3100000.0,0,7,225.0,3.0,1,4,1850.0
1970000.0,0,7,124.0,3.0,1,2,1490.0
2999990.0,0,7,225.0,3.0,3,3,1850.0
2124000.0,0,7,126.0,3.0,1,2,1200.0
2090000.0,0,7,124.0,3.0,1,2,1200.0
2098000.0,0,7,124.0,3.0,1,2,1200.0
2090000.0,0,7,124.0,3.0,1,2,1200.0
2550000.0,0,7,142.0,3.0,1,2,0.0
1990000.0,0,7,127.0,3.0,1,2,1840.0
1780000.0,0,7,154.0,3.0,1,2,1400.0
1880000.0,0,7,154.0,3.0,1,2,0.0
1780000.0,0,7,154.0,3.0,1,2,1400.0
3090000.0,0,7,152.0,3.0,3,2,1934.0
3750000.0,0,7,270.0,3.0,2,4,3335.0
3850000.0,0,7,270.0,3.0,2,4,0.0
3200000.0,0,7,212.0,3.0,3,0,0.0
2200000.0,0,7,126.0,3.0,1,2,0.0
2290000.0,0,7,126.0,3.0,1,2,0.0
3850000.0,0,7,270.0,3.0,2,4,3335.0
2395000.0,0,7,223.0,3.0,1,2,0.0
1970000.0,0,7,125.0,3.0,1,2,0.0
1964784.0,0,7,124.48,3.0,1,2,0.0
2100000.0,0,7,119.48,3.0,1,2,1200.0
2550000.0,0,7,160.0,3.0,3,2,2583.0
3500000.0,0,7,256.0,3.0,0,3,2597.0
2990000.0,0,7,227.0,3.0,1,3,2790.0
3500000.0,0,7,256.85,3.0,1,4,3200.0
3100000.0,0,7,183.0,3.0,3,4,2035.0
3299550.0,0,7,219.0,3.0,2,2,1770.0
3740000.0,0,7,220.0,3.0,1,1,1770.0
3690000.0,0,7,305.0,3.0,2,3,2767.0
2050000.0,0,7,118.0,3.0,3,2,1589.0
2650000.0,0,7,220.0,3.0,1,2,0.0
2380000.0,0,7,151.0,3.0,2,3,1590.0
2750000.0,0,7,220.0,3.0,0,2,2800.0
3590000.0,0,7,198.0,3.0,3,3,0.0
3700000.0,0,7,241.0,3.0,3,4,3022.0
2990000.0,0,7,220.0,3.0,1,2,2800.0
3700000.0,0,7,240.0,3.0,3,4,0.0
3299500.0,0,7,219.97,3.0,1,2,1770.0
3299500.0,0,7,219.97,3.0,1,2,1770.0
2999000.0,0,7,219.97,3.0,1,2,1770.0
3066000.0,0,7,219.0,3.0,1,2,0.0
2150000.0,0,7,118.2,3.0,1,2,0.0
1964784.0,0,7,130.0,3.0,1,2,0.0
1950000.0,0,7,125.0,3.0,1,2,1490.0
1395000.0,0,0,95.0,3.0,1,1,0.0
2150000.0,0,0,208.0,3.0,1,1,2100.0
1980000.0,0,7,148.66,2.0,2,3,1189.0
2499000.0,0,7,155.0,2.0,1,0,1300.0
1300000.0,0,7,71.0,2.0,2,1,0.0
1380000.0,0,7,77.0,2.0,2,1,980.0
1550000.0,0,7,72.0,2.0,2,2,0.0
1555000.0,0,7,71.2,2.0,2,2,1000.0
1460000.0,0,7,68.0,2.0,1,1,1229.0
1399000.0,0,7,77.0,2.0,2,1,800.0
1390000.0,0,7,76.0,2.0,2,1,0.0
1430000.0,0,7,75.65,2.0,2,1,1130.0
1950000.0,0,7,145.0,2.0,2,3,1215.0
1419489.0,0,7,77.48,2.0,1,1,660.0
1350000.0,0,7,71.0,2.0,2,1,985.0
1350000.0,0,7,69.2,2.0,2,1,790.0
1390000.0,0,7,69.0,2.0,2,2,1100.0
1330000.0,0,7,69.0,2.0,1,1,850.0
1499000.0,0,7,80.51,2.0,2,2,1050.0
1499000.0,0,7,80.0,2.0,1,2,1026.0
1499000.0,0,7,81.0,2.0,2,2,1026.0
1499900.0,0,7,81.0,2.0,2,2,0.0
1589000.0,0,7,81.0,2.0,2,2,1100.0
1850000.0,0,7,144.0,2.0,2,3,0.0
1295000.0,0,7,65.0,2.0,1,2,790.0
2259003.0,0,7,159.78,2.0,1,3,1200.0
1280000.0,0,7,83.69,2.0,2,0,1000.0
1458000.0,0,7,77.33,2.0,1,2,0.0
1490000.0,0,7,72.21,2.0,2,2,0.0
1350000.0,0,7,69.17,2.0,2,2,0.0
1750000.0,0,7,156.0,2.0,2,2,1792.0
1250000.0,0,7,76.0,2.0,2,2,0.0
1297000.0,0,7,67.0,2.0,1,1,1100.0
1490000.0,0,7,72.21,2.0,2,2,0.0
1780000.0,0,7,156.0,2.0,2,2,1792.0
1200000.0,0,7,64.44,2.0,1,1,0.0
2990000.0,0,7,224.0,2.0,2,4,0.0
1420000.0,0,7,77.0,2.0,1,2,1050.0
1456000.0,0,7,77.0,2.0,1,2,1020.0
1475000.0,0,7,89.0,2.0,1,2,0.0
1429489.0,0,7,77.0,2.0,1,1,0.0
1449000.0,0,7,80.84,2.0,1,2,800.0
1427000.0,0,7,77.0,2.0,1,1,0.0
1660435.0,0,7,89.73,2.0,1,2,895.0
1596425.0,0,7,86.75,2.0,1,1,813.0
1419489.0,0,7,77.48,2.0,1,1,0.0
1590000.0,0,7,77.0,2.0,1,2,777.0
1429000.0,0,7,86.35,2.0,1,2,750.0
1645748.0,0,7,86.35,2.0,1,2,700.0
2259000.0,0,7,159.0,2.0,1,3,0.0
2839000.0,0,7,185.0,2.0,1,3,0.0
1660434.0,0,7,89.0,2.0,1,2,0.0
1420000.0,0,7,89.0,2.0,1,2,0.0
1430000.0,0,7,64.19,2.0,2,2,1400.0
1300000.0,0,7,83.0,2.0,1,1,1154.0
1320000.0,0,7,78.0,2.0,1,2,0.0
1600000.0,0,7,73.0,2.0,1,2,1000.0
1590000.0,0,7,89.0,2.0,1,0,0.0
1780000.0,0,7,153.0,2.0,1,2,1200.0
1880000.0,0,7,154.0,2.0,1,2,0.0
1780000.0,0,7,155.0,2.0,1,2,1450.0
1310000.0,0,7,75.0,2.0,1,2,1100.0
1300000.0,0,7,78.0,2.0,1,2,1240.0
1200000.0,0,7,73.42,2.0,1,1,0.0
1260000.0,0,7,74.0,2.0,1,2,0.0
1680000.0,0,7,157.0,2.0,1,2,1360.0
1320000.0,0,7,87.9,2.0,1,2,1166.0
2550000.0,0,7,141.0,2.0,1,2,1500.0
1780000.0,0,7,154.0,2.0,1,4,1200.0
1330000.0,0,7,84.15,2.0,1,2,1182.0
1390000.0,0,7,85.32,2.0,1,2,1200.0
2600000.0,0,7,174.0,2.0,1,3,1604.0
3400000.0,0,7,237.46,2.0,1,3,0.0
3400000.0,0,7,237.46,2.0,1,3,2600.0
2450000.0,0,7,152.0,2.0,2,3,1841.0
1290000.0,0,7,78.0,2.0,2,2,1080.0
1390000.0,0,7,81.0,2.0,1,2,1154.0
1390000.0,0,7,81.67,2.0,1,2,1300.0
2380000.0,0,7,166.0,2.0,1,4,0.0
1320000.0,0,7,78.0,2.0,1,2,0.0
2450000.0,0,7,172.0,2.0,1,2,0.0
2650000.0,0,7,175.05,2.0,2,1,1417.0
1257750.0,0,7,84.0,2.0,2,1,829.0
3040000.0,0,7,179.0,2.0,2,1,1430.0
1349000.0,0,7,84.0,2.0,2,1,840.0
2632500.0,0,7,175.0,2.0,2,2,1417.0
2632500.0,0,7,175.0,2.0,2,0,1417.0
3299550.0,0,7,220.0,2.0,2,0,1770.0
1225000.0,0,7,85.0,2.0,2,1,850.0
1550000.0,0,7,95.0,2.0,1,2,1500.0
3003050.0,0,7,176.65,2.0,2,2,1429.0
2975850.0,0,7,175.05,2.0,2,2,1417.0
1275750.0,0,7,84.0,2.0,2,1,0.0
4100000.0,0,7,303.0,2.0,2,4,2800.0
2499000.0,0,7,175.05,2.0,2,2,1417.0
1997000.0,0,7,127.24,2.0,2,2,1460.0
2632500.0,0,7,175.05,2.0,1,1,837.0
2975850.0,0,7,175.05,2.0,2,2,1417.0
1257750.0,0,7,84.67,2.0,2,1,0.0
2090000.0,0,7,157.0,2.0,2,1,1969.0
1250000.0,0,7,92.0,2.0,1,2,760.0
1475000.0,0,7,91.0,2.0,1,2,1083.0
2550000.0,0,7,158.05,2.0,1,3,1601.0
1797000.0,0,7,157.0,2.0,1,3,1600.0
1330000.0,0,7,88.0,2.0,1,2,1100.0
1985000.0,0,7,170.0,2.0,1,2,1870.0
1670000.0,0,7,100.31,2.0,2,1,1219.0
1399000.0,0,7,76.0,2.0,2,2,0.0
1390000.0,0,7,85.0,2.0,2,2,957.0
440000.0,0,9,35.0,2.0,0,1,627.0
1090000.0,0,8,66.0,2.0,1,1,1000.0
1500139.92,0,9,86.24,2.0,2,2,0.0
500000.0,0,8,51.0,2.0,0,0,0.0
850000.0,0,8,70.0,2.0,0,1,700.0
920000.0,0,8,68.0,2.0,0,1,808.0
1090000.0,0,8,68.0,2.0,1,1,0.0
1090000.0,0,8,66.88,2.0,1,1,1332.0
1090000.0,0,8,66.0,2.0,1,1,1332.0
848000.0,0,8,66.88,2.0,0,1,1392.0
1090000.0,0,8,68.0,2.0,1,1,0.0
920000.0,0,8,66.88,2.0,0,1,1471.0
1090000.0,0,8,68.0,2.0,1,1,0.0
1050000.0,0,9,75.51,2.0,2,2,1067.0
980000.0,0,8,67.0,2.0,0,1,1050.0
997000.0,0,8,67.0,2.0,0,1,990.0
1130000.0,0,8,73.0,2.0,0,1,0.0
1000000.0,0,8,63.76,2.0,0,1,846.0
850000.0,0,8,65.0,2.0,0,1,750.0
950000.0,0,8,68.0,2.0,0,1,0.0
2656188.75,0,7,201.68,2.0,1,2,1801.0
2390500.0,0,7,201.68,2.0,1,2,2000.0
2390000.0,0,7,201.68,2.0,1,2,1600.0
2880000.0,0,7,202.0,2.0,1,2,1822.0
2390500.0,0,7,201.0,2.0,1,2,0.0
1050000.0,0,9,75.0,2.0,1,2,1100.0
1550000.0,0,9,169.0,2.0,2,2,1600.0
1350000.0,0,7,87.0,2.0,1,1,0.0
1556000.0,0,9,85.77,2.0,2,2,0.0
950000.0,0,9,61.7,2.0,1,1,1000.0
720250.84,0,9,47.04,2.0,0,1,0.0
833000.0,0,9,53.0,2.0,0,1,0.0
727216.0,0,9,47.0,2.0,0,1,0.0
2320000.0,0,9,122.0,2.0,1,2,0.0
1590000.0,0,9,95.22,2.0,1,2,0.0
1420000.0,0,9,85.0,2.0,2,1,1100.0
475000.0,0,9,38.0,2.0,0,1,518.0
1150000.0,0,9,72.0,2.0,1,1,0.0
1549000.0,0,9,86.24,2.0,2,2,0.0
1050000.0,0,9,75.0,2.0,1,1,1800.0
1550000.0,0,9,134.0,2.0,2,3,2950.0
1100000.0,0,9,75.0,2.0,1,2,1082.0
1590000.0,0,9,86.0,2.0,2,2,0.0
1550000.0,0,9,86.0,2.0,2,2,0.0
898000.0,0,9,54.0,2.0,1,0,600.0
1350000.0,0,9,86.0,2.0,1,2,1290.0
1568000.0,0,9,103.0,2.0,1,2,1410.0
955000.0,0,9,61.0,2.0,1,1,0.0
900000.0,0,9,64.0,2.0,1,1,1480.0
2100000.0,0,9,119.0,2.0,2,2,1920.0
1350000.0,0,9,85.0,2.0,2,2,0.0
1049000.0,0,9,75.0,2.0,1,2,0.0
1050000.0,0,9,75.0,2.0,2,2,0.0
1385000.0,0,7,86.0,2.0,1,1,800.0
1350000.0,0,7,87.0,2.0,1,1,780.0
1733319.3,0,7,79.0,2.0,2,2,0.0
1330000.0,0,7,83.27,2.0,1,1,1200.0
1199000.0,0,7,75.0,2.0,2,1,1000.0
1949000.0,0,7,155.0,2.0,1,2,0.0
1450000.0,0,7,80.0,2.0,2,3,1444.0
1890000.0,0,7,148.0,2.0,1,2,0.0
1465000.0,0,7,84.71,2.0,1,2,0.0
1700000.0,0,7,85.0,2.0,1,2,770.0
1536239.71,0,7,85.0,2.0,2,2,770.0
1350000.0,0,7,77.75,2.0,1,2,1017.0
1699000.0,0,7,85.0,2.0,2,1,750.0
1389000.0,0,7,78.0,2.0,1,2,0.0
2300000.0,0,7,170.0,2.0,2,2,890.0
2590000.0,0,7,175.0,2.0,2,2,0.0
1350000.0,0,7,90.0,2.0,1,2,980.0
1290000.0,0,7,73.0,2.0,1,1,890.0
1200000.0,0,7,80.0,2.0,1,2,0.0
1090000.0,0,7,85.0,2.0,1,2,1167.0
1200000.0,0,7,80.0,2.0,1,2,0.0
1380000.0,0,7,84.0,2.0,2,2,0.0
1397000.0,0,7,86.0,2.0,2,2,900.0
1389000.0,0,7,90.0,2.0,2,2,900.0
1390000.0,0,7,85.0,2.0,2,2,0.0
1400000.0,0,7,84.67,2.0,2,2,900.0
1400000.0,0,7,85.0,2.0,2,2,0.0
1772727.0,0,7,84.0,2.0,2,1,0.0
1245000.0,0,7,80.0,2.0,2,2,0.0
1190000.0,0,7,76.32,2.0,1,2,813.0
1400000.0,0,7,86.0,2.0,1,1,800.0
1199000.0,0,7,75.0,2.0,2,1,1100.0
1400000.0,0,7,86.51,2.0,0,1,0.0
2170000.0,0,7,176.0,2.0,1,2,1377.0
2490000.0,0,7,173.82,2.0,1,2,1600.0
1799000.0,0,7,172.0,2.0,1,3,1662.0
1250000.0,0,7,74.22,2.0,2,1,1215.0
1950000.0,0,7,148.0,2.0,1,2,2640.0
1450000.0,0,7,79.0,2.0,2,3,1350.0
1450000.0,0,7,80.0,2.0,2,3,0.0
1450000.0,0,7,80.0,2.0,2,3,1330.0
2090000.0,0,7,155.0,2.0,1,2,1950.0
1280000.0,0,7,74.77,2.0,1,1,923.0
1350000.0,0,7,80.0,2.0,2,1,0.0
1394000.0,0,7,84.0,2.0,1,2,790.0
1390000.0,0,7,78.0,2.0,2,2,930.0
1980000.0,0,7,154.0,2.0,1,2,0.0
1450000.0,0,7,80.0,2.0,2,3,1331.0
1980000.0,0,7,154.0,2.0,1,2,1622.0
2050000.0,0,7,155.0,2.0,1,2,0.0
1980000.0,0,7,154.0,2.0,1,2,0.0
2200000.0,0,7,141.48,2.0,1,2,0.0
2200000.0,0,7,142.0,2.0,1,2,1850.0
1250000.0,0,7,70.0,2.0,1,1,747.0
1150000.0,0,7,70.0,2.0,1,1,700.0
1240000.0,0,7,77.0,2.0,1,2,740.0
1340000.0,0,7,78.0,2.0,1,2,1237.0
1360000.0,0,7,77.0,2.0,1,0,0.0
1595000.0,0,7,87.13,2.0,1,2,1292.0
415000.0,0,4,50.0,2.0,0,1,0.0
790000.0,0,5,58.0,2.0,0,1,758.0
1990000.0,0,5,242.0,2.0,1,2,0.0
1590000.0,0,5,183.0,2.0,1,2,1956.0
1749000.0,0,5,183.0,2.0,1,2,0.0
350000.0,0,4,47.0,2.0,0,1,0.0
353000.0,0,4,48.0,2.0,0,1,0.0
364000.0,0,4,50.0,2.0,0,1,0.0
380000.0,0,4,48.0,2.0,0,1,345.0
380000.0,0,4,48.0,2.0,0,1,345.0
425000.0,0,4,50.0,2.0,0,1,0.0
350000.0,0,4,50.0,2.0,0,1,380.0
350000.0,0,4,50.0,2.0,0,1,0.0
1990000.0,0,5,234.0,2.0,1,2,0.0
310000.0,0,4,46.0,2.0,0,1,0.0
320000.0,0,4,50.0,2.0,0,0,0.0
410000.0,0,4,46.4,2.0,0,1,0.0
349000.0,0,4,50.0,2.0,0,1,0.0
340000.0,0,4,46.0,2.0,0,1,0.0
340000.0,0,4,48.0,2.0,0,1,0.0
340000.0,0,4,50.0,2.0,0,1,0.0
350000.0,0,4,45.0,2.0,0,1,0.0
360000.0,0,4,58.45,2.0,0,1,397.0
340000.0,0,4,45.0,2.0,2,1,0.0
352000.0,0,4,50.0,2.0,0,1,383.0
2100000.0,0,5,243.0,2.0,1,2,0.0
1990000.0,0,5,234.19,2.0,1,2,2408.0
365000.0,0,4,47.0,2.0,0,1,0.0
1045000.0,0,5,62.59,2.0,1,2,1044.0
680000.0,0,5,57.0,2.0,0,1,610.0
730000.0,0,5,57.0,2.0,0,0,0.0
850000.0,0,5,75.0,2.0,1,1,1300.0
935000.0,0,5,70.0,2.0,1,1,1020.0
1130000.0,0,5,72.26,2.0,1,1,922.0
1000000.0,0,5,49.42,2.0,1,1,647.0
950000.0,0,5,60.72,2.0,1,1,850.0
660000.0,0,5,56.0,2.0,0,1,666.0
750000.0,0,5,51.0,2.0,1,0,780.0
450000.0,0,5,68.0,2.0,1,0,900.0
935000.0,0,5,70.0,2.0,1,1,1090.0
950000.0,0,5,62.59,2.0,1,1,0.0
814000.0,0,5,59.41,2.0,0,1,0.0
802605.0,0,5,65.0,2.0,1,1,620.0
1990000.0,0,5,242.0,2.0,1,2,1800.0
697000.0,0,5,61.88,2.0,0,0,0.0
550000.0,0,5,54.0,2.0,0,1,636.0
760000.0,0,5,53.77,2.0,0,1,447.0
850000.0,0,5,75.0,2.0,1,1,850.0
897000.0,0,5,71.0,2.0,1,1,701.0
816480.0,0,5,64.58,2.0,1,1,0.0
690000.0,0,5,51.11,2.0,1,1,0.0
730000.0,0,5,60.0,2.0,0,1,900.0
1180000.0,0,5,90.0,2.0,0,2,0.0
380000.0,0,4,49.0,2.0,0,1,0.0
335000.0,0,4,50.0,2.0,0,1,0.0
1299000.0,0,7,70.53,2.0,1,1,900.0
1200000.0,0,1,92.0,2.0,1,0,460.0
320000.0,0,3,40.0,2.0,0,0,340.0
295000.0,0,3,55.0,2.0,0,0,150.0
380000.0,0,3,80.0,2.0,1,0,150.0
439000.0,0,3,80.0,2.0,0,0,248.0
439000.0,0,3,85.0,2.0,0,0,0.0
340000.0,0,3,80.0,2.0,1,0,198.0
439000.0,0,3,85.0,2.0,0,0,223.0
320000.0,0,2,84.0,2.0,1,0,0.0
670000.0,0,1,44.0,2.0,0,0,0.0
670000.0,0,1,44.0,2.0,0,0,0.0
870000.0,0,1,55.0,2.0,1,0,0.0
220000.0,0,3,40.0,2.0,0,0,210.0
530000.0,0,1,45.0,2.0,0,0,625.0
650000.0,0,1,53.0,2.0,0,0,660.0
630000.0,0,1,53.0,2.0,0,0,670.0
550000.0,0,1,56.0,2.0,0,0,480.0
620000.0,0,1,50.0,2.0,0,0,0.0
620000.0,0,1,49.5,2.0,0,0,0.0
620000.0,0,1,49.5,2.0,0,0,500.0
520000.0,0,1,56.7,2.0,0,0,540.0
609000.0,0,1,50.0,2.0,0,1,0.0
620000.0,0,1,49.0,2.0,0,0,556.0
620000.0,0,1,50.0,2.0,0,0,800.0
295000.0,0,3,60.0,2.0,0,0,0.0
290000.0,0,3,50.0,2.0,0,0,0.0
370000.0,0,4,50.0,2.0,0,1,0.0
340000.0,0,4,58.0,2.0,0,1,243.0
330000.0,0,4,47.0,2.0,0,1,363.0
320000.0,0,4,46.45,2.0,0,1,348.0
370000.0,0,4,47.0,2.0,0,1,0.0
419000.0,0,4,50.0,2.0,0,1,0.0
460000.0,0,4,74.61,2.0,0,1,0.0
389000.0,0,4,46.0,2.0,0,1,390.0
350000.0,0,4,50.0,2.0,0,1,0.0
319000.0,0,4,50.0,2.0,0,1,0.0
350000.0,0,4,55.0,2.0,0,1,430.0
355000.0,0,4,48.0,2.0,0,1,354.0
340000.0,0,4,50.0,2.0,0,1,0.0
340000.0,0,4,46.0,2.0,0,1,456.0
385000.0,0,3,50.0,2.0,2,0,370.0
319000.0,0,4,47.0,2.0,0,1,350.0
340000.0,0,4,50.0,2.0,0,1,495.0
350000.0,0,4,47.0,2.0,0,1,390.0
310000.0,0,4,50.0,2.0,0,1,0.0
335000.0,0,4,50.0,2.0,0,1,437.0
320000.0,0,4,47.0,2.0,0,1,0.0
350000.0,0,4,47.0,2.0,0,1,373.0
420000.0,0,4,56.12,2.0,0,0,0.0
340000.0,0,4,46.45,2.0,0,1,398.0
370000.0,0,4,46.4,2.0,0,1,0.0
535000.0,0,3,83.0,2.0,2,1,570.0
730000.0,0,5,57.0,2.0,0,1,610.0
729000.0,0,5,56.13,2.0,0,1,610.0
912600.0,0,5,70.0,2.0,0,1,750.0
988000.0,0,7,52.0,2.0,1,1,650.0
1000000.0,0,7,62.0,2.0,2,0,0.0
1680000.0,0,7,91.72,2.0,1,1,0.0
1140000.0,0,7,62.0,2.0,2,1,1200.0
1120000.0,0,7,60.0,2.0,1,1,0.0
995000.0,0,7,50.0,2.0,1,1,670.0
980000.0,0,7,51.0,2.0,1,1,562.0
948000.0,0,7,51.0,2.0,1,0,0.0
960000.0,0,7,51.0,2.0,1,1,757.0
1063647.0,0,7,50.89,2.0,0,1,0.0
994441.0,0,7,50.0,2.0,0,1,0.0
994441.39,0,7,50.78,2.0,0,1,550.0
1063000.0,0,7,50.78,2.0,1,1,0.0
1030000.0,0,7,61.0,2.0,2,1,0.0
978331.0,0,7,50.0,2.0,1,1,0.0
1074200.44,0,7,50.78,2.0,1,1,700.0
1080000.0,0,7,51.0,2.0,1,1,400.0
1090000.0,0,7,52.0,2.0,1,1,960.0
1050000.0,0,7,53.61,2.0,1,1,590.0
960000.0,0,7,53.0,2.0,0,1,900.0
960000.0,0,7,53.0,2.0,0,1,900.0
1090000.0,0,7,55.44,2.0,1,1,900.0
1030000.0,0,7,53.0,2.0,0,2,1200.0
1120000.0,0,7,61.0,2.0,1,1,1500.0
1064000.0,0,7,61.0,2.0,1,1,0.0
780000.0,0,5,52.0,2.0,0,1,740.0
2550000.0,0,7,168.0,2.0,1,3,1369.0
1200000.0,0,7,65.78,2.0,2,1,0.0
1310000.0,0,7,85.0,2.0,1,2,950.0
1310000.0,0,7,84.0,2.0,1,2,950.0
1990000.0,0,7,123.1,2.0,2,2,1346.0
1530000.0,0,7,82.0,2.0,1,2,0.0
2990000.0,0,7,168.85,2.0,1,3,1369.0
2860000.0,0,7,168.0,2.0,1,3,1500.0
2990000.0,0,7,168.0,2.0,1,3,0.0
2990000.0,0,7,169.75,2.0,1,3,1400.0
1790000.0,0,7,86.0,2.0,1,2,0.0
1669001.0,0,7,85.0,2.0,1,2,1057.0
1990000.0,0,7,123.0,2.0,2,2,1483.0
1000000.0,0,7,61.01,2.0,2,0,0.0
1750000.0,0,7,78.62,2.0,1,1,1121.0
1650000.0,0,7,88.0,2.0,1,2,1350.0
3100000.0,0,7,168.0,2.0,1,3,1400.0
4150000.0,0,7,310.0,2.0,2,3,0.0
1070000.0,0,7,61.01,2.0,2,1,0.0
1344874.0,0,7,76.0,2.0,1,1,0.0
1110000.0,0,7,61.0,2.0,2,2,0.0
1196000.0,0,7,60.85,2.0,2,1,0.0
1220000.0,0,7,61.5,2.0,2,1,0.0
1700000.0,0,7,91.72,2.0,2,1,0.0
515000.0,0,7,61.5,2.0,2,1,0.0
960000.0,0,7,53.0,2.0,0,1,900.0
790000.0,0,7,53.0,2.0,0,0,0.0
989000.0,0,7,59.0,2.0,1,1,784.0
685000.0,0,5,64.0,2.0,0,1,650.0
600000.0,0,5,56.0,2.0,1,1,700.0
1199000.0,0,5,118.0,2.0,2,1,850.0
540000.0,0,5,56.0,2.0,0,1,795.0
550000.0,0,5,54.0,2.0,0,1,920.0
550000.0,0,5,54.0,2.0,0,1,640.0
555000.0,0,5,50.66,2.0,1,1,680.0
660000.0,0,5,54.0,2.0,1,1,795.0
590000.0,0,5,54.0,2.0,1,1,0.0
580000.0,0,5,56.0,2.0,0,1,920.0
540000.0,0,5,56.0,2.0,0,1,1622.0
660000.0,0,5,47.0,2.0,0,1,970.0
545000.0,0,5,61.0,2.0,1,1,690.0
989000.0,0,7,59.28,2.0,1,1,598.0
530000.0,0,5,60.0,2.0,1,1,566.0
1210000.0,0,5,109.0,2.0,1,2,0.0
620000.0,0,5,60.0,2.0,0,2,0.0
690000.0,0,5,83.0,2.0,2,1,1300.0
790000.0,0,5,111.0,2.0,1,1,1684.0
660000.0,0,5,52.44,2.0,0,0,548.0
1180000.0,0,5,100.0,2.0,0,1,720.0
960000.0,0,5,100.0,2.0,0,1,890.0
950000.0,0,5,85.0,2.0,0,1,1100.0
890000.0,0,5,75.0,2.0,1,1,0.0
890000.0,0,5,71.0,2.0,1,1,750.0
599000.0,0,5,50.0,2.0,0,1,930.0
1199000.0,0,5,118.0,2.0,2,1,850.0
570000.0,0,5,46.63,2.0,0,1,0.0
998000.0,0,5,75.5,2.0,1,1,1081.0
1070000.0,0,7,54.43,2.0,0,1,0.0
1065000.0,0,7,54.43,2.0,0,1,0.0
1050000.0,0,7,54.43,2.0,0,1,0.0
1050000.0,0,7,53.12,2.0,1,1,0.0
1050000.0,0,7,53.12,2.0,0,1,0.0
860000.0,0,7,60.0,2.0,1,1,600.0
920000.0,0,7,48.5,2.0,0,1,0.0
699000.0,0,7,47.0,2.0,0,1,729.0
730000.0,0,7,47.0,2.0,0,0,727.0
966900.0,0,7,73.62,2.0,1,2,1000.0
950000.0,0,7,50.0,2.0,1,0,550.0
699000.0,0,7,48.0,2.0,0,1,692.0
490000.0,0,6,84.0,2.0,1,0,756.0
998000.0,0,5,75.5,2.0,1,1,1081.0
975000.0,0,5,75.0,2.0,1,1,1188.0
1052000.0,0,5,56.0,2.0,2,1,0.0
780000.0,0,5,65.0,2.0,2,2,990.0
1044000.0,0,5,55.0,2.0,2,1,0.0
1000000.0,0,5,75.0,2.0,1,1,500.0
730000.0,0,5,65.0,2.0,0,1,990.0
998000.0,0,5,75.5,2.0,1,1,1081.0
990000.0,0,5,60.0,2.0,2,2,0.0
675000.0,0,5,63.0,2.0,0,0,0.0
1050000.0,0,9,75.0,2.0,1,1,1800.0
745000.0,0,9,51.71,2.0,1,1,1350.0
4400000.0,0,0,395.0,3.0,0,2,3200.0
1540000.0,0,0,137.0,3.0,1,1,0.0
2428780.0,0,0,130.26,3.0,3,2,1300.0
4371058.0,0,0,261.74,3.0,3,4,0.0
2429000.0,0,0,130.09,3.0,3,2,0.0
1730000.0,0,0,131.79,3.0,1,1,1113.0
1780000.0,0,0,132.0,3.0,1,1,1237.0
1750000.0,0,0,137.0,3.0,1,1,1400.0
1850000.0,0,0,132.0,3.0,3,1,1350.0
1750000.0,0,0,127.0,3.0,1,1,1250.0
1699000.0,0,0,140.0,3.0,1,1,1630.0
1650000.0,0,0,140.0,3.0,1,1,0.0
1750000.0,0,0,137.0,3.0,1,1,1250.0
1799000.0,0,0,137.0,3.0,1,1,1350.0
1900000.0,0,0,175.0,3.0,2,1,1450.0
2190000.0,0,0,136.0,3.0,1,1,1525.0
2190000.0,0,0,135.0,3.0,1,1,0.0
2080000.0,0,0,129.0,3.0,1,1,0.0
2000000.0,0,0,124.0,3.0,1,1,0.0
1399000.0,0,0,97.0,3.0,1,1,1691.0
1780000.0,0,0,137.0,3.0,1,1,0.0
1799000.0,0,0,138.0,3.0,1,2,1200.0
2190000.0,0,0,135.0,3.0,1,1,1525.0
1820000.0,0,0,110.0,3.0,1,1,1040.0
2320000.0,0,0,133.0,3.0,1,2,2050.0
2320000.0,0,0,133.0,3.0,1,2,2050.0
1990000.0,0,0,171.3,3.0,1,1,0.0
2490000.0,0,0,129.0,3.0,3,2,1400.0
1650000.0,0,0,86.0,3.0,1,2,1165.0
1830000.0,0,0,128.98,3.0,1,1,1250.0
1500000.0,0,0,119.94,3.0,1,1,1165.0
1500000.0,0,0,120.0,3.0,1,1,0.0
1750000.0,0,0,120.0,3.0,1,1,0.0
1950000.0,0,0,144.0,3.0,1,1,0.0
1950000.0,0,0,144.0,3.0,1,1,0.0
1670000.0,0,0,144.0,3.0,1,1,0.0
1350000.0,0,0,94.0,3.0,1,1,1150.0
1245000.0,0,0,95.0,3.0,1,1,0.0
1800000.0,0,0,129.0,3.0,0,1,1050.0
1890000.0,0,0,130.51,3.0,1,1,1650.0
1900000.0,0,0,130.0,3.0,3,1,1980.0
1499000.0,0,0,127.0,3.0,1,1,1191.0
1950000.0,0,0,173.0,3.0,1,1,0.0
1499000.0,0,0,127.0,3.0,1,1,1191.0
1750000.0,0,0,100.45,3.0,1,1,1000.0
1750000.0,0,0,100.45,3.0,1,1,1000.0
1750000.0,0,0,100.0,3.0,1,1,1000.0
1499000.0,0,0,127.0,3.0,1,1,1400.0
2690000.0,0,0,167.0,3.0,1,1,0.0
2290000.0,0,0,168.0,3.0,1,1,1720.0
2270000.0,0,0,129.0,3.0,3,2,0.0
1990000.0,0,0,173.0,3.0,1,1,1420.0
1990000.0,0,0,173.0,3.0,1,1,1420.0
2550000.0,0,0,139.0,3.0,3,2,1984.0
2100000.0,0,0,133.0,3.0,2,0,0.0
1700000.0,0,0,93.0,3.0,1,2,890.0
2090000.0,0,0,154.0,3.0,1,1,1200.0
1300000.0,0,0,125.0,3.0,1,0,1078.0
2150000.0,0,0,123.93,3.0,1,1,1085.0
1620000.0,0,0,123.93,3.0,1,2,1150.0
1200000.0,0,0,90.21,3.0,1,1,837.0
1300000.0,0,0,88.55,3.0,1,1,850.0
1418000.0,0,0,113.0,3.0,1,0,0.0
2250000.0,0,0,142.0,3.0,1,1,0.0
2250000.0,0,0,142.0,3.0,1,1,1632.0
1700000.0,0,0,115.0,3.0,1,1,1180.0
1990000.0,0,0,154.07,3.0,1,0,1632.0
1990000.0,0,0,154.07,3.0,1,1,1632.0
2050000.0,0,0,180.0,3.0,1,1,0.0
1200000.0,0,0,126.0,3.0,1,0,1100.0
1510000.0,0,0,123.0,3.0,1,1,1150.0
1400000.0,0,0,112.0,3.0,1,1,1171.0
1300000.0,0,0,111.0,3.0,1,1,1200.0
1550000.0,0,0,111.72,3.0,1,1,2300.0
1645000.0,0,0,113.03,3.0,1,1,1252.0
1200000.0,0,0,125.0,3.0,0,0,1150.0
1390000.0,0,0,125.0,3.0,2,0,1150.0
1400000.0,0,0,111.72,3.0,1,1,1240.0
1200000.0,0,0,125.0,3.0,1,0,0.0
1350000.0,0,0,125.0,3.0,1,0,0.0
1390000.0,0,0,113.0,3.0,1,1,1300.0
1400000.0,0,0,111.72,3.0,1,1,1248.0
1510000.0,0,0,124.0,3.0,1,1,1150.0
1510000.0,0,0,123.0,3.0,1,1,1150.0
1720000.0,0,0,102.0,3.0,1,1,0.0
2560000.0,0,0,170.0,3.0,2,1,1880.0
2320000.0,0,0,133.0,3.0,1,2,2050.0
2480000.0,0,0,170.0,3.0,2,2,1800.0
2490000.0,0,0,170.0,3.0,2,2,1880.0
1690000.0,0,0,115.0,3.0,1,2,1000.0
1690000.0,0,0,110.0,3.0,1,2,1100.0
1690000.0,0,0,110.0,3.0,1,2,1095.0
2450000.0,0,0,168.0,3.0,2,2,1880.0
2031000.0,0,0,97.15,3.0,1,2,0.0
2077000.0,0,0,98.5,3.0,1,1,1400.0
2490000.0,0,0,170.0,3.0,2,2,1880.0
2450000.0,0,0,170.0,3.0,2,2,1900.0
1510000.0,0,0,123.0,3.0,1,1,1150.0
2068558.0,0,0,98.5,3.0,1,1,0.0
4200000.0,0,0,200.0,3.0,1,3,0.0
1990000.0,0,0,101.95,3.0,1,1,0.0
1509900.0,0,0,123.0,3.0,1,1,1150.0
1650000.0,0,0,122.0,3.0,1,50,1243.0
1620000.0,0,0,123.99,3.0,1,2,1150.0
1650000.0,0,0,123.0,3.0,1,1,0.0
1510000.0,0,0,123.0,3.0,1,1,1150.0
1510000.0,0,0,123.0,3.0,1,1,1150.0
1510000.0,0,0,123.0,3.0,1,1,1150.0
1510000.0,0,0,123.0,3.0,1,1,0.0
1980000.0,0,0,127.0,3.0,2,2,0.0
3000000.0,0,0,260.0,3.0,1,1,2679.0
745000.0,0,9,52.0,2.0,1,1,1000.0
1780000.0,0,0,132.0,3.0,1,1,1280.0
1370000.0,0,0,112.0,3.0,1,1,950.0
1370000.0,0,0,110.0,3.0,0,1,0.0
1750000.0,0,0,120.0,3.0,1,0,0.0
1370000.0,0,0,110.0,3.0,1,1,0.0
1750000.0,0,0,112.0,3.0,1,1,1127.0
1490000.0,0,0,112.0,3.0,1,1,1200.0
1765000.0,0,0,134.0,3.0,1,1,1300.0
1750000.0,0,0,132.0,3.0,1,2,1360.0
1849000.0,0,0,132.0,3.0,1,2,1400.0
1700000.0,0,0,132.0,3.0,1,1,1100.0
1850000.0,0,0,132.0,3.0,1,1,1167.0
2340000.0,0,0,188.0,3.0,1,2,3050.0
1650000.0,0,0,112.0,3.0,1,1,1100.0
1720000.0,0,0,135.0,3.0,1,1,1120.0
1720000.0,0,0,135.0,3.0,1,1,1130.0
1930000.0,0,0,132.0,3.0,1,2,1400.0
1780000.0,0,0,134.0,3.0,1,1,1386.0
1890000.0,0,0,131.0,3.0,1,1,0.0
1900000.0,0,0,132.0,3.0,1,1,0.0
1765000.0,0,0,132.0,3.0,1,1,1147.0
1720000.0,0,0,132.0,3.0,0,0,0.0
1700000.0,0,0,132.0,3.0,1,1,1167.0
1749000.0,0,0,132.0,3.0,1,2,0.0
1749000.0,0,0,132.0,3.0,1,1,0.0
1370000.0,0,0,109.0,3.0,1,1,1100.0
1490000.0,0,0,112.0,3.0,1,2,1207.0
1750000.0,0,0,132.0,3.0,1,1,1167.0
1720000.0,0,0,123.0,3.0,1,1,0.0
2150000.0,0,0,189.0,3.0,1,1,1868.0
2450000.0,0,0,148.0,3.0,1,2,1420.0
1560000.0,0,0,109.0,3.0,1,1,1204.0
2400000.0,0,0,137.0,3.0,1,2,0.0
1750000.0,0,0,123.0,3.0,1,1,1400.0
1720000.0,0,0,122.0,3.0,1,1,1260.0
1720000.0,0,0,123.0,3.0,1,1,1260.0
2000000.0,0,0,127.0,3.0,1,1,1300.0
1990000.0,0,0,123.0,3.0,1,1,1403.0
1720000.0,0,0,123.0,3.0,1,1,1260.0
1490000.0,0,0,112.0,3.0,1,1,1200.0
1720000.0,0,0,122.48,3.0,1,1,1050.0
1720000.0,0,0,122.48,3.0,1,1,1050.0
1795000.0,0,0,124.0,3.0,1,1,0.0
1599000.0,0,0,123.0,3.0,1,1,1200.0
1765000.0,0,0,122.0,3.0,1,1,1350.0
1600000.0,0,0,112.26,3.0,1,1,0.0
1370000.0,0,0,112.0,3.0,1,1,950.0
1490000.0,0,0,112.0,3.0,1,1,1200.0
1650000.0,0,0,112.0,3.0,1,1,1114.0
1370000.0,0,0,112.0,3.0,1,1,950.0
1490000.0,0,0,112.0,3.0,1,1,1150.0
1750000.0,0,0,132.0,3.0,1,1,1150.0
2500000.0,0,0,204.0,3.0,1,2,2678.0
3000000.0,0,0,260.0,3.0,1,1,2679.0
1550000.0,0,0,95.0,3.0,1,1,890.0
2080000.0,0,0,143.62,3.0,3,1,0.0
1830000.0,0,0,105.0,3.0,1,2,0.0
1830000.0,0,0,105.0,3.0,1,3,1122.0
1830000.0,0,0,105.0,3.0,1,2,1122.0
3300000.0,0,0,272.45,3.0,2,3,1900.0
2790000.0,0,0,202.0,3.0,1,2,1865.0
1195000.0,0,0,98.0,3.0,1,1,1080.0
1380000.0,0,0,112.0,3.0,1,1,0.0
2850000.0,0,0,202.0,3.0,1,2,2647.0
1220000.0,0,0,100.0,3.0,1,1,1296.0
1400000.0,0,0,109.0,3.0,1,1,1193.0
2100000.0,0,0,197.21,3.0,3,1,1750.0
1790000.0,0,0,110.0,3.0,1,1,1239.0
1700000.0,0,0,127.0,3.0,1,1,1300.0
1780000.0,0,0,133.0,3.0,1,1,980.0
1860000.0,0,0,117.0,3.0,1,1,1025.0
1750000.0,0,0,123.33,3.0,1,1,1631.0
1890000.0,0,0,139.0,3.0,1,1,1210.0
1350000.0,0,0,95.37,3.0,1,1,1050.0
1400000.0,0,0,94.0,3.0,1,1,1150.0
1430000.0,0,0,94.33,3.0,1,1,1050.0
1500000.0,0,0,107.0,3.0,1,0,1250.0
1000000.0,0,0,90.0,3.0,0,1,1250.0
2150000.0,0,0,127.0,3.0,2,2,1299.0
2440000.0,0,0,222.0,3.0,2,2,2300.0
2440000.0,0,0,222.0,3.0,2,2,2300.0
1480000.0,0,0,102.91,3.0,1,1,0.0
2279000.0,0,0,175.0,3.0,3,2,1500.0
2795000.0,0,0,204.0,3.0,2,2,2580.0
2799000.0,0,0,204.0,3.0,2,2,2500.0
1550000.0,0,0,94.0,3.0,1,1,985.0
1590000.0,0,0,123.0,3.0,0,0,0.0
1400000.0,0,0,107.7,3.0,1,1,1100.0
1830000.0,0,0,123.0,3.0,1,1,0.0
1379000.0,0,0,121.3,3.0,1,1,0.0
2590000.0,0,0,231.0,3.0,3,1,1837.0
1380000.0,0,0,120.0,3.0,1,1,1088.0
2890000.0,0,0,245.0,3.0,1,2,1912.0
1380000.0,0,0,120.0,3.0,1,1,1226.0
2280000.0,0,0,175.0,3.0,3,2,1650.0
1780000.0,0,0,110.0,3.0,1,1,0.0
1350000.0,0,0,120.0,3.0,1,1,0.0
1350000.0,0,0,120.0,3.0,1,1,1030.0
2280000.0,0,0,175.0,3.0,3,2,0.0
2890000.0,0,0,245.0,3.0,1,2,1913.0
1589000.0,0,0,126.73,3.0,2,1,1050.0
1450000.0,0,0,127.0,3.0,1,1,1045.0
1575000.0,0,0,105.16,3.0,1,2,0.0
2080000.0,0,0,143.0,3.0,3,1,1800.0
4250000.0,0,0,268.13,3.0,3,3,3300.0
1779000.0,0,0,110.0,3.0,1,1,1250.0
1450000.0,0,0,113.0,3.0,1,1,0.0
1399900.0,0,0,125.0,3.0,1,0,1150.0
1390000.0,0,0,125.0,3.0,2,0,1150.0
938000.0,0,9,57.0,2.0,1,1,0.0
1250000.0,0,11,72.0,2.0,1,0,279.0
1180000.0,0,11,65.0,2.0,1,1,600.0
1180000.0,0,11,64.0,2.0,1,1,629.0
1230000.0,0,11,84.0,2.0,1,2,900.0
1110000.0,0,9,82.0,2.0,1,0,0.0
961000.0,0,9,57.0,2.0,1,1,0.0
985000.0,0,9,57.0,2.0,1,1,0.0
990000.0,0,9,57.0,2.0,1,0,0.0
1250000.0,0,11,71.0,2.0,1,2,1108.0
1580000.0,0,9,84.0,2.0,2,2,0.0
1180000.0,0,9,73.51,2.0,1,2,980.0
1250000.0,0,9,73.9,2.0,1,2,0.0
1450000.0,0,9,86.2,2.0,1,2,1171.0
1580000.0,0,9,100.6,2.0,2,2,1400.0
1550000.0,0,9,86.0,2.0,2,2,0.0
1420000.0,0,9,86.2,2.0,1,2,1200.0
1700000.0,0,9,105.0,2.0,1,2,1400.0
1450000.0,0,9,86.2,2.0,1,2,1036.0
940000.0,0,9,57.26,2.0,1,1,0.0
1280000.0,0,9,77.0,2.0,1,2,1130.0
1180000.0,0,11,65.0,2.0,1,1,0.0
1265000.0,0,11,65.0,2.0,1,1,0.0
1229000.0,0,9,74.0,2.0,1,0,0.0
970000.0,0,11,72.0,2.0,1,1,730.0
1199000.0,0,11,60.0,2.0,1,1,750.0
1200000.0,0,11,61.0,2.0,1,1,0.0
820000.0,0,11,48.0,2.0,1,1,622.0
970000.0,0,11,60.07,2.0,1,1,626.0
950000.0,0,11,58.0,2.0,0,1,608.0
1228000.0,0,11,67.56,2.0,1,1,684.0
1100000.0,0,11,75.0,2.0,1,1,730.0
1100000.0,0,11,70.17,2.0,1,1,729.0
1100000.0,0,11,70.0,2.0,1,1,750.0
1100000.0,0,11,70.0,2.0,1,1,723.0
1100000.0,0,11,70.0,2.0,1,1,729.0
1020000.0,0,11,69.0,2.0,1,1,1200.0
1180000.0,0,11,65.0,2.0,1,1,0.0
1120000.0,0,11,70.0,2.0,1,1,0.0
1254900.0,0,11,92.53,2.0,1,2,1600.0
1600000.0,0,11,95.0,2.0,1,2,1873.0
1290000.0,0,11,74.9,2.0,1,1,1250.0
1185000.0,0,11,65.0,2.0,1,1,650.0
1280000.0,0,11,75.0,2.0,0,1,1340.0
1060000.0,0,11,60.22,2.0,1,1,780.0
1180000.0,0,11,64.3,2.0,1,1,0.0
1180000.0,0,11,64.3,2.0,1,0,0.0
1180000.0,0,11,65.0,2.0,1,1,0.0
1295000.0,0,11,65.0,2.0,1,1,650.0
949900.0,0,9,58.0,2.0,1,1,0.0
1495000.0,0,9,88.81,2.0,1,0,0.0
1390000.0,0,0,125.0,3.0,2,0,1150.0
1190000.0,0,9,74.74,2.0,2,1,1500.0
950000.0,0,9,61.7,2.0,1,1,1000.0
950000.0,0,9,61.6,2.0,1,1,1000.0
950000.0,0,9,61.6,2.0,1,1,1000.0
1030000.0,0,9,61.7,2.0,1,1,1000.0
1030000.0,0,9,61.7,2.0,1,1,1000.0
1030000.0,0,9,64.0,2.0,1,1,1200.0
1119000.0,0,9,75.0,2.0,2,0,0.0
1150000.0,0,9,70.0,2.0,2,1,1400.0
1030000.0,0,9,61.0,2.0,1,1,1065.0
950000.0,0,9,61.0,2.0,1,1,1065.0
1200000.0,0,9,70.29,2.0,2,1,0.0
1135000.0,0,9,61.7,2.0,1,1,1000.0
950000.0,0,9,61.7,2.0,1,1,1000.0
1000000.0,0,9,59.57,2.0,1,1,0.0
1000000.0,0,9,61.0,2.0,1,1,0.0
1190000.0,0,9,70.0,2.0,2,2,750.0
995000.0,0,9,64.28,2.0,1,1,1400.0
1300000.0,0,9,103.0,2.0,2,0,0.0
829000.0,0,9,55.0,2.0,2,1,1500.0
840000.0,0,9,55.0,2.0,2,1,1500.0
795000.0,0,9,55.0,2.0,2,1,1500.0
840000.0,0,9,55.0,2.0,2,1,1500.0
795000.0,0,9,54.0,2.0,1,1,0.0
1400000.0,0,9,114.97,2.0,2,1,2369.0
950000.0,0,9,61.7,2.0,1,1,1000.0
950000.0,0,9,61.7,2.0,1,1,1000.0
995000.0,0,9,64.0,2.0,1,1,1400.0
1220000.0,0,9,70.0,2.0,2,1,1504.0
1438461.0,0,9,109.0,2.0,1,1,0.0
1050000.0,0,9,75.51,2.0,1,0,0.0
998000.0,0,9,61.7,2.0,1,1,800.0
1185000.0,0,9,59.57,2.0,1,1,0.0
1050000.0,0,9,75.51,2.0,2,2,0.0
1000000.0,0,9,61.17,2.0,1,1,0.0
1000000.0,0,9,61.7,2.0,1,1,0.0
850000.0,0,9,61.7,2.0,1,1,0.0
1175000.0,0,9,73.5,2.0,1,2,970.0
940000.0,0,9,74.0,2.0,1,1,0.0
1200000.0,0,9,75.0,2.0,2,1,1300.0
950000.0,0,9,61.7,2.0,1,1,1000.0
1200000.0,0,9,74.0,2.0,2,2,1500.0
1097000.0,0,9,70.0,2.0,2,1,0.0
1200000.0,0,9,70.0,2.0,2,1,0.0
1130000.0,0,9,70.0,2.0,2,2,1353.0
1250000.0,0,9,74.0,2.0,2,1,0.0
1250000.0,0,9,70.0,2.0,2,1,1000.0
1220000.0,0,9,75.0,2.0,2,1,1505.0
1299000.0,0,9,78.0,2.0,2,1,1300.0
1300000.0,0,9,85.0,2.0,2,2,1257.0
540000.0,0,11,58.0,2.0,0,0,700.0
770000.0,0,11,97.0,2.0,1,1,398.0
688000.0,0,11,55.4,2.0,1,0,0.0
1450000.02,0,0,100.0,3.0,1,2,0.0
1600000.0,0,0,104.0,3.0,1,1,1300.0
1050000.0,0,0,70.0,3.0,1,1,742.0
700000.0,0,0,77.0,3.0,0,0,280.0
1695000.0,0,0,122.71,3.0,1,0,1300.0
669000.0,0,0,71.0,3.0,2,0,350.0
720000.0,0,0,90.0,3.0,0,0,0.0
720000.0,0,0,81.0,3.0,0,0,540.0
800000.0,0,0,87.0,3.0,1,0,0.0
800000.0,0,0,82.75,3.0,1,0,0.0
1200000.0,0,0,125.0,3.0,1,0,500.0
1350000.0,0,0,99.0,3.0,1,1,895.0
1195000.0,0,0,97.0,3.0,1,1,0.0
1630000.0,0,0,103.0,3.0,1,1,1300.0
1280000.0,0,11,85.3,2.0,1,1,971.0
1150000.0,0,11,65.0,2.0,0,1,812.0
1185000.0,0,11,81.12,2.0,1,1,1130.0
2100000.0,0,11,198.0,2.0,1,2,1350.0
1395000.0,0,11,79.0,2.0,1,1,0.0
1375000.0,0,11,79.0,2.0,1,1,900.0
2100000.0,0,11,198.0,2.0,1,2,0.0
1200000.0,0,11,96.0,2.0,1,1,1100.0
1270000.0,0,11,81.12,2.0,1,1,0.0
1280000.0,0,11,84.0,2.0,2,1,0.0
1565000.0,0,0,103.0,3.0,1,1,1300.0
1630000.0,0,0,104.0,3.0,1,1,1300.0
830000.0,0,11,97.0,2.0,0,1,1100.0
1590000.0,0,0,107.0,3.0,1,0,1600.0
1399000.0,0,0,125.0,3.0,1,0,1150.0
1390000.0,0,0,125.0,3.0,1,0,1190.0
1350000.0,0,0,125.0,3.0,1,0,1000.0
1520000.0,0,0,125.3,3.0,1,0,0.0
885000.0,0,0,63.93,3.0,1,0,0.0
1250000.0,0,0,122.0,3.0,1,0,1800.0
1695000.0,0,0,122.0,3.0,1,0,1300.0
1695000.0,0,0,123.0,3.0,1,0,0.0
1695000.0,0,0,123.0,3.0,1,0,1300.0
1250000.0,0,0,122.0,3.0,1,0,1800.0
1695000.0,0,0,122.71,3.0,1,1,1300.0
825000.0,0,0,100.0,3.0,0,1,1800.0
1990000.0,0,0,150.0,3.0,1,1,1400.0
1590000.0,0,0,107.94,3.0,1,0,1690.0
1295000.0,0,0,108.0,3.0,1,0,1500.0
1100000.0,0,0,107.94,3.0,1,0,1740.0
1100000.0,0,0,108.0,3.0,1,0,0.0
1170000.0,0,0,110.0,3.0,1,0,1905.0
1500000.0,0,0,135.0,3.0,1,2,1500.0
1430000.0,0,0,135.0,3.0,0,0,0.0
690000.0,0,0,76.45,3.0,1,0,0.0
1200000.0,0,0,112.17,3.0,1,0,0.0
1200000.0,0,0,125.0,3.0,1,0,1500.0
1200000.0,0,0,112.17,3.0,1,0,0.0
1100000.0,0,11,79.1,2.0,1,1,1238.0
1270000.0,0,11,89.0,2.0,1,1,1211.0
1280000.0,0,11,79.0,2.0,2,1,1100.0
775000.0,0,11,60.0,2.0,0,0,0.0
750000.0,0,11,62.0,2.0,0,0,765.0
670000.0,0,11,60.0,2.0,0,0,0.0
759000.0,0,11,62.0,2.0,0,0,750.0
650000.0,0,11,62.0,2.0,0,0,0.0
690000.0,0,11,58.88,2.0,0,0,750.0
700000.0,0,11,60.0,2.0,0,1,0.0
720000.0,0,11,62.65,2.0,1,0,708.0
730000.0,0,11,62.0,2.0,0,0,650.0
599000.0,0,11,55.0,2.0,1,0,661.0
780000.0,0,11,62.0,2.0,0,0,600.0
725000.0,0,11,62.48,2.0,0,0,622.0
790000.0,0,11,63.0,2.0,0,0,600.0
1149000.0,0,11,76.03,2.0,1,1,710.0
760000.0,0,11,53.0,2.0,1,0,670.0
990000.0,0,11,90.0,2.0,0,0,200.0
810000.0,0,11,62.0,2.0,0,0,650.0
680000.0,0,11,60.0,2.0,0,0,600.0
650000.0,0,11,39.0,2.0,0,3,816.0
449000.0,0,11,26.0,2.0,1,1,380.0
550000.0,0,11,37.56,2.0,1,1,514.0
600000.0,0,11,52.0,2.0,0,1,600.0
698000.0,0,11,52.0,2.0,0,1,1000.0
850000.0,0,11,97.0,2.0,0,1,0.0
930000.0,0,11,98.0,2.0,1,1,1100.0
660000.0,0,11,62.0,2.0,0,0,700.0
690000.0,0,11,61.64,2.0,0,0,862.0
790000.0,0,11,63.0,2.0,0,0,844.0
660000.0,0,11,59.0,2.0,0,0,580.0
1100000.0,0,11,84.6,2.0,1,1,800.0
1270000.0,0,11,74.91,2.0,0,1,926.0
1260000.0,0,11,78.9,2.0,1,1,898.0
1075000.0,0,11,77.6,2.0,1,1,943.0
1170000.0,0,11,77.0,2.0,1,1,943.0
990000.0,0,11,56.83,2.0,1,1,0.0
780000.0,0,11,61.6,2.0,1,0,0.0
600000.0,0,11,60.0,2.0,0,0,0.0
775000.0,0,11,58.1,2.0,0,0,545.0
820000.0,0,11,60.41,2.0,0,0,0.0
795000.0,0,11,60.0,2.0,0,0,510.0
810000.0,0,11,60.0,2.0,0,0,0.0
700000.0,0,11,57.0,2.0,0,0,750.0
730000.0,0,11,56.32,2.0,1,0,598.0
690000.0,0,11,60.0,2.0,0,0,0.0
779000.0,0,11,58.0,2.0,0,0,604.0
720000.0,0,11,61.0,2.0,0,0,700.0
610000.0,0,11,57.0,2.0,0,0,680.0
799000.0,0,11,60.0,2.0,0,0,600.0
799000.0,0,11,60.0,2.0,0,0,600.0
830000.0,0,11,63.0,2.0,0,0,600.0
730000.0,0,11,59.0,2.0,0,0,864.0
650000.0,0,11,58.0,2.0,0,0,600.0
1240000.0,0,11,90.0,3.0,1,1,890.0
2395000.0,0,7,223.0,3.0,1,2,2428.0
1250000.0,0,11,87.0,3.0,1,1,100.0
329000.0,2,5,27.64,1.0,1,1,377.0
429000.0,2,5,31.0,1.0,0,1,400.0
439000.0,2,5,29.0,1.0,1,1,400.0
369000.0,2,5,28.0,1.0,0,1,0.0
330000.0,2,5,32.5,1.0,1,0,500.0
580000.0,2,5,36.0,1.0,0,1,400.0
335000.0,2,5,27.64,1.0,0,0,350.0
449000.0,2,5,29.0,1.0,0,1,400.0
345000.0,2,5,27.64,1.0,0,1,0.0
320000.0,2,5,27.64,1.0,0,1,340.0
360000.0,2,5,27.41,1.0,0,1,350.0
360000.0,2,5,28.0,1.0,1,0,400.0
400000.0,2,5,40.11,1.0,0,1,632.0
265000.0,2,5,21.8,1.0,1,0,236.0
340000.0,2,5,32.0,1.0,1,1,0.0
345000.0,2,5,28.0,1.0,0,1,389.0
395000.0,2,5,28.0,1.0,0,1,280.0
340000.0,2,5,31.0,1.0,1,1,568.0
398000.0,2,5,33.0,1.0,1,1,540.0
450000.0,2,5,36.0,1.0,0,1,388.0
369000.0,2,5,28.0,1.0,0,1,0.0
369000.0,2,5,28.0,1.0,0,1,388.0
395000.0,2,5,33.3,1.0,0,1,0.0
390000.0,2,5,27.0,1.0,1,1,350.0
390000.0,2,5,33.0,1.0,1,1,538.0
345000.0,2,5,32.0,1.0,0,1,450.0
420000.0,2,5,34.0,1.0,0,1,550.0
390000.0,2,5,28.0,1.0,0,1,390.0
410000.0,2,5,37.0,1.0,0,1,560.0
450000.0,2,7,31.0,1.0,0,1,600.0
587880.0,2,7,39.0,1.0,1,1,500.0
435000.0,2,7,31.0,1.0,0,1,550.0
579000.0,2,7,39.0,1.0,0,1,500.0
590000.0,2,7,37.0,1.0,0,2,1105.0
190000.0,2,6,22.72,1.0,0,0,0.0
340000.0,2,5,30.25,1.0,0,1,0.0
410000.0,2,5,29.0,1.0,0,1,595.0
377000.0,2,5,27.0,1.0,0,0,579.0
320000.0,2,5,26.0,1.0,1,1,0.0
370000.0,2,5,32.0,1.0,1,1,580.0
390000.0,2,5,25.0,1.0,0,1,0.0
1090000.0,0,11,70.86,3.0,0,1,690.0
325000.0,2,5,25.3,1.0,1,1,0.0
395000.0,2,5,34.29,1.0,1,1,599.0
365000.0,2,5,30.05,1.0,0,1,0.0
375000.0,2,5,30.0,1.0,0,1,505.0
246000.0,2,5,25.0,1.0,0,0,0.0
425000.0,2,5,34.0,1.0,0,1,740.0
260000.0,2,5,27.0,1.0,0,0,320.0
300000.0,2,5,25.0,1.0,0,0,0.0
280000.0,2,5,26.0,1.0,0,0,290.0
248000.0,2,5,22.0,1.0,0,0,519.0
246000.0,2,5,25.0,1.0,0,0,0.0
380000.0,2,5,33.0,1.0,1,1,510.0
360000.0,2,5,27.64,1.0,1,1,538.0
680000.0,2,7,42.0,1.0,1,1,700.0
340000.0,2,0,27.0,1.0,0,1,350.0
360000.0,2,1,27.0,1.0,1,2,390.0
390000.0,2,1,26.0,1.0,1,2,431.0
275000.0,2,0,30.0,1.0,0,1,380.0
380000.0,2,0,26.0,1.0,0,1,390.0
420000.0,2,0,28.0,1.0,0,0,360.0
420000.0,2,0,28.0,1.0,0,1,340.0
420000.0,2,0,28.0,1.0,1,0,340.0
420000.0,2,0,28.0,1.0,0,0,378.0
315000.0,2,0,30.0,1.0,0,0,380.0
380000.0,2,0,25.0,1.0,0,1,297.0
320000.0,2,0,30.0,1.0,1,1,350.0
320000.0,2,0,25.0,1.0,1,1,350.0
343000.0,2,1,27.0,1.0,0,1,0.0
335000.0,2,0,28.7,1.0,0,1,349.0
370000.0,2,0,27.0,1.0,0,0,345.0
700000.0,2,0,32.0,1.0,0,1,0.0
450000.0,2,0,30.0,1.0,0,0,453.0
699000.0,2,0,44.0,1.0,1,1,1000.0
300000.0,2,0,27.0,1.0,1,1,400.0
450000.0,2,0,28.0,1.0,1,1,425.0
420000.0,2,0,30.0,1.0,0,1,450.0
458000.0,2,0,30.0,1.0,0,1,564.0
450000.0,2,0,30.0,1.0,0,1,485.0
450000.0,2,0,30.0,1.0,1,1,485.0
345000.0,2,1,25.0,1.0,0,1,0.0
375000.0,2,1,25.0,1.0,1,1,365.0
450000.0,2,5,30.0,1.0,0,1,400.0
320000.0,2,1,27.0,1.0,1,1,400.0
230000.0,2,5,28.0,1.0,1,1,0.0
260000.0,2,3,40.0,1.0,0,0,120.0
180000.0,2,3,25.0,1.0,1,0,170.0
460000.0,2,1,29.0,1.0,1,0,910.0
339000.0,2,1,27.0,1.0,1,0,350.0
315000.0,2,1,27.0,1.0,0,0,400.0
315000.0,2,1,26.0,1.0,0,1,0.0
315000.0,2,1,27.0,1.0,1,0,400.0
305000.0,2,1,27.0,1.0,0,0,400.0
310000.0,2,1,27.0,1.0,0,0,0.0
315000.0,2,1,27.0,1.0,0,1,400.0
320000.0,2,1,27.0,1.0,0,0,0.0
375000.0,2,1,25.0,1.0,1,1,365.0
315000.0,2,1,27.0,1.0,1,0,400.0
320000.0,2,1,27.0,1.0,1,1,400.0
310000.0,2,1,27.0,1.0,0,0,400.0
310000.0,2,1,27.0,1.0,0,0,400.0
359000.0,2,1,27.0,1.0,0,0,371.0
420000.0,2,1,27.0,1.0,1,0,0.0
320000.0,2,1,27.0,1.0,0,0,470.0
410000.0,2,1,27.16,1.0,0,0,0.0
390000.0,2,1,27.0,1.0,0,2,404.0
370000.0,2,1,25.83,1.0,0,1,340.0
440000.0,2,1,31.0,1.0,0,1,0.0
415000.0,2,7,33.0,1.0,0,1,530.0
900000.0,2,7,40.0,1.0,1,1,998.0
450000.0,2,0,30.0,1.0,0,1,485.0
460000.0,2,11,40.0,1.0,0,0,0.0
350000.0,2,11,28.0,1.0,0,0,290.0
279000.0,2,11,41.0,1.0,0,0,180.0
360000.0,2,11,30.0,1.0,0,0,0.0
449000.0,2,11,46.13,1.0,0,0,0.0
360000.0,2,11,37.0,1.0,0,0,0.0
477000.0,2,11,46.0,1.0,0,0,650.0
500000.0,2,11,42.0,1.0,0,0,621.0
460000.0,2,11,26.0,1.0,0,1,490.0
389500.0,2,11,32.67,1.0,0,0,445.0
439000.0,2,11,32.69,1.0,0,1,0.0
400000.0,2,11,42.0,1.0,1,0,0.0
398000.0,2,11,50.0,1.0,0,0,345.0
370000.0,2,11,32.23,1.0,1,0,637.0
400000.0,2,11,38.5,1.0,0,0,363.0
480000.0,2,11,40.0,1.0,0,0,0.0
265000.0,2,11,27.0,1.0,0,0,0.0
385000.0,2,11,48.0,1.0,0,0,945.0
330000.0,2,11,30.0,1.0,1,0,350.0
340000.0,2,11,30.0,1.0,1,0,380.0
390000.0,2,11,24.0,1.0,0,0,0.0
195000.0,2,11,23.0,1.0,1,0,0.0
395000.0,2,11,32.0,1.0,0,0,310.0
385000.0,2,11,37.0,1.0,0,0,589.0
410000.0,2,11,25.0,1.0,1,1,0.0
380000.0,2,11,33.0,1.0,0,0,0.0
398000.0,2,11,38.0,1.0,0,0,859.0
460000.0,2,11,28.0,1.0,0,1,500.0
390000.0,2,11,27.0,1.0,0,1,0.0
465000.0,2,11,24.32,1.0,1,1,0.0
449000.0,2,11,27.0,1.0,0,1,380.0
439000.0,2,11,26.0,1.0,1,1,382.0
489000.0,2,11,24.0,1.0,0,1,328.0
449000.0,2,11,26.0,1.0,0,1,441.0
460000.0,2,11,25.0,1.0,1,1,382.0
350000.0,2,11,24.0,1.0,1,1,350.0
447000.0,2,11,25.0,1.0,0,1,397.0
390000.0,2,11,26.0,1.0,1,1,352.0
297000.0,2,11,24.0,1.0,0,0,380.0
470000.0,2,11,29.0,1.0,0,0,493.0
390000.0,2,11,40.0,1.0,1,1,625.0
395000.0,2,11,29.45,1.0,0,0,0.0
375000.0,2,11,27.0,1.0,1,1,0.0
330000.0,2,11,28.8,1.0,1,1,384.0
380000.0,2,11,40.38,1.0,0,1,444.0
380000.0,2,11,38.0,1.0,0,1,524.0
410000.0,2,11,36.45,1.0,0,1,500.0
469000.0,2,11,34.0,1.0,0,1,593.0
560000.0,2,11,49.12,1.0,0,1,465.0
430000.0,2,11,36.0,1.0,1,1,0.0
489000.0,2,11,25.8,1.0,1,1,328.0
370000.0,2,11,30.0,1.0,0,1,540.0
470000.0,2,11,29.0,1.0,0,1,550.0
490000.0,2,11,30.0,1.0,1,0,400.0
310000.0,2,11,36.0,1.0,0,0,306.0
490000.0,2,7,38.0,1.0,1,1,650.0
515000.0,2,9,35.6,1.0,0,1,331.0
498000.0,2,11,26.0,1.0,1,1,522.0
489000.0,2,11,25.8,1.0,0,1,503.0
489000.0,2,11,26.91,1.0,1,1,503.0
489000.0,2,11,26.0,1.0,1,1,503.0
390000.0,2,9,27.0,1.0,0,1,0.0
450000.0,2,9,28.67,1.0,1,1,0.0
510000.0,2,9,29.0,1.0,1,1,790.0
510000.0,2,9,29.0,1.0,1,1,790.0
380000.0,2,9,26.0,1.0,0,0,0.0
340000.0,2,9,27.0,1.0,1,1,370.0
515000.0,2,9,27.0,1.0,1,1,350.0
449000.0,2,9,26.0,1.0,1,1,0.0
475000.0,2,9,27.0,1.0,1,1,300.0
368000.0,2,9,25.0,1.0,0,1,0.0
670000.0,2,7,32.0,1.0,1,1,0.0
649000.0,2,7,35.0,1.0,1,1,0.0
685000.0,2,7,39.63,1.0,1,1,700.0
677000.0,2,7,39.3,1.0,0,1,0.0
530000.0,2,7,32.0,1.0,0,1,409.0
560000.0,2,7,32.0,1.0,0,1,450.0
520000.0,2,7,31.0,1.0,1,1,409.0
510000.0,2,7,33.0,1.0,1,1,408.0
520000.0,2,7,31.0,1.0,0,1,409.0
395000.0,2,11,30.0,1.0,0,0,742.0
495000.0,2,11,26.0,1.0,1,1,470.0
416960.0,2,11,26.06,1.0,0,0,335.0
385000.0,2,11,25.0,1.0,0,1,530.0
450000.0,2,11,25.47,1.0,1,1,375.0
415000.0,2,11,26.0,1.0,1,0,420.0
390000.0,2,11,26.0,1.0,0,1,0.0
449000.0,2,11,25.0,1.0,1,1,335.0
449000.0,2,11,25.0,1.0,0,1,335.0
459000.0,2,11,25.47,1.0,0,1,0.0
459000.0,2,11,25.47,1.0,1,1,0.0
430000.0,2,11,29.0,1.0,1,0,400.0
420000.0,2,11,24.0,1.0,1,1,622.0
410000.0,2,11,25.0,1.0,1,1,641.0
415000.0,2,11,24.0,1.0,0,1,0.0
415000.0,2,11,24.62,1.0,1,1,604.0
489000.0,2,11,25.8,1.0,1,1,0.0
499000.0,2,11,26.0,1.0,1,1,560.0
410000.0,2,11,27.0,1.0,0,1,630.0
385000.0,2,11,24.0,1.0,0,1,0.0
400000.0,2,11,27.0,1.0,0,0,630.0
499000.0,2,11,24.0,1.0,1,1,618.0
430000.0,2,11,28.0,1.0,1,1,620.0
399000.0,2,11,24.48,1.0,0,1,549.0
425000.0,2,11,25.0,1.0,0,1,616.0
399000.0,2,11,27.0,1.0,0,1,0.0
445000.0,2,11,30.7,1.0,0,1,0.0
360000.0,2,11,32.54,1.0,1,0,650.0
427000.0,2,0,29.12,1.0,0,1,0.0
395000.0,2,0,29.0,1.0,0,0,485.0
3470000.0,0,11,170.0,4.0,4,3,1950.0
3800000.0,0,11,171.0,4.0,4,3,0.0
3900000.0,0,11,186.0,4.0,4,3,1986.0
2990000.0,0,11,146.0,4.0,4,2,0.0
2990000.0,0,11,146.89,4.0,4,2,0.0
4950000.0,0,11,230.0,4.0,4,4,0.0
650000.0,0,13,180.0,4.0,1,1,0.0
190000.0,2,0,21.17,1.0,0,0,0.0
290000.0,2,0,26.0,1.0,0,0,0.0
399000.0,2,0,35.63,1.0,0,0,344.0
260000.0,2,0,25.0,1.0,0,0,0.0
220000.0,2,0,24.0,1.0,0,0,0.0
320000.0,2,0,36.0,1.0,1,0,0.0
300000.0,2,0,29.13,1.0,0,0,418.0
269900.0,2,0,27.34,1.0,0,0,220.0
450000.0,2,0,34.0,1.0,0,0,223.0
3600000.0,0,12,570.0,4.0,2,0,0.0
3700000.0,0,11,175.0,4.0,4,4,0.0
3187187.0,0,11,143.7,4.0,4,3,0.0
3325000.0,0,11,145.0,4.0,4,3,0.0
2996300.0,0,11,144.0,4.0,4,3,0.0
4350000.0,0,11,200.0,4.0,4,4,0.0
192000.0,2,0,21.0,1.0,0,0,0.0
2795000.0,0,11,161.0,4.0,2,2,2562.0
3225000.0,0,11,172.0,4.0,4,3,0.0
3171418.0,0,11,146.0,4.0,4,3,0.0
3550000.0,0,11,172.0,4.0,4,3,1700.0
2380000.0,0,11,147.0,4.0,2,2,1400.0
2130000.0,0,11,146.0,4.0,2,2,0.0
2490000.0,0,11,223.0,4.0,2,2,1713.0
2795000.0,0,11,160.0,4.0,2,2,2562.0
3100000.0,0,11,159.44,4.0,4,3,1590.0
2795000.0,0,11,160.0,4.0,2,2,2562.0
2450000.0,0,11,214.0,4.0,2,1,0.0
475000.0,0,11,214.0,4.0,2,1,2300.0
2450000.0,0,11,214.0,4.0,2,1,2300.0
2450000.0,0,11,200.0,4.0,2,1,2010.0
2350000.0,0,11,148.0,4.0,2,2,1500.0
2450000.0,0,11,173.0,4.0,2,2,0.0
4360000.0,0,11,271.0,5.0,4,4,2900.0
3100000.0,0,11,178.0,4.0,2,3,0.0
2370000.0,0,11,180.0,4.0,3,2,2684.0
1490000.0,0,11,130.0,4.0,1,2,1300.0
4221000.0,0,11,186.0,4.0,4,3,0.0
3003500.0,0,11,144.09,4.0,4,3,0.0
2676056.0,0,11,156.58,4.0,4,3,0.0
2990000.0,0,11,146.89,4.0,4,3,0.0
195000.0,2,0,21.0,1.0,0,0,0.0
200000.0,2,0,21.0,1.0,0,0,286.0
330000.0,2,0,28.0,1.0,0,1,0.0
329000.0,2,0,26.0,1.0,1,1,443.0
350000.0,2,0,25.84,1.0,0,1,528.0
330000.0,2,0,26.0,1.0,0,1,0.0
369000.0,2,0,27.0,1.0,1,1,0.0
360000.0,2,0,25.44,1.0,1,1,445.0
380000.0,2,0,27.0,1.0,1,1,321.0
423000.0,2,0,28.0,1.0,1,1,580.0
320000.0,2,0,31.01,1.0,1,1,0.0
340000.0,2,0,26.62,1.0,1,1,543.0
365000.0,2,0,26.0,1.0,0,1,0.0
310000.0,2,0,25.0,1.0,0,1,400.0
290000.0,2,0,30.0,1.0,0,1,470.0
330000.0,2,0,26.62,1.0,0,1,0.0
395000.0,2,0,25.0,1.0,1,1,0.0
312000.0,2,0,25.0,1.0,0,1,0.0
340000.0,2,0,25.16,1.0,0,1,400.0
330000.0,2,0,25.16,1.0,0,1,0.0
329000.0,2,0,25.0,1.0,0,1,417.0
409000.0,2,0,27.0,1.0,1,1,0.0
460000.0,2,0,32.48,1.0,0,0,590.0
370000.0,2,0,29.0,1.0,1,1,0.0
380000.0,2,0,26.0,1.0,0,0,233.0
390000.0,2,0,28.0,1.0,1,1,389.0
320000.0,2,0,25.0,1.0,0,1,430.0
450000.0,2,0,39.0,1.0,0,0,488.0
400000.0,2,0,27.0,1.0,0,1,441.0
315000.0,2,0,26.0,1.0,0,1,464.0
230000.0,2,0,29.3,1.0,0,0,225.0
489000.0,2,0,26.0,1.0,1,1,0.0
330000.0,2,0,28.0,1.0,0,1,0.0
330000.0,2,0,28.0,1.0,0,1,0.0
290000.0,2,0,28.0,1.0,0,0,0.0
395000.0,2,0,28.52,1.0,0,1,550.0
420000.0,2,0,28.54,1.0,0,1,550.0
330000.0,2,0,28.0,1.0,0,0,0.0
450000.0,2,0,45.0,1.0,1,0,700.0
299000.0,2,0,25.16,1.0,0,1,0.0
315000.0,2,0,25.0,1.0,0,1,554.0
330000.0,2,0,25.0,1.0,0,1,405.0
319000.0,2,0,25.0,1.0,1,1,476.0
415000.0,2,0,26.0,1.0,1,1,0.0
395000.0,2,0,26.0,1.0,1,1,396.0
310000.0,2,0,25.0,1.0,1,1,450.0
365000.0,2,0,25.16,1.0,1,1,406.0
300000.0,2,0,25.0,1.0,0,1,476.0
330000.0,2,0,26.0,1.0,1,1,420.0
310000.0,2,0,25.0,1.0,0,1,430.0
299000.0,2,0,28.0,1.0,0,1,450.0
359000.0,2,0,28.0,1.0,1,1,345.0
330000.0,2,0,25.0,1.0,1,1,430.0
320000.0,2,0,27.0,1.0,1,1,0.0
352000.0,2,0,25.0,1.0,0,1,450.0
299000.0,2,0,28.0,1.0,1,1,474.0
299000.0,2,0,33.0,1.0,1,0,350.0
445000.0,2,0,31.0,1.0,1,1,0.0
330000.0,2,0,23.0,1.0,0,0,370.0
295000.0,2,0,22.0,1.0,0,0,340.0
198000.0,2,0,30.0,1.0,1,0,440.0
285000.0,2,0,26.0,1.0,0,0,326.0
300000.0,2,0,37.13,1.0,0,0,530.0
320000.0,2,0,32.0,1.0,0,0,475.0
325000.0,2,0,39.0,1.0,0,0,300.0
230000.0,2,0,33.99,1.0,0,0,302.0
280000.0,2,0,29.41,1.0,1,0,260.0
145000.0,2,0,18.0,1.0,0,0,0.0
390000.0,2,0,30.0,1.0,0,0,450.0
350000.0,2,0,21.6,1.0,0,0,0.0
329000.0,2,0,28.12,1.0,0,0,250.0
240000.0,2,0,30.52,1.0,0,0,0.0
340000.0,2,0,31.12,1.0,1,0,374.0
240000.0,2,0,56.0,1.0,0,0,265.0
320000.0,2,0,23.0,1.0,0,0,370.0
350000.0,2,0,26.0,1.0,0,0,355.0
285000.0,2,0,34.0,1.0,0,0,375.0
435000.0,2,0,28.8,1.0,0,0,350.0
285000.0,2,0,31.0,1.0,1,0,314.0
750000.0,2,0,42.08,1.0,0,0,315.0
180000.0,2,0,31.8,1.0,0,0,275.0
240000.0,2,0,21.3,1.0,0,0,350.0
360000.0,2,0,33.0,1.0,0,0,330.0
390000.0,2,0,33.0,1.0,0,0,0.0
300000.0,2,0,27.0,1.0,0,0,0.0
420000.0,2,0,25.0,1.0,1,0,469.0
375000.0,2,0,31.28,1.0,0,0,573.0
139000.0,2,0,27.0,1.0,0,0,0.0
240000.0,2,0,31.75,1.0,0,0,180.0
400000.0,2,0,27.0,1.0,0,1,0.0
335250.0,2,0,28.05,1.0,1,0,0.0
225000.0,2,0,23.0,1.0,0,0,100.0
220000.0,2,0,23.31,1.0,0,0,100.0
320000.0,2,0,46.0,1.0,0,0,0.0
250000.0,2,0,22.0,1.0,0,0,0.0
155000.0,2,0,20.37,1.0,0,0,130.0
300000.0,2,0,33.54,1.0,0,0,180.0
195000.0,2,0,33.0,1.0,1,0,0.0
285000.0,2,0,31.0,1.0,0,0,0.0
385000.0,2,0,37.0,1.0,0,0,325.0
380000.0,2,0,30.0,1.0,0,0,400.0
310000.0,2,0,35.0,1.0,1,0,0.0
110000.0,2,0,20.07,1.0,0,0,358.0
195000.0,2,0,25.43,1.0,0,0,358.0
160000.0,2,0,29.0,1.0,0,0,280.0
320000.0,2,0,35.0,1.0,0,0,302.0
265000.0,2,0,34.0,1.0,1,0,0.0
349000.0,2,0,22.67,1.0,0,0,191.0
280000.0,2,0,36.0,1.0,0,0,310.0
195000.0,2,0,32.1,1.0,0,0,0.0
380000.0,2,0,22.0,1.0,1,0,0.0
270000.0,2,0,29.88,1.0,0,0,420.0
449000.0,2,11,26.0,1.0,0,1,380.0
489000.0,2,11,24.6,1.0,0,1,328.0
379000.0,2,11,24.0,1.0,0,1,380.0
930000.0,1,3,366.42,3.0,3,4,772.0
1150000.0,1,3,300.0,3.0,3,4,400.0
950000.0,1,3,172.0,3.0,1,0,0.0
1250000.0,1,3,450.0,3.0,1,3,0.0
710000.0,1,3,298.0,3.0,2,2,0.0
1650000.0,1,3,210.0,3.0,3,2,1000.0
1390000.0,1,3,210.0,3.0,3,4,0.0
1270000.0,1,3,210.0,3.0,3,4,0.0
2400000.0,1,3,350.0,3.0,1,2,950.0
1800000.0,1,3,305.0,3.0,3,4,772.0
2290000.0,1,3,417.0,3.0,3,3,0.0
1780000.0,1,3,406.0,3.0,2,4,0.0
1218000.0,1,3,160.0,3.0,2,4,570.0
1790000.0,1,3,300.0,3.0,3,4,0.0
1980000.0,1,3,400.0,3.0,3,2,0.0
1430000.0,1,3,255.0,3.0,3,2,0.0
1430000.0,1,3,255.0,3.0,3,2,0.0
2475000.0,1,3,454.0,3.0,3,3,0.0
1650000.0,1,3,280.0,3.0,3,4,450.0
1950000.0,1,3,180.0,3.0,3,0,495.0
1700000.0,1,3,120.0,3.0,2,2,0.0
1580000.0,1,3,250.0,3.0,1,1,0.0
1680000.0,1,3,310.0,3.0,3,4,0.0
1300000.0,1,3,290.0,3.0,1,4,450.0
1230000.0,1,3,427.94,3.0,3,2,0.0
1465000.0,1,3,240.0,3.0,3,2,0.0
1420000.0,1,3,235.0,3.0,3,4,500.0
1690000.0,1,3,300.0,3.0,2,0,0.0
1150000.0,1,3,270.0,3.0,1,3,0.0
1350000.0,1,3,300.0,3.0,1,2,660.0
1060000.0,1,3,260.0,3.0,2,6,530.0
1150000.0,1,3,300.0,3.0,1,4,530.0
869000.0,1,3,230.0,3.0,1,3,550.0
1250000.0,1,3,300.0,3.0,3,5,700.0
1150000.0,1,3,450.0,3.0,3,2,560.0
950000.0,1,3,300.0,3.0,1,3,587.0
750000.0,1,3,250.0,3.0,1,2,550.0
1370000.0,1,3,300.0,3.0,2,0,0.0
1249000.0,1,3,320.0,3.0,2,5,560.0
997000.0,1,3,128.0,3.0,1,2,972.0
2390000.0,1,3,290.0,3.0,3,4,917.0
1420000.0,1,3,215.0,3.0,3,4,500.0
2000000.0,1,3,430.0,3.0,3,4,0.0
1200000.0,1,3,213.0,3.0,2,4,630.0
2099000.0,1,3,420.0,3.0,3,4,0.0
1550000.0,1,3,232.0,3.0,3,4,0.0
970000.0,1,3,320.0,3.0,2,0,0.0
1200000.0,1,3,360.0,3.0,2,4,650.0
920000.0,1,3,150.0,3.0,1,2,750.0
1250000.0,1,3,270.0,3.0,1,4,670.0
1690000.0,1,3,300.0,3.0,3,4,480.0
1420000.0,1,3,202.0,3.0,3,2,450.0
1800000.0,1,3,350.0,3.0,1,3,0.0
1690000.0,1,3,300.0,3.0,2,6,0.0
990000.0,1,3,145.0,3.0,1,6,735.0
999000.0,1,1,96.0,3.0,1,2,0.0
1290000.0,1,3,180.0,3.0,1,2,0.0
1580000.0,1,3,318.0,3.0,3,4,0.0
1250000.0,1,3,200.0,3.0,1,2,0.0
1150000.0,1,3,220.0,3.0,3,2,0.0
670000.0,1,2,91.0,3.0,0,1,0.0
405000.0,1,2,120.0,3.0,0,2,0.0
1150000.0,1,2,233.0,3.0,2,3,0.0
535000.0,1,2,160.0,3.0,1,2,0.0
950000.0,1,2,160.0,3.0,1,4,0.0
1250000.0,1,2,297.0,3.0,3,3,0.0
849000.0,1,2,250.0,3.0,1,5,0.0
4000000.0,1,1,247.0,3.0,3,3,0.0
745000.0,1,3,270.0,3.0,3,2,430.0
880000.0,1,1,90.0,3.0,0,2,0.0
1300000.0,1,1,130.0,3.0,1,1,0.0
1300000.0,1,1,150.0,3.0,1,2,0.0
1170000.0,1,1,155.0,3.0,1,1,0.0
1170000.0,1,1,165.0,3.0,1,1,0.0
1600000.0,1,1,244.0,3.0,1,2,0.0
1100000.0,1,1,85.0,3.0,0,1,0.0
1200000.0,1,1,90.0,3.0,1,0,0.0
1250000.0,1,1,141.93,3.0,1,2,0.0
1600000.0,1,1,240.0,3.0,1,2,0.0
1300000.0,1,1,88.0,3.0,0,0,0.0
1099000.0,1,3,300.0,3.0,1,0,0.0
420000.0,1,3,106.0,3.0,1,0,100.0
1790000.0,1,3,295.0,3.0,1,4,820.0
1300000.0,1,3,227.0,3.0,2,0,706.0
1950000.0,1,3,295.0,3.0,1,4,0.0
1890000.0,1,3,336.0,3.0,3,2,450.0
810000.0,1,3,193.63,3.0,2,2,535.0
1200000.0,1,3,213.0,3.0,1,0,630.0
890000.0,1,3,156.87,3.0,1,2,0.0
1100000.0,1,3,195.0,3.0,1,3,0.0
1700000.0,1,3,460.0,3.0,3,0,0.0
1450000.0,1,3,265.0,3.0,3,2,0.0
890000.0,1,3,200.0,3.0,2,3,0.0
500000.0,1,3,106.0,3.0,1,0,100.0
890000.0,1,3,200.0,3.0,1,4,0.0
1580000.0,1,3,320.0,3.0,3,4,740.0
1150000.0,1,3,445.0,3.0,3,0,445.0
1100000.0,1,3,160.0,3.0,1,4,700.0
1080000.0,1,3,300.0,3.0,1,4,0.0
1200000.0,1,3,185.0,3.0,1,2,0.0
899000.0,1,3,280.0,3.0,3,2,0.0
550000.0,1,3,180.0,3.0,3,2,250.0
1150000.0,1,3,200.0,3.0,3,3,250.0
850000.0,1,3,164.0,3.0,3,4,200.0
1389900.0,1,3,230.0,3.0,3,4,740.0
439000.0,2,11,26.0,1.0,1,1,380.0
2900000.0,1,3,384.0,3.0,3,5,0.0
2700000.0,1,3,290.0,3.0,3,4,550.0
1268000.0,1,3,161.0,3.0,3,3,0.0
790000.0,1,3,170.0,3.0,1,0,0.0
2000000.0,1,3,300.0,3.0,1,0,700.0
1675000.0,1,3,200.0,3.0,1,2,0.0
2400000.0,1,3,328.0,3.0,3,4,0.0
1490000.0,1,3,194.0,3.0,1,2,0.0
1490000.0,1,3,194.0,3.0,1,2,0.0
1550000.0,1,3,250.0,3.0,2,2,0.0
2800000.0,1,3,545.37,3.0,3,4,0.0
580000.0,1,3,191.0,3.0,3,4,450.0
2500000.0,1,3,298.0,3.0,3,5,0.0
2700000.0,1,3,534.0,3.0,3,4,0.0
2500000.0,1,3,298.73,3.0,3,4,0.0
1999000.0,1,3,241.76,3.0,3,2,0.0
1490000.0,1,3,194.27,3.0,1,3,0.0
2150000.0,1,3,426.0,3.0,3,3,400.0
1500000.0,1,3,369.0,3.0,2,2,705.0
1260000.0,1,3,380.0,3.0,1,3,580.0
1500000.0,1,3,300.0,3.0,2,2,0.0
2290000.0,1,3,290.0,3.0,3,2,850.0
1850000.0,1,3,346.0,3.0,3,2,0.0
600000.0,1,3,212.0,3.0,3,2,0.0
2500000.0,1,3,380.0,3.0,3,4,0.0
2750000.0,1,3,548.0,3.0,1,4,0.0
650000.0,1,4,100.0,3.0,0,2,450.0
630000.0,1,4,88.0,3.0,1,2,450.0
630000.0,1,4,68.0,3.0,1,2,380.0
650000.0,1,4,110.0,3.0,1,2,0.0
630000.0,1,4,68.0,3.0,1,2,0.0
640000.0,1,4,68.0,3.0,1,2,0.0
600000.0,1,4,75.0,3.0,1,2,0.0
685000.0,1,4,68.0,3.0,1,2,0.0
690000.0,1,4,100.0,3.0,1,2,440.0
690000.0,1,4,68.0,3.0,1,2,0.0
640000.0,1,4,68.0,3.0,1,2,600.0
1897000.0,1,3,400.0,3.0,3,4,800.0
1195000.0,1,3,204.0,3.0,3,2,0.0
1250000.0,1,3,230.0,3.0,2,3,0.0
1900000.0,1,3,393.0,3.0,3,2,0.0
1730000.0,1,3,300.0,3.0,3,2,365.0
1749000.0,1,3,380.0,3.0,3,4,0.0
1590000.0,1,3,284.0,3.0,3,0,0.0
2100000.0,1,3,310.0,3.0,3,4,550.0
2100000.0,1,3,290.0,3.0,3,4,550.0
2290000.0,1,3,310.0,3.0,3,2,450.0
2190000.0,1,3,290.0,3.0,3,2,450.0
2100000.0,1,3,290.0,3.0,3,4,0.0
2100000.0,1,3,311.1,3.0,3,4,0.0
850000.0,1,3,146.0,3.0,1,2,0.0
1790000.0,1,3,270.0,3.0,1,1,601.0
950000.0,1,3,120.0,3.0,1,5,0.0
520000.0,1,3,170.0,3.0,2,2,0.0
950000.0,1,3,350.0,3.0,1,4,600.0
950000.0,1,3,360.0,3.0,1,0,0.0
2950000.0,1,3,358.0,3.0,3,0,0.0
2350000.0,1,3,400.0,3.0,3,2,0.0
1450000.0,1,3,385.0,3.0,3,9,851.0
1500000.0,1,3,385.0,3.0,3,4,851.0
780000.0,1,3,300.0,3.0,1,2,800.0
1500000.0,1,3,349.0,3.0,3,4,837.0
1450000.0,1,3,390.0,3.0,3,2,850.0
890000.0,1,3,135.0,3.0,1,0,750.0
1540000.0,1,3,435.0,3.0,3,4,640.0
870000.0,1,3,260.0,3.0,2,0,0.0
1549000.0,1,3,505.0,3.0,0,3,0.0
1890000.0,1,3,280.0,3.0,3,4,0.0
1450000.0,1,3,223.0,3.0,1,3,350.0
890000.0,1,3,120.0,3.0,1,2,690.0
1500000.0,1,3,315.0,3.0,3,0,650.0
2550000.0,1,3,400.0,3.0,3,2,550.0
1750000.0,1,3,214.0,3.0,3,3,0.0
1200000.0,1,3,300.0,3.0,3,4,600.0
1550000.0,1,3,300.0,3.0,3,0,0.0
1899000.0,1,3,370.0,3.0,3,2,625.0
990000.0,1,3,120.0,3.0,1,6,735.0
1550000.0,1,3,289.88,3.0,3,4,759.0
1168000.0,1,3,207.71,3.0,3,3,0.0
760400.0,1,3,156.25,3.0,1,0,601.0
817000.0,1,3,266.0,3.0,1,2,0.0
650000.0,1,3,200.0,3.0,1,2,0.0
850000.0,1,3,150.0,3.0,0,1,0.0
1290000.0,1,3,180.0,3.0,1,2,607.0
1650000.0,1,3,210.0,3.0,3,2,1000.0
1290000.0,1,3,167.47,3.0,1,4,0.0
1290000.0,1,3,165.0,3.0,1,2,670.0
1410000.0,1,3,234.0,3.0,3,2,0.0
1540000.0,1,3,180.0,3.0,1,2,670.0
1350000.0,1,3,210.0,3.0,3,2,615.0
1550000.0,1,3,233.0,3.0,3,4,500.0
849000.0,1,3,350.0,3.0,1,3,875.0
900000.0,1,3,280.0,3.0,1,3,0.0
570000.0,1,3,142.0,3.0,1,2,120.0
890000.0,1,3,200.0,3.0,1,2,0.0
850000.0,1,3,220.0,3.0,1,5,0.0
880000.0,1,3,200.0,3.0,1,2,0.0
795000.0,1,3,195.0,3.0,3,2,0.0
1950000.0,1,3,389.35,3.0,3,5,1153.0
1990000.0,1,3,472.0,3.0,3,6,0.0
800000.0,1,3,190.0,3.0,1,2,0.0
890000.0,1,3,220.0,3.0,1,0,0.0
570000.0,1,3,142.0,3.0,1,0,120.0
570000.0,1,3,155.0,3.0,1,0,120.0
1250000.0,1,1,120.0,3.0,1,1,0.0
1000000.0,1,1,118.0,3.0,2,1,0.0
2700000.0,1,1,276.0,3.0,1,2,0.0
325000.0,2,11,35.0,1.0,1,0,351.0
460000.0,2,9,38.0,2.0,0,1,527.0
700000.0,2,0,45.0,2.0,0,1,0.0
195000.0,2,13,25.0,1.0,0,0,70.0
420000.0,2,11,38.0,1.0,1,0,0.0
449000.0,2,11,46.13,1.0,0,0,530.0
430000.0,2,11,36.0,1.0,0,0,530.0
320000.0,2,11,30.0,1.0,0,0,450.0
310000.0,2,11,29.0,1.0,1,0,306.0
340000.0,2,11,36.14,1.0,1,0,340.0
329000.0,2,11,31.0,1.0,0,0,387.0
449000.0,2,11,25.0,1.0,1,0,316.0
449000.0,2,11,25.0,1.0,1,0,407.0
405000.0,2,11,25.0,1.0,0,1,405.0
340000.0,2,11,24.69,1.0,0,0,338.0
430000.0,2,11,33.0,1.0,1,1,360.0
485000.0,2,11,35.0,1.0,1,1,569.0
305000.0,2,11,26.0,1.0,1,0,387.0
329000.0,2,11,32.0,1.0,1,0,387.0
460000.0,1,1,30.0,1.0,1,1,0.0
394000.0,1,5,41.0,1.0,0,0,0.0
1130000.0,1,5,60.0,1.0,1,2,0.0
379000.0,1,5,30.0,1.0,0,1,350.0
624000.0,1,3,100.0,1.0,1,0,845.0
449000.0,1,3,60.0,1.0,0,4,458.0
1200000.0,1,3,100.0,1.0,0,4,858.0
1590000.0,1,3,200.0,1.0,1,2,0.0
425000.0,1,1,30.0,1.0,1,1,0.0
425000.0,1,1,30.0,1.0,1,1,0.0
775000.0,1,1,122.0,1.0,0,0,0.0
775000.0,1,1,122.0,1.0,0,0,0.0
315000.0,2,11,32.0,1.0,1,0,450.0
410000.0,2,11,29.0,1.0,0,0,451.0
1300000.0,1,1,200.0,3.0,1,2,0.0
370000.0,2,11,28.0,1.0,1,1,380.0
420000.0,2,11,24.52,1.0,0,1,371.0
410000.0,2,11,24.38,1.0,1,1,370.0
380000.0,2,11,27.0,1.0,0,1,0.0
489000.0,2,11,27.0,1.0,1,1,344.0
405000.0,2,11,23.99,1.0,1,1,369.0
440000.0,2,11,24.0,1.0,0,0,251.0
439000.0,2,11,26.0,1.0,1,1,380.0
385000.0,2,11,30.0,1.0,1,1,0.0
465000.0,2,11,24.0,1.0,0,1,0.0
395000.0,2,11,25.0,1.0,0,1,390.0
360000.0,2,11,35.0,1.0,0,0,0.0
320000.0,2,11,23.94,1.0,1,1,351.0
449000.0,2,11,25.0,1.0,1,0,0.0
425000.0,2,11,26.0,1.0,1,1,380.0
439000.0,2,11,26.0,1.0,1,1,380.0
375000.0,2,11,26.88,1.0,1,0,560.0
410000.0,2,11,24.0,1.0,0,1,370.0
320000.0,2,11,23.94,1.0,1,1,351.0
440000.0,2,11,24.0,1.0,1,1,365.0
473000.0,2,11,24.0,1.0,0,1,0.0
449000.0,2,11,27.0,1.0,1,0,380.0
439000.0,2,11,27.0,1.0,0,1,380.0
439000.0,2,11,26.0,1.0,0,1,380.0
489000.0,2,11,25.8,1.0,1,1,0.0
465000.0,2,11,24.0,1.0,1,1,0.0
459000.0,2,11,24.0,1.0,1,1,380.0
405000.0,2,11,25.0,1.0,1,1,370.0
390000.0,2,11,28.0,1.0,1,1,320.0
520000.0,2,11,30.0,1.0,0,1,0.0
400000.0,2,11,24.0,1.0,0,1,465.0
410000.0,2,11,28.0,1.0,1,1,569.0
375000.0,2,11,30.0,1.0,0,1,0.0
450000.0,2,11,28.0,1.0,0,0,0.0
370000.0,2,11,28.0,1.0,0,1,0.0
390000.0,2,11,30.0,1.0,0,1,0.0
430000.0,2,11,27.78,1.0,0,0,553.0
370000.0,2,11,28.0,1.0,0,1,0.0
490000.0,2,11,27.78,1.0,1,1,0.0
370000.0,2,11,27.0,1.0,1,0,672.0
439000.0,2,11,26.0,1.0,1,1,380.0
439000.0,2,11,26.0,1.0,1,1,380.0
449000.0,2,11,26.0,1.0,0,1,380.0
439000.0,2,11,26.0,1.0,0,1,380.0
449000.0,2,11,27.0,1.0,0,1,380.0
449000.0,2,11,26.0,1.0,0,1,380.0
449000.0,2,11,27.0,1.0,0,1,380.0
449000.0,2,11,26.0,1.0,0,1,380.0
439000.0,2,11,27.0,1.0,1,1,380.0
439000.0,2,11,24.0,1.0,1,1,380.0
449000.0,2,11,26.0,1.0,0,1,380.0
425000.0,2,11,26.0,1.0,0,1,380.0
449000.0,2,11,27.0,1.0,0,1,380.0
440000.0,1,5,160.0,1.0,0,0,0.0
2100000.0,1,6,800.0,1.0,0,0,0.0
2600000.0,1,5,500.0,2.0,2,2,0.0
840000.0,1,9,55.0,2.0,1,1,1300.0
1570000.0,1,9,195.0,2.0,2,0,495.0
2770000.0,1,6,450.0,2.0,1,2,2000.0
2700000.0,1,6,394.34,2.0,2,4,0.0
3500000.0,1,6,225.55,2.0,0,1,0.0
3500000.0,1,6,225.0,2.0,0,2,0.0
380000.0,1,5,93.01,2.0,1,2,0.0
1100000.0,1,5,400.0,2.0,2,4,180.0
299900.0,1,5,130.0,2.0,1,2,80.0
650000.0,1,5,90.0,2.0,2,12,0.0
950000.0,1,5,180.0,2.0,1,0,0.0
520000.0,1,4,52.77,2.0,0,2,387.0
490000.0,1,4,58.0,2.0,0,2,411.0
460000.0,1,4,58.0,2.0,0,2,394.0
480000.0,1,4,68.0,2.0,0,2,0.0
530000.0,1,4,68.0,2.0,1,2,0.0
519000.0,1,4,75.0,2.0,0,2,350.0
530000.0,1,4,68.0,2.0,0,2,481.0
530000.0,1,4,68.0,2.0,0,2,0.0
470000.0,1,4,75.0,2.0,0,2,0.0
560000.0,1,4,58.0,2.0,0,1,319.0
560000.0,1,4,68.0,2.0,0,2,0.0
1100000.0,1,10,120.0,2.0,0,3,750.0
2300000.0,1,6,200.0,1.0,1,10,0.0
1300000.0,1,0,198.0,3.0,1,1,0.0
1150000.0,1,1,215.55,3.0,0,1,0.0
1200000.0,1,1,172.4,3.0,0,3,0.0
2050000.0,1,1,180.0,3.0,3,2,0.0
1290000.0,1,1,252.0,3.0,1,2,0.0
950000.0,1,1,128.0,3.0,1,1,0.0
1290000.0,1,1,180.0,3.0,1,2,0.0
1500000.0,1,1,120.0,3.0,1,0,0.0
1150000.0,1,0,157.83,3.0,1,2,0.0
1890000.0,1,0,200.0,3.0,2,4,0.0
1380000.0,1,0,156.0,3.0,1,0,0.0
1520000.0,1,0,156.0,3.0,3,1,0.0
1280000.0,1,0,137.0,3.0,1,1,0.0
1929000.0,1,0,280.0,3.0,3,7,0.0
550000.0,1,0,170.0,3.0,1,8,0.0
1400000.0,1,13,250.0,2.0,0,0,0.0
1290000.0,1,12,129.0,2.0,1,0,0.0
650000.0,1,10,200.0,2.0,2,10,230.0
2500000.0,1,10,238.0,2.0,1,0,0.0
460000.0,1,4,74.0,2.0,0,2,390.0
460000.0,1,4,58.0,2.0,0,2,330.0
505000.0,1,4,75.0,2.0,0,2,360.0
830000.0,1,3,104.0,2.0,1,6,480.0
450000.0,1,3,145.3,2.0,0,0,425.0
580000.0,1,3,145.3,2.0,0,2,425.0
540000.0,1,3,160.0,2.0,1,2,871.0
820000.0,1,3,280.0,2.0,0,3,0.0
890000.0,1,3,190.0,2.0,1,2,625.0
1400000.0,1,3,128.0,2.0,1,0,609.0
1570000.0,1,3,195.0,2.0,2,8,0.0
690000.0,1,3,126.0,2.0,0,0,0.0
699000.0,1,3,60.0,2.0,0,0,550.0
960000.0,1,3,120.0,2.0,1,0,0.0
850000.0,1,3,100.0,2.0,2,6,600.0
410000.0,1,3,60.0,2.0,0,0,0.0
675000.0,1,4,66.0,2.0,1,1,590.0
1100000.0,1,1,60.7,2.0,0,0,1191.0
2600000.0,1,1,319.0,2.0,2,10,0.0
1495000.0,1,0,72.38,2.0,1,2,1767.0
800000.0,1,0,130.0,2.0,0,0,0.0
360000.0,1,12,80.0,1.0,1,1,200.0
395000.0,1,12,150.0,1.0,1,1,200.0
1850000.0,1,10,144.0,1.0,0,4,500.0
520000.0,1,3,125.0,2.0,1,1,260.0
795000.0,1,3,200.0,2.0,2,4,0.0
505000.0,1,4,68.0,2.0,0,2,0.0
500000.0,1,4,107.0,2.0,0,2,309.0
460000.0,1,4,75.0,2.0,0,2,0.0
460000.0,1,4,68.0,2.0,0,2,0.0
515000.0,1,4,68.0,2.0,0,2,300.0
495000.0,1,4,68.0,2.0,0,2,0.0
579000.0,1,4,68.0,2.0,0,2,0.0
495000.0,1,4,69.0,2.0,0,2,406.0
600000.0,1,4,54.0,2.0,0,2,400.0
1295000.0,1,3,207.0,2.0,1,2,829.0
1000000.0,1,3,75.0,2.0,0,0,750.0
990000.0,1,3,280.0,2.0,0,3,0.0
1250000.0,1,3,121.0,2.0,1,6,0.0
1290000.0,1,3,150.0,2.0,1,6,0.0
1290000.0,1,3,150.0,2.0,1,6,0.0
1790000.0,1,3,147.22,2.0,1,4,0.0
1950000.0,1,3,120.0,2.0,1,5,640.0
800000.0,1,3,160.0,2.0,2,0,0.0
780000.0,1,3,200.0,2.0,1,2,700.0
950000.0,1,3,140.0,2.0,1,0,0.0
950000.0,1,3,182.11,2.0,1,0,601.0
2260000.0,0,11,148.15,4.0,2,2,1700.0
245000.0,2,5,26.5,1.0,0,0,290.0
3400000.0,0,11,309.84,4.0,4,4,3598.0
2650000.0,0,1,264.0,4.0,1,0,1760.0
2280000.0,0,1,160.0,4.0,1,1,1105.0
2490000.0,0,1,182.0,4.0,1,1,1606.0
2280000.0,0,1,160.0,4.0,1,1,0.0
2800000.0,0,1,211.0,4.0,1,1,1607.0
2490000.0,0,1,182.0,4.0,1,1,1600.0
2590000.0,0,1,175.0,4.0,1,1,1606.0
3400000.0,0,1,264.0,4.0,1,0,0.0
2450000.0,0,1,198.0,4.0,1,0,1830.0
2740000.0,0,1,264.0,4.0,1,0,2050.0
2650000.0,0,1,264.0,4.0,1,0,1700.0
2268000.0,0,1,240.45,4.0,0,0,0.0
2470000.0,0,1,264.0,4.0,1,0,2050.0
2650000.0,0,1,264.0,4.0,1,0,0.0
2700000.0,0,1,264.0,4.0,1,0,1810.0
2290000.0,0,1,168.0,4.0,1,1,0.0
2290000.0,0,1,168.0,4.0,1,0,0.0
1940000.0,0,1,155.6,4.0,1,1,1850.0
1790000.0,0,1,156.0,4.0,0,0,1770.0
1780000.0,0,1,156.0,4.0,1,0,0.0
2300000.0,0,1,156.0,4.0,1,1,1340.0
2050000.0,0,1,157.0,4.0,1,2,0.0
2790000.0,0,1,235.98,4.0,1,2,0.0
2400000.0,0,1,170.0,4.0,2,1,0.0
4500000.0,0,1,360.0,10.0,10,0,0.0
4100000.0,0,1,254.0,4.0,1,1,2100.0
2395000.0,0,1,130.0,4.0,3,1,1822.0
2600000.0,0,1,220.0,4.0,1,2,0.0
1920000.0,0,1,118.0,4.0,1,1,1150.0
1920000.0,0,1,118.0,4.0,1,1,1511.0
4100000.0,0,1,254.0,4.0,1,1,3350.0
4100000.0,0,1,254.0,4.0,1,0,0.0
4100000.0,0,1,254.0,4.0,1,1,3350.0
4100000.0,0,1,254.0,4.0,1,1,3350.0
1399000.0,0,1,115.0,4.0,2,0,0.0
2190000.0,0,1,160.0,4.0,2,1,1150.0
2350000.0,0,1,200.0,4.0,2,1,1700.0
2750000.0,0,1,195.0,4.0,2,1,1814.0
3050000.0,0,1,232.0,4.0,1,2,0.0
3050000.0,0,1,232.0,4.0,1,2,0.0
4500000.0,0,1,288.0,4.0,4,1,3606.0
3450000.0,0,1,246.0,4.0,1,1,2500.0
3850000.0,0,1,300.0,4.0,1,1,0.0
1920000.0,0,1,167.0,4.0,1,2,1860.0
4400000.0,0,1,197.0,4.0,4,4,2000.0
3450000.0,0,1,210.0,4.0,1,2,2150.0
2750000.0,0,0,169.0,4.0,3,2,2290.0
1489000.0,0,0,102.39,4.0,1,1,1355.0
2400000.0,0,0,137.0,4.0,1,2,0.0
2400000.0,0,0,137.0,4.0,1,2,0.0
2300000.0,0,0,137.0,4.0,1,2,2450.0
2300000.0,0,0,137.21,4.0,1,2,2450.0
2380000.0,0,0,186.0,4.0,1,2,1220.0
2340000.0,0,0,188.0,4.0,1,1,1700.0
2750000.0,0,0,169.0,4.0,3,2,2290.0
2790000.0,0,0,169.0,4.0,3,3,0.0
3000000.0,0,0,258.0,4.0,2,2,3400.0
2560000.0,0,0,296.17,4.0,2,2,2488.0
3730000.0,0,0,194.0,4.0,3,4,2178.0
3675000.0,0,0,194.0,4.0,2,3,1700.0
1380000.0,0,0,129.0,4.0,1,1,1533.0
2889000.0,0,0,245.0,4.0,1,2,1912.0
1380000.0,0,0,130.0,4.0,1,1,1532.0
3043000.0,0,0,162.0,4.0,4,3,0.0
1880000.0,0,0,148.0,4.0,1,1,1715.0
3600000.0,0,0,194.0,4.0,4,3,0.0
3675000.0,0,0,194.0,4.0,4,3,1700.0
1380000.0,0,0,129.0,4.0,1,1,1533.0
3190000.0,0,0,290.0,4.0,2,2,2457.0
2950000.0,0,0,200.0,4.0,4,2,2950.0
2980000.0,0,0,196.0,4.0,2,1,1920.0
2300000.0,0,1,157.0,4.0,4,0,1200.0
1850000.0,0,0,139.0,4.0,1,1,1570.0
920000.0,0,0,79.0,4.0,1,0,0.0
999000.0,0,0,91.0,4.0,1,0,672.0
920000.0,0,0,78.0,4.0,1,0,0.0
1190000.0,0,0,97.0,4.0,1,0,550.0
3000000.0,0,0,342.0,4.0,1,2,980.0
1900000.0,0,0,152.0,4.0,1,0,0.0
2900000.0,0,0,340.0,4.0,2,2,900.0
2790000.0,0,0,189.0,4.0,3,1,1842.0
2780000.0,0,0,189.0,4.0,3,1,1842.0
1850000.0,0,0,139.0,4.0,1,1,1500.0
1850000.0,0,0,138.0,4.0,1,1,2030.0
2400000.0,0,0,160.0,4.0,2,2,1500.0
1780000.0,0,0,147.0,4.0,1,1,1295.0
2430000.0,0,0,235.0,4.0,2,2,2200.0
3299000.0,0,0,206.2,4.0,2,2,0.0
3300000.0,0,0,206.0,4.0,2,2,2332.0
2250000.0,0,0,155.0,4.0,1,2,1600.0
2260000.0,0,0,155.0,4.0,1,2,2462.0
2280000.0,0,0,158.0,4.0,2,2,2300.0
3300000.0,0,0,206.0,4.0,2,2,2400.0
3300000.0,0,0,206.0,4.0,2,2,2332.0
1950000.0,0,0,156.0,4.0,1,1,0.0
2950000.0,0,0,275.73,4.0,2,2,2328.0
2400000.0,0,1,200.0,4.0,1,1,1170.0
4800000.0,0,7,291.0,4.0,4,4,0.0
4800000.0,0,7,258.88,4.0,4,0,0.0
4730000.0,0,7,238.69,4.0,4,4,0.0
4800000.0,0,7,239.0,4.0,4,4,2654.0
3700000.0,0,7,193.0,4.0,4,3,0.0
4890000.0,0,7,291.0,5.0,4,4,3300.0
4900000.0,0,7,291.0,4.0,4,4,0.0
4900000.0,0,7,292.0,4.0,4,4,0.0
3990000.0,0,7,208.0,4.0,4,4,0.0
5000000.0,0,7,262.0,4.0,4,4,0.0
3100000.0,0,7,174.0,4.0,4,3,2906.0
3100000.0,0,7,174.0,4.0,4,3,2315.0
4110000.0,0,7,193.94,4.0,4,3,3966.0
3600000.0,0,7,193.88,4.0,4,3,0.0
4500000.0,0,7,291.0,5.0,4,4,0.0
4490000.0,0,7,292.0,4.0,3,4,0.0
4950000.0,0,7,298.0,4.0,4,4,0.0
4500000.0,0,7,292.41,4.0,4,4,3476.0
4750000.0,0,7,300.0,4.0,4,4,0.0
4900000.0,0,7,291.08,4.0,4,4,0.0
3820000.0,0,7,194.13,4.0,4,3,0.0
4900000.0,0,7,291.0,4.0,4,4,0.0
4800000.0,0,7,291.0,4.0,4,4,0.0
4695000.0,0,7,292.21,4.0,4,4,0.0
4930000.0,0,7,238.69,4.0,4,4,0.0
3480000.0,0,7,194.0,4.0,4,3,2700.0
4900000.0,0,7,239.67,4.0,4,4,0.0
4190000.0,0,7,193.0,4.0,4,3,0.0
3600000.0,0,7,193.88,4.0,4,3,0.0
2900000.0,0,7,170.0,4.0,3,4,1345.0
2480000.0,0,7,147.0,4.0,4,2,0.0
2990000.0,0,1,190.0,4.0,1,1,1257.0
3900000.0,0,1,234.0,4.0,2,2,2460.0
2980000.0,0,3,152.0,4.0,4,0,0.0
3350000.0,0,3,160.0,4.0,4,4,0.0
550000.0,0,2,150.0,4.0,1,0,0.0
1690000.0,0,1,134.65,4.0,1,0,860.0
4500000.0,0,1,240.0,5.0,1,2,0.0
4800000.0,0,1,247.0,4.0,1,1,0.0
2950000.0,0,1,218.0,5.0,1,2,2500.0
2750000.0,0,1,218.0,5.0,1,2,2200.0
3850000.0,0,1,234.0,4.0,1,2,3048.0
2350000.0,0,1,156.0,4.0,2,1,0.0
3300000.0,0,3,600.0,7.0,4,0,1142.0
3600000.0,0,1,209.0,4.0,1,2,2280.0
4100000.0,0,1,281.48,5.0,1,2,2800.0
2350000.0,0,1,167.0,4.0,0,1,1550.0
4150000.0,0,1,219.0,4.0,4,2,2700.0
4350000.0,0,1,228.0,4.0,3,2,1850.0
3300000.0,0,1,211.0,4.0,2,2,1860.0
3500000.0,0,1,245.0,4.0,1,2,3500.0
2000000.0,0,1,157.0,4.0,2,1,1400.0
3530000.0,0,1,245.87,4.0,1,2,3000.0
1950000.0,0,1,155.0,4.0,1,1,2160.0
1680000.0,0,3,328.0,4.0,3,0,671.0
2480000.0,0,7,147.0,4.0,4,2,2400.0
2900000.0,0,3,148.0,4.0,4,3,0.0
2480000.0,0,7,147.0,4.0,4,2,0.0
3150000.0,0,7,168.0,4.0,4,3,0.0
3480000.0,0,7,196.0,4.0,4,4,2316.0
1157000.0,0,5,250.0,4.0,3,2,250.0
3980000.0,0,5,633.0,4.0,4,4,0.0
4200000.0,0,5,240.0,4.0,4,3,0.0
2500000.0,0,5,540.0,6.0,2,12,0.0
4321420.0,0,5,240.0,4.0,1,4,0.0
2897000.0,0,5,142.0,4.0,2,3,0.0
4680000.0,0,3,219.0,4.0,4,4,0.0
1395000.0,0,3,506.0,5.0,5,2,0.0
3622707.0,0,3,175.0,4.0,4,3,0.0
1400000.0,0,3,277.15,4.0,3,3,0.0
4300000.0,0,3,222.27,4.0,4,4,0.0
3500000.0,0,3,174.0,4.0,4,2,0.0
3120000.0,0,3,153.87,4.0,4,3,0.0
2350000.0,0,3,360.0,6.0,5,2,1100.0
3677962.26,0,3,175.0,4.0,4,3,0.0
4350000.0,0,3,222.0,4.0,4,4,0.0
3250000.0,0,3,550.0,4.0,4,4,0.0
4050000.0,0,0,268.0,4.0,4,0,3300.0
2690000.0,0,11,218.0,3.0,1,2,2100.0
1390000.0,0,11,100.0,3.0,1,1,1290.0
1580000.0,0,11,106.95,3.0,1,1,2070.0
1745000.0,0,11,114.0,3.0,1,1,950.0
1485000.0,0,11,96.68,3.0,1,1,0.0
1590000.0,0,11,96.0,3.0,1,1,0.0
1520000.0,0,11,100.0,3.0,1,1,0.0
1400000.0,0,11,106.95,3.0,1,1,1155.0
1550000.0,0,11,97.0,3.0,1,1,1320.0
1580000.0,0,11,106.0,3.0,1,1,1090.0
3990000.0,0,11,269.0,3.0,3,2,2700.0
1470000.0,0,11,98.0,3.0,1,1,1300.0
1540000.0,0,11,102.0,3.0,1,1,1578.0
1390000.0,0,11,94.0,3.0,1,0,2380.0
1495000.0,0,11,94.0,3.0,1,1,1078.0
1600000.0,0,11,108.9,3.0,1,2,1500.0
1480000.0,0,11,114.0,3.0,1,1,1250.0
1670000.0,0,11,100.0,3.0,1,1,1080.0
1680000.0,0,11,99.0,3.0,1,1,981.0
1650000.0,0,11,98.0,3.0,1,1,0.0
2750000.0,0,11,208.0,3.0,1,1,1653.0
1750000.0,0,11,99.0,3.0,1,2,1026.0
1649000.0,0,11,108.9,3.0,1,2,0.0
3500000.0,0,11,208.0,3.0,3,3,1653.0
2600000.0,0,11,134.0,3.0,3,2,0.0
2300000.0,0,11,110.0,3.0,2,2,0.0
2380000.0,0,11,126.03,3.0,3,2,0.0
2450000.0,0,11,126.0,3.0,3,2,0.0
2350000.0,0,11,126.0,3.0,3,2,0.0
2700000.0,0,11,122.0,3.0,3,2,1220.0
2327000.0,0,11,124.0,3.0,3,2,1700.0
2399000.0,0,11,125.0,3.0,3,2,1800.0
2375000.0,0,11,109.48,3.0,3,2,0.0
2890000.0,0,11,128.0,3.0,3,2,0.0
2890000.0,0,11,126.0,3.0,0,2,0.0
2700000.0,0,11,126.0,3.0,3,2,0.0
497000.0,0,11,124.0,3.0,3,2,0.0
2500000.0,0,11,126.0,3.0,3,2,0.0
2800000.0,0,11,139.0,3.0,2,3,0.0
2398000.0,0,11,126.0,3.0,3,2,0.0
2750000.0,0,11,139.0,3.0,2,3,1300.0
1380000.0,0,11,99.0,3.0,1,1,1304.0
2500000.0,0,11,148.0,3.0,2,2,1200.0
3900000.0,0,0,269.0,4.0,4,4,3300.0
3350000.0,0,11,181.0,3.0,2,3,2800.0
1350000.0,0,11,90.0,3.0,1,1,0.0
1490000.0,0,11,93.66,3.0,1,1,1100.0
3200000.0,0,11,181.5,3.0,3,3,2348.0
1850000.0,0,11,95.0,3.0,1,1,1923.0
1850000.0,0,11,95.3,3.0,1,1,1923.0
4690000.0,0,11,300.0,3.0,3,3,0.0
2199000.0,0,11,117.0,3.0,1,1,0.0
2560000.0,0,11,153.0,3.0,2,2,1665.0
2590000.0,0,11,146.0,3.0,2,2,0.0
4500000.0,0,11,251.81,3.0,3,3,2868.0
4500000.0,0,11,257.0,3.0,3,3,0.0
1548000.0,0,11,96.43,3.0,1,1,945.0
1600000.0,0,11,97.0,3.0,1,0,920.0
1620000.0,0,11,99.0,3.0,1,1,1482.0
1639000.0,0,11,99.0,3.0,1,1,0.0
1540000.0,0,11,95.0,3.0,1,1,1200.0
1400000.0,0,11,94.0,3.0,1,1,0.0
1880000.0,0,11,117.0,3.0,1,2,854.0
1280000.0,0,11,85.6,3.0,1,1,1025.0
1549999.0,0,11,95.0,3.0,1,1,1151.0
1450000.0,0,11,86.0,3.0,1,1,90.0
1560000.0,0,11,107.0,3.0,1,1,0.0
1390000.0,0,11,101.15,3.0,1,1,1347.0
2950000.0,0,11,162.0,3.0,3,4,1913.0
1400000.0,0,11,90.0,3.0,1,0,1100.0
2500000.0,0,11,148.0,3.0,2,2,1200.0
1349000.0,0,11,96.0,3.0,1,1,800.0
1470000.0,0,11,98.0,3.0,1,1,0.0
1150000.0,0,11,85.32,3.0,1,1,1023.0
1270000.0,0,11,90.0,3.0,0,1,1053.0
1150000.0,0,11,87.5,3.0,1,1,1400.0
1590000.0,0,11,86.86,3.0,1,1,901.0
1300000.0,0,11,77.0,3.0,1,1,0.0
1195000.0,0,11,90.0,3.0,0,1,1000.0
1750000.0,0,11,125.0,3.0,1,1,0.0
1390000.0,0,11,92.0,3.0,1,1,1018.0
1319000.0,0,11,90.0,3.0,1,1,781.0
1450000.0,0,11,96.0,3.0,1,1,800.0
1400000.0,0,11,96.0,3.0,1,1,800.0
1150000.0,0,11,88.0,3.0,1,1,1150.0
1319000.0,0,11,90.0,3.0,1,1,782.0
1790000.0,0,11,145.0,3.0,1,1,1865.0
1750000.0,0,11,125.0,3.0,1,1,0.0
1590000.0,0,11,97.0,3.0,0,1,1038.0
1890000.0,0,11,145.0,3.0,1,1,0.0
1399000.0,0,11,96.0,3.0,1,1,0.0
1400000.0,0,11,96.0,3.0,1,1,800.0
1960000.0,0,11,143.0,3.0,0,1,1600.0
1520000.0,0,11,116.0,3.0,1,1,0.0
1600000.0,0,11,126.0,3.0,1,1,0.0
1250000.0,0,11,88.0,3.0,1,1,1350.0
4400000.0,0,11,275.0,3.0,3,4,2000.0
3900000.0,0,0,245.0,4.0,4,4,3524.0
3100000.0,0,0,163.12,4.0,4,3,0.0
3162000.0,0,0,162.0,4.0,4,3,0.0
3440000.0,0,0,223.0,4.0,2,2,2600.0
3450000.0,0,0,224.0,4.0,2,2,2350.0
3450000.0,0,0,223.0,4.0,2,3,2350.0
3450000.0,0,0,223.0,4.0,2,2,2350.0
3500000.0,0,0,245.0,4.0,4,2,3485.0
3900000.0,0,0,245.0,4.0,4,4,0.0
3150000.0,0,0,237.84,4.0,4,2,3380.0
3140000.0,0,0,238.0,4.0,2,2,2800.0
3440000.0,0,0,223.0,4.0,2,4,2400.0
1770000.0,0,0,118.0,4.0,1,2,1593.0
3900000.0,0,0,245.0,4.0,4,4,3707.0
3900000.0,0,0,245.0,4.0,3,4,0.0
3900000.0,0,0,250.0,4.0,4,4,3340.0
3900000.0,0,0,245.0,4.0,3,4,0.0
3160000.0,0,0,238.0,4.0,2,2,2800.0
3450000.0,0,0,223.0,4.0,4,2,0.0
3500000.0,0,0,245.0,4.0,4,4,3700.0
3900000.0,0,0,245.0,4.0,4,4,2937.0
3900000.0,0,0,248.0,4.0,4,4,3698.0
2449990.0,0,0,170.0,4.0,2,2,1750.0
3380000.0,0,0,167.76,4.0,2,3,2250.0
3700000.0,0,0,376.07,4.0,4,4,0.0
2750000.0,0,11,139.0,3.0,2,3,1300.0
2220000.0,0,0,166.66,4.0,2,2,0.0
3900000.0,0,0,221.0,4.0,4,2,1900.0
3099000.0,0,0,279.0,4.0,2,1,1495.0
3099000.0,0,0,300.0,4.0,0,0,0.0
3500000.0,0,0,208.52,5.0,2,1,1296.0
3099000.0,0,0,280.0,5.0,3,1,1425.0
3099000.0,0,0,280.0,5.0,3,1,1425.0
2280000.0,0,0,240.0,4.0,2,2,0.0
3199000.0,0,0,180.0,5.0,1,1,1296.0
2460000.0,0,0,210.0,4.0,2,1,1700.0
2900000.0,0,0,202.0,4.0,2,2,2100.0
2300000.0,0,0,128.0,4.0,2,2,1300.0
2099000.0,0,0,167.0,4.0,1,1,1750.0
3000000.0,0,0,209.35,4.0,1,2,0.0
2990000.0,0,0,209.0,4.0,1,2,2500.0
3000000.0,0,0,220.0,4.0,1,2,3000.0
2990000.0,0,0,290.0,4.0,1,2,2598.0
1690000.0,0,0,120.0,4.0,2,1,1200.0
1850000.0,0,0,170.69,4.0,1,1,1748.0
1942000.0,0,0,170.69,4.0,1,1,2145.0
2400000.0,0,0,173.0,4.0,3,2,1400.0
1950000.0,0,0,140.67,4.0,2,2,1800.0
1950000.0,0,0,140.67,4.0,2,2,1900.0
2260000.0,0,0,192.05,4.0,2,2,2368.0
2560000.0,0,0,170.0,4.0,2,2,0.0
2450000.0,0,0,168.0,4.0,2,2,1900.0
2650000.0,0,0,168.0,4.0,2,2,1898.0
2750000.0,0,11,139.0,3.0,3,3,1300.0
1290000.0,0,11,88.0,3.0,1,1,968.0
1590000.0,0,11,90.0,3.0,1,1,1160.0
1270000.0,0,11,84.0,3.0,1,1,0.0
2350000.0,0,11,109.0,3.0,3,2,1600.0
3100000.0,0,11,139.76,3.0,3,3,1700.0
2659700.0,0,11,132.61,3.0,3,2,0.0
2671876.0,0,11,133.0,3.0,3,2,0.0
2800000.0,0,11,140.0,3.0,2,0,0.0
2750000.0,0,11,139.3,3.0,2,3,1300.0
2750000.0,0,11,139.0,3.0,2,3,0.0
4400000.0,0,11,275.0,3.0,3,4,0.0
3090000.0,0,11,139.0,3.0,3,2,1300.0
2749000.0,0,11,139.0,3.0,2,3,1291.0
2750000.0,0,11,140.0,3.0,2,3,1378.0
4400000.0,0,11,275.0,3.0,3,4,2000.0
2750000.0,0,11,139.0,3.0,3,2,1431.0
2750000.0,0,11,140.0,3.0,2,3,1300.0
2780000.0,0,11,139.0,3.0,3,3,1300.0
3400000.0,0,11,310.0,4.0,4,4,3269.0
1590000.0,0,11,90.0,3.0,1,1,1160.0
1399000.0,0,11,84.0,3.0,1,1,0.0
1300000.0,0,11,88.58,3.0,1,1,1163.0
3100000.0,0,0,246.82,4.0,3,2,2193.0
3100000.0,0,0,246.82,4.0,3,2,2193.0
4500000.0,0,0,400.0,5.0,2,2,2400.0
2750000.0,0,0,246.0,4.0,4,2,1950.0
2700000.0,0,0,247.0,4.0,3,2,0.0
2350000.0,0,0,181.11,4.0,1,1,1594.0
1910000.0,0,0,181.0,4.0,2,1,2077.0
3100000.0,0,0,181.0,4.0,2,1,1500.0
1040000.0,0,0,86.0,4.0,0,1,960.0
1600000.0,0,0,127.0,4.0,1,2,1250.0
1500000.0,0,0,127.0,4.0,1,2,1800.0
1500000.0,0,0,127.0,4.0,1,2,0.0
1499000.0,0,0,130.0,4.0,1,2,2260.0
1500000.0,0,0,140.0,4.0,1,2,2265.0
1500000.0,0,0,127.0,4.0,1,2,2080.0
1270000.0,0,11,84.69,3.0,1,1,999.0
1290000.0,0,11,85.0,3.0,1,1,1200.0
1290000.0,0,11,88.0,3.0,1,1,968.0
4900000.0,0,7,291.0,4.0,4,4,3490.0
2350000.0,0,9,154.0,4.0,4,3,0.0
2600000.0,0,9,157.0,4.0,4,4,0.0
2350000.0,0,9,154.0,4.0,4,3,0.0
3350000.0,0,9,170.0,4.0,4,0,0.0
4590000.0,0,9,384.0,4.0,4,4,3126.0
2490000.0,0,9,154.12,4.0,4,3,2100.0
2199000.0,0,9,129.38,4.0,4,2,1900.0
4590000.0,0,9,384.36,4.0,4,3,3126.0
3100000.0,0,9,202.67,4.0,4,4,0.0
3487094.0,0,9,267.0,4.0,2,3,0.0
2533892.0,0,9,147.0,4.0,2,3,0.0
2120000.0,0,9,130.0,4.0,2,2,0.0
2290000.0,0,9,154.0,4.0,4,3,1600.0
3590000.0,0,9,205.0,4.0,4,4,0.0
2533892.0,0,9,147.0,4.0,2,3,0.0
3950000.0,0,9,202.0,4.0,3,4,2322.0
3950000.0,0,9,205.0,4.0,4,4,2500.0
2350000.0,0,9,157.01,4.0,4,3,0.0
3250000.0,0,9,170.0,4.0,4,4,2000.0
3900000.0,0,9,203.0,4.0,4,4,0.0
3950000.0,0,9,202.0,4.0,4,4,855.0
4100000.0,0,9,205.0,4.0,4,4,0.0
4100000.0,0,9,205.0,4.0,4,4,0.0
4750000.0,0,9,226.0,4.0,4,4,0.0
3123000.0,0,9,205.0,4.0,4,4,1998.0
3123262.79,0,9,202.0,4.0,4,4,0.0
3123262.79,0,9,202.67,4.0,4,4,0.0
3248000.0,0,9,205.25,4.0,4,4,0.0
3900000.0,0,9,203.0,4.0,4,4,2284.0
3950000.0,0,9,202.0,4.0,4,4,0.0
4400000.0,0,9,205.0,4.0,4,6,0.0
3750000.0,0,9,205.0,4.0,4,4,0.0
2199000.0,0,9,129.0,4.0,4,2,0.0
3750000.0,0,9,202.0,4.0,4,4,0.0
2990000.0,0,9,210.0,4.0,4,4,0.0
3090000.0,0,9,202.0,4.0,4,4,2600.0
2400000.0,0,9,129.0,4.0,2,2,0.0
4200000.0,0,9,202.85,4.0,4,4,2400.0
2265814.21,0,9,129.38,4.0,2,2,0.0
2350000.0,0,9,129.38,4.0,3,2,0.0
2265814.0,0,9,129.38,4.0,2,2,0.0
1790000.0,0,9,120.8,4.0,2,2,0.0
4100000.0,0,9,252.0,4.0,4,4,0.0
3200000.0,0,7,162.16,4.0,4,3,0.0
2390000.0,0,7,158.0,4.0,3,3,1700.0
2390000.0,0,7,158.0,4.0,3,3,0.0
3074000.0,0,7,162.16,4.0,4,3,0.0
2390000.0,0,7,158.0,4.0,3,3,1700.0
3850000.0,0,7,298.0,4.0,4,3,2500.0
2498000.0,0,7,220.0,4.0,2,3,2400.0
1810000.0,0,7,114.1,4.0,1,2,1280.0
3200000.0,0,7,252.0,4.0,2,3,2518.0
2390000.0,0,7,158.0,4.0,3,3,0.0
2400000.0,0,8,164.0,4.0,1,1,1650.0
2159000.0,0,9,129.0,4.0,3,2,1600.0
3990000.0,0,9,252.0,4.0,3,3,0.0
2546065.65,0,9,147.2,4.0,4,3,0.0
2119000.0,0,9,129.0,4.0,2,2,0.0
1660000.0,0,8,125.0,4.0,1,1,0.0
1799900.0,0,8,125.0,4.0,1,1,1327.0
1750000.0,0,8,125.0,4.0,1,1,1582.0
2090000.0,0,8,164.0,4.0,1,1,1161.0
2200000.0,0,8,164.0,4.0,1,1,1500.0
2200000.0,0,8,134.0,4.0,1,1,1800.0
2390000.0,0,7,158.0,4.0,3,3,1717.0
2399000.0,0,8,164.0,4.0,1,1,1500.0
3070000.0,0,7,154.0,4.0,4,3,0.0
3148000.0,0,7,153.94,4.0,4,3,3800.0
3144000.0,0,7,153.77,4.0,4,3,3800.0
2850000.0,0,7,154.0,4.0,4,3,0.0
3124714.85,0,7,162.0,4.0,4,2,0.0
2750000.0,0,7,177.0,4.0,3,3,1824.0
2490000.0,0,7,152.77,4.0,2,3,1720.0
2680000.0,0,7,179.0,4.0,3,3,1860.0
3200000.0,0,7,252.0,4.0,2,3,0.0
3200000.0,0,7,252.0,4.0,2,3,2518.0
1980000.0,0,9,120.0,4.0,3,2,0.0
4180000.0,0,9,313.0,4.0,4,5,0.0
2330000.0,0,7,155.0,4.0,4,4,1500.0
2740000.0,0,11,216.0,4.0,4,2,3500.0
4799000.0,0,11,257.0,4.0,0,3,3389.0
2600000.0,0,11,146.25,4.0,2,3,2600.0
3800000.0,0,11,288.0,4.0,2,3,4000.0
2450000.0,0,11,147.0,4.0,2,2,0.0
2890000.0,0,11,216.0,4.0,4,2,3500.0
3200000.0,0,11,216.0,4.0,4,2,3500.0
2350000.0,0,11,146.8,4.0,2,2,0.0
2090000.0,0,11,145.0,4.0,3,2,2232.0
2160000.0,0,11,145.0,4.0,3,2,0.0
2160000.0,0,11,145.0,4.0,3,2,2073.0
2090000.0,0,11,144.0,4.0,3,1,2232.0
2090000.0,0,11,145.0,4.0,3,2,2232.0
2090000.0,0,11,148.0,4.0,3,2,2080.0
1775000.0,0,11,125.0,4.0,1,2,1554.0
2090000.0,0,11,145.0,4.0,3,2,2200.0
2160000.0,0,11,145.0,4.0,3,2,0.0
1700000.0,0,11,159.0,4.0,2,1,2088.0
4800000.0,0,11,257.0,4.0,4,2,3898.0
2350000.0,0,11,183.26,4.0,2,2,0.0
3199000.0,0,11,182.0,4.0,3,3,2348.0
2290000.0,0,11,147.0,4.0,3,2,2122.0
1495000.0,0,11,110.0,4.0,1,2,1428.0
3200000.0,0,11,162.0,4.0,3,4,1600.0
4500000.0,0,11,251.81,4.0,3,3,2868.0
4500000.0,0,11,251.81,4.0,3,3,2868.0
2949000.0,0,11,180.34,4.0,4,2,2762.0
2890000.0,0,11,188.0,4.0,4,3,2966.0
4800000.0,0,11,257.0,4.0,4,3,3694.0
2350000.0,0,11,146.8,4.0,2,2,0.0
3290000.0,0,11,181.5,4.0,3,3,2348.0
3190000.0,0,11,182.0,4.0,3,2,0.0
2650000.0,0,11,149.0,4.0,3,2,0.0
2650000.0,0,11,150.0,4.0,3,2,0.0
2580000.0,0,11,149.0,4.0,3,2,1800.0
2290000.0,0,11,149.0,4.0,3,2,2000.0
2950000.0,0,11,311.0,5.0,2,3,0.0
4800000.0,0,11,257.0,4.0,4,3,3694.0
2950000.0,0,11,180.0,4.0,4,2,2762.0
2350000.0,0,11,146.8,4.0,2,2,0.0
2380000.0,0,11,182.0,4.0,1,2,0.0
2380000.0,0,11,182.0,4.0,1,2,0.0
3590000.0,0,9,234.0,4.0,4,2,0.0
1749000.0,0,9,104.0,4.0,1,0,0.0
2800000.0,0,11,285.0,4.0,4,2,0.0
2790000.0,0,11,246.0,4.0,3,3,2698.0
2460000.0,0,11,300.0,5.0,3,0,0.0
2650000.0,0,11,285.0,5.0,4,4,750.0
2750000.0,0,11,208.0,4.0,1,3,2402.0
590000.0,0,10,175.0,4.0,2,1,300.0
2800000.0,0,9,145.8,4.0,1,3,2056.0
1799000.0,0,9,104.0,4.0,1,2,0.0
1799000.0,0,9,104.3,4.0,1,2,1278.0
3200000.0,0,9,167.0,4.0,2,3,2002.0
1799000.0,0,9,105.0,4.0,1,2,1278.0
1749000.0,0,9,104.3,4.0,1,2,1278.0
2390000.0,0,11,161.0,4.0,3,2,2770.0
4500000.0,0,9,211.0,4.0,4,4,0.0
3250000.0,0,9,167.4,4.0,3,3,0.0
2200000.0,0,9,129.38,4.0,2,2,0.0
2850000.0,0,9,164.0,4.0,4,3,3052.0
3390000.0,0,9,244.0,4.0,2,3,0.0
4700000.0,0,9,280.0,4.0,4,4,2200.0
2920000.0,0,9,165.28,4.0,3,3,0.0
2890000.0,0,9,164.05,4.0,4,2,0.0
2950000.0,0,9,164.0,4.0,4,3,0.0
3590000.0,0,9,234.0,4.0,0,2,2680.0
3590000.0,0,9,234.0,4.0,4,2,0.0
2600000.0,0,11,285.0,4.0,4,4,0.0
2450000.0,0,11,160.0,4.0,2,2,1748.0
1990000.0,0,11,139.0,4.0,1,2,0.0
2248000.0,0,11,149.0,4.0,1,2,2624.0
3050000.0,0,11,255.0,4.0,2,2,0.0
1600000.0,0,11,138.64,4.0,2,2,2356.0
2380000.0,0,11,194.0,4.0,2,2,0.0
2380000.0,0,11,194.0,4.0,2,2,0.0
2380000.0,0,11,193.0,4.0,2,2,0.0
2150000.0,0,11,138.64,4.0,2,2,2337.0
2380000.0,0,11,194.0,4.0,2,2,0.0
3500000.0,0,11,160.0,4.0,1,2,2097.0
2380000.0,0,11,194.0,4.0,2,2,3730.0
2380000.0,0,11,194.0,4.0,2,2,2990.0
2380000.0,0,11,194.0,4.0,2,2,0.0
2380000.0,0,11,194.0,4.0,2,2,3800.0
2333000.0,0,11,194.0,4.0,2,2,3821.0
2350000.0,0,11,155.0,4.0,4,2,1685.0
2290000.0,0,11,160.0,4.0,2,2,1748.0
2190000.0,0,11,160.0,4.0,2,2,2250.0
4270000.0,0,11,306.0,4.0,3,4,0.0
3560000.0,0,7,210.0,4.0,4,3,0.0
2380000.0,0,11,193.93,4.0,2,2,0.0
2750000.0,0,7,150.0,4.0,2,3,1597.0
1980000.0,0,7,132.0,4.0,2,2,1670.0
2775543.76,0,7,153.78,4.0,4,3,0.0
2775543.76,0,7,153.78,4.0,4,3,0.0
2790000.0,0,7,185.0,4.0,4,3,0.0
2790000.0,0,7,185.0,4.0,4,3,2600.0
3500000.0,0,7,222.0,4.0,4,3,2850.0
3150000.0,0,7,164.0,4.0,4,3,2227.0
2650000.0,0,7,153.0,4.0,4,2,2470.0
2690000.0,0,7,154.0,4.0,4,2,1860.0
2690000.0,0,7,154.0,4.0,3,2,2000.0
2690000.0,0,7,153.0,4.0,4,2,1863.0
2600000.0,0,7,155.0,4.0,3,3,1500.0
2000000.0,0,7,132.0,4.0,2,2,2097.0
2290000.0,0,7,151.0,4.0,2,3,1600.0
2290000.0,0,7,154.0,4.0,4,3,1590.0
3400000.0,0,7,196.0,4.0,4,3,0.0
3300000.0,0,7,191.83,4.0,4,3,0.0
3400000.0,0,7,192.0,4.0,4,3,1890.0
2690000.0,0,7,153.0,4.0,4,2,1860.0
2290000.0,0,7,153.0,4.0,2,3,1590.0
2690000.0,0,7,154.0,4.0,4,2,1860.0
2690000.0,0,7,153.0,4.0,4,2,2200.0
2450000.0,0,7,152.0,4.0,2,3,0.0
2690000.0,0,7,154.0,4.0,4,2,2007.0
2990000.0,0,7,162.0,4.0,4,2,1900.0
2249000.0,0,7,160.0,4.0,2,3,0.0
3090000.0,0,7,155.0,4.0,4,3,2000.0
3097382.4,0,7,155.47,4.0,4,3,1537.0
2889987.25,0,7,153.78,4.0,4,3,0.0
4403295.0,0,7,293.47,4.0,4,4,0.0
2775543.76,0,7,154.0,4.0,4,3,0.0
4399000.0,0,7,297.0,4.0,4,4,0.0
2570000.0,0,7,175.6,4.0,4,3,0.0
4500000.0,0,7,302.0,4.0,4,4,0.0
3790000.0,0,7,332.0,4.0,3,3,3080.0
4675000.0,0,7,301.0,4.0,4,4,0.0
4400000.0,0,7,301.0,4.0,4,4,0.0
2890000.0,0,7,156.0,4.0,4,4,0.0
2570000.0,0,7,175.0,4.0,4,3,1917.0
2570000.0,0,7,175.6,4.0,4,3,2000.0
2550000.0,0,7,175.0,4.0,4,3,0.0
2800000.0,0,7,155.0,4.0,4,3,1.0
2799999.0,0,7,156.0,4.0,4,3,1650.0
2800000.0,0,7,155.47,4.0,4,3,1566.0
2290000.0,0,7,151.84,4.0,2,3,1590.0
3490000.0,0,7,255.0,4.0,4,2,0.0
4403295.09,0,7,293.0,4.0,4,0,0.0
2550000.0,0,7,146.0,4.0,4,2,0.0
3190000.0,0,7,164.0,4.0,3,3,2426.0
3200000.0,0,7,170.0,4.0,2,4,2180.0
3490000.0,0,7,255.0,4.0,4,2,0.0
2450000.0,0,7,152.0,4.0,2,3,1841.0
3290000.0,0,7,212.0,4.0,4,3,2700.0
3190000.0,0,7,212.0,4.0,4,3,0.0
2490000.0,0,7,170.0,4.0,3,3,2368.0
2990000.0,0,7,212.0,4.0,4,3,2500.0
3100000.0,0,7,212.0,4.0,4,3,1800.0
2990000.0,0,7,162.0,4.0,3,2,2000.0
2350000.0,0,7,139.59,4.0,2,3,0.0
4800000.0,0,7,232.0,4.0,4,4,0.0
4800000.0,0,7,232.0,4.0,4,4,0.0
3490000.0,0,7,211.0,4.0,4,4,2600.0
3500000.0,0,7,213.0,4.0,4,4,2900.0
2450000.0,0,7,152.0,4.0,2,3,1850.0
2350000.0,0,7,140.0,4.0,2,3,0.0
2450000.0,0,7,152.0,4.0,2,3,1800.0
2900000.0,0,7,164.0,4.0,4,3,2500.0
3190000.0,0,7,164.11,4.0,3,3,1799.0
4390000.0,0,7,272.0,4.0,4,4,0.0
4350000.0,0,7,272.63,4.0,4,4,3330.0
4250000.0,0,7,214.0,4.0,4,4,0.0
3283702.53,0,7,173.0,4.0,4,0,0.0
3190000.0,0,7,164.0,4.0,3,3,0.0
2850000.0,0,7,156.0,4.0,4,3,1500.0
4400000.0,0,7,197.21,4.0,4,4,0.0
4239000.0,0,7,250.0,4.0,4,4,2500.0
4239000.0,0,7,250.0,4.0,4,4,0.0
3466000.0,0,7,212.0,4.0,4,4,0.0
4239085.0,0,7,246.25,4.0,4,4,0.0
3466000.0,0,7,184.0,4.0,4,4,0.0
3466629.0,0,7,184.0,4.0,4,2,0.0
4454000.0,0,7,246.0,4.0,4,4,0.0
4230000.0,0,7,246.0,4.0,4,4,0.0
4239085.0,0,7,246.0,4.0,4,4,0.0
3466629.0,0,7,184.0,4.0,4,4,0.0
3446000.0,0,7,188.0,4.0,4,4,0.0
4650000.0,0,7,246.25,4.0,4,4,0.0
3397296.0,0,7,184.0,4.0,4,4,0.0
3350000.0,0,7,184.0,4.0,4,5,0.0
3400000.0,0,7,184.0,4.0,4,4,0.0
3460000.0,0,7,189.0,4.0,4,4,2500.0
4550000.0,0,7,246.0,4.0,4,4,2500.0
3300000.0,0,7,187.11,4.0,4,4,1852.0
4653529.0,0,7,246.0,4.0,4,4,0.0
4239000.0,0,7,250.0,4.0,4,4,0.0
3378000.0,0,7,184.0,4.0,4,4,0.0
4430000.0,0,7,295.0,4.0,4,3,0.0
3700000.0,0,7,185.0,4.0,4,4,0.0
4453500.0,0,7,246.0,4.0,4,4,2000.0
3200000.0,0,7,170.0,4.0,2,4,2180.0
2550000.0,0,7,155.0,4.0,4,2,1685.0
2965000.0,0,7,153.0,4.0,4,3,1630.0
2250000.0,0,7,155.0,4.0,4,2,1595.0
4125462.0,0,7,210.0,4.0,4,3,1300.0
3788379.0,0,7,210.5,4.0,4,3,0.0
3552000.0,0,7,210.0,4.0,4,3,2100.0
3812000.0,0,7,210.0,4.0,4,3,0.0
3100000.0,0,7,171.0,4.0,4,3,0.0
3788378.66,0,7,210.5,4.0,4,3,0.0
3700000.0,0,7,188.5,4.0,4,4,0.0
3370000.0,0,7,171.7,4.0,4,4,1334.0
3019332.0,0,7,171.0,4.0,4,3,0.0
2400000.0,0,7,163.0,4.0,4,2,1873.0
2880000.0,0,7,171.0,4.0,4,3,1900.0
4200000.0,0,7,213.0,4.0,4,4,2300.0
3043000.0,0,7,166.0,4.0,4,3,0.0
3050000.0,0,7,165.56,4.0,4,3,0.0
3466600.0,0,7,184.0,4.0,4,4,2000.0
2200000.0,0,7,125.0,4.0,2,2,1622.0
4200000.0,0,7,184.0,4.0,4,3,2047.0
3650000.0,0,7,204.0,4.0,4,3,0.0
4400000.0,0,7,213.0,4.0,4,4,0.0
4400000.0,0,7,197.0,4.0,4,4,2500.0
3466629.0,0,7,184.01,4.0,4,4,0.0
3466000.0,0,7,197.0,4.0,4,0,0.0
4380000.0,0,7,197.0,4.0,4,4,2245.0
4400000.0,0,7,205.0,4.0,4,4,0.0
4400000.0,0,7,197.0,4.0,4,4,0.0
3796211.0,0,7,197.0,4.0,4,4,0.0
4400000.0,0,7,204.0,4.0,4,4,2408.0
4400000.0,0,7,204.0,4.0,4,4,0.0
4300000.0,0,7,246.25,4.0,4,4,2500.0
3620000.0,0,7,212.0,4.0,4,4,1.0
3519000.0,0,7,201.0,4.0,4,4,0.0
4653529.0,0,7,250.69,4.0,4,4,0.0
4400000.0,0,7,212.0,4.0,3,4,0.0
4553529.0,0,7,251.93,4.0,4,4,0.0
4400000.0,0,7,197.0,4.0,4,4,0.0
4400000.0,0,7,205.0,4.0,4,4,0.0
4400000.0,0,7,197.21,4.0,4,4,0.0
3350000.0,0,7,185.7,4.0,4,4,0.0
2889987.25,0,7,153.0,4.0,4,3,0.0
4200000.0,0,7,184.0,4.0,4,3,2047.0
4400000.0,0,7,197.0,4.0,4,4,0.0
4400000.0,0,7,212.0,4.0,4,4,0.0
3300000.0,0,7,187.0,4.0,4,4,0.0
3400000.0,0,7,201.0,4.0,4,4,0.0
4653000.0,0,7,246.0,4.0,4,4,3500.0
4239000.0,0,7,246.0,4.0,4,3,0.0
3460000.0,0,7,184.0,4.0,4,3,1424.0
4239000.0,0,7,246.0,4.0,4,4,2800.0
4453000.0,0,7,246.0,4.0,4,4,2541.0
4239000.0,0,7,246.0,4.0,4,4,3500.0
3350000.0,0,7,187.0,4.0,4,2,2541.0
3400000.0,0,7,201.0,4.0,4,4,0.0
3399000.0,0,7,201.0,4.0,4,4,2800.0
360000.0,0,5,32.81,1.0,1,1,0.0
890000.0,0,5,70.0,1.0,0,1,500.0
920000.0,0,5,70.0,1.0,0,1,0.0
450000.0,0,5,29.0,1.0,0,1,290.0
425000.0,0,5,40.0,1.0,1,1,0.0
440000.0,0,5,29.0,1.0,1,1,395.0
470000.0,0,5,30.0,1.0,1,1,400.0
329000.0,0,5,33.0,1.0,1,1,0.0
360000.0,0,5,34.0,1.0,0,1,362.0
690000.0,0,5,51.1,1.0,1,1,0.0
345000.0,0,5,27.0,1.0,0,1,397.0
340000.0,0,5,30.0,1.0,1,0,322.0
890000.0,0,5,70.0,1.0,1,1,620.0
890000.0,0,5,70.0,1.0,0,1,600.0
780000.0,0,5,61.0,1.0,0,1,600.0
890000.0,0,5,70.0,1.0,1,0,0.0
1100000.0,0,1,72.0,1.0,1,0,0.0
630000.0,0,5,63.12,1.0,0,1,604.0
430000.0,0,1,40.0,1.0,0,0,450.0
530000.0,0,1,38.73,1.0,1,0,504.0
520000.0,0,1,43.76,1.0,0,0,450.0
430000.0,0,1,35.0,1.0,1,0,700.0
410000.0,0,1,23.49,1.0,1,0,554.0
660000.0,0,5,60.0,1.0,1,2,680.0
398000.0,0,1,33.0,1.0,0,0,260.0
430000.0,0,1,37.0,1.0,0,0,400.0
560000.0,0,1,37.0,1.0,1,0,0.0
890000.0,0,5,70.0,1.0,1,1,500.0
500000.0,0,1,49.5,1.0,0,0,500.0
350000.0,0,3,60.0,1.0,0,0,300.0
210000.0,0,3,26.0,1.0,1,0,220.0
390000.0,0,3,40.0,1.0,1,0,300.0
630000.0,0,5,57.0,1.0,0,1,664.0
630000.0,0,5,64.37,1.0,0,0,607.0
897000.0,0,5,71.0,1.0,0,1,701.0
890000.0,0,5,70.0,1.0,0,1,500.0
540000.0,0,5,40.0,1.0,0,1,425.0
890000.0,0,5,70.0,1.0,0,1,500.0
745000.0,0,5,50.0,1.0,1,1,0.0
490000.0,0,5,30.0,1.0,0,1,358.0
419900.0,0,5,27.0,1.0,0,1,328.0
429000.0,0,5,32.0,1.0,1,1,511.0
300000.0,0,5,26.88,1.0,0,1,418.0
300000.0,0,5,27.55,1.0,1,1,459.0
4300000.0,0,5,240.0,1.0,0,0,0.0
570000.0,0,5,54.0,1.0,1,1,948.0
385000.0,0,5,27.0,1.0,1,0,0.0
490000.0,0,5,30.0,1.0,0,1,358.0
899999.99,0,5,54.81,1.0,1,1,0.0
550000.0,0,5,57.7,1.0,1,1,1100.0
699000.0,0,5,60.0,1.0,1,1,500.0
780000.0,0,1,53.0,1.0,0,2,1088.0
600000.0,0,5,50.0,1.0,1,1,840.0
690000.0,0,5,67.0,1.0,1,1,920.0
525000.0,0,5,50.0,1.0,0,1,570.0
590000.0,0,5,54.0,1.0,0,0,550.0
490000.0,0,5,30.0,1.0,0,0,358.0
490000.0,0,5,40.0,1.0,0,1,605.0
380000.0,0,5,33.5,1.0,1,1,500.0
470000.0,0,5,34.75,1.0,1,1,398.0
895000.0,0,5,70.0,1.0,0,1,620.0
440000.0,0,5,29.29,1.0,0,1,315.0
897000.0,0,5,71.64,1.0,1,1,701.0
450000.0,0,5,31.0,1.0,1,1,381.0
500000.0,0,5,37.0,1.0,0,1,480.0
390000.0,0,5,28.0,1.0,0,1,0.0
690000.0,0,5,54.0,1.0,1,1,750.0
490000.0,0,5,30.0,1.0,1,0,358.0
495000.0,0,5,39.86,1.0,0,1,454.0
419500.0,0,5,28.0,1.0,1,1,3.0
969000.0,0,5,79.6,1.0,1,2,1200.0
300000.0,0,5,25.0,1.0,0,0,650.0
650000.0,0,5,49.0,1.0,0,0,643.0
300000.0,0,5,27.0,1.0,0,0,360.0
650000.0,0,5,41.7,1.0,0,1,0.0
790000.0,0,1,53.0,1.0,0,2,1045.0
800000.0,0,1,42.0,1.0,1,0,1000.0
480000.0,0,1,27.0,1.0,0,0,526.0
800000.0,0,1,42.0,1.0,1,1,950.0
820000.0,0,1,45.0,1.0,1,1,1200.0
800000.0,0,1,48.0,1.0,1,0,0.0
1250000.0,0,1,58.0,1.0,1,1,1500.0
760000.0,0,1,45.0,1.0,1,1,1000.0
770000.0,0,1,40.0,1.0,1,1,0.0
760000.0,0,1,44.84,1.0,1,1,1064.0
659000.0,0,1,42.0,1.0,0,1,1020.0
745000.0,0,1,48.0,1.0,0,0,0.0
915000.0,0,1,41.26,1.0,0,1,0.0
800000.0,0,1,48.0,1.0,1,1,0.0
950000.0,0,1,65.0,1.0,1,1,1500.0
1100000.0,0,1,48.0,1.0,1,1,1200.0
800000.0,0,1,53.0,1.0,0,1,0.0
850000.0,0,1,48.0,1.0,1,1,890.0
380000.0,0,1,40.85,1.0,0,0,0.0
690000.0,0,1,48.45,1.0,1,1,1000.0
800000.0,0,1,48.0,1.0,1,1,0.0
599000.0,0,5,50.0,1.0,1,1,840.0
775000.0,0,1,41.0,1.0,0,1,960.0
748000.0,0,1,49.0,1.0,1,1,1100.0
895000.0,0,1,40.0,1.0,0,1,954.0
2100000.0,0,1,94.0,1.0,1,2,0.0
770000.0,0,1,40.0,1.0,1,1,1250.0
770000.0,0,1,40.0,1.0,0,1,1250.0
720000.0,0,1,48.0,1.0,1,1,1250.0
770000.0,0,1,40.0,1.0,0,1,0.0
1199000.0,0,1,64.0,1.0,1,1,1477.0
990000.0,0,1,52.0,1.0,1,1,1200.0
780000.0,0,1,53.0,1.0,0,2,1088.0
540000.0,0,1,39.0,1.0,1,0,498.0
450000.0,0,1,25.0,1.0,0,0,0.0
850000.0,0,1,57.0,1.0,0,0,0.0
820000.0,0,1,60.0,1.0,1,0,0.0
548760.0,0,1,32.0,1.0,1,0,2500.0
620000.0,0,1,46.0,1.0,0,1,2780.0
699000.0,0,1,57.0,1.0,0,0,3100.0
2000000.0,0,1,125.0,1.0,1,0,0.0
850000.0,0,1,40.0,1.0,1,1,1200.0
630000.0,0,1,43.0,1.0,0,0,698.0
650000.0,0,1,42.62,1.0,0,0,675.0
665000.0,0,1,43.0,1.0,0,0,980.0
700000.0,0,1,40.0,1.0,0,0,503.0
700000.0,0,1,40.0,1.0,0,0,420.0
730000.0,0,1,52.0,1.0,1,0,700.0
780000.0,0,1,52.0,1.0,0,2,1077.0
550000.0,0,1,48.25,1.0,1,0,1524.0
330000.0,0,1,26.46,1.0,0,0,0.0
315000.0,0,1,27.0,1.0,1,0,400.0
500000.0,0,1,27.0,1.0,0,0,0.0
1050000.0,0,1,50.0,1.0,1,1,1306.0
750000.0,0,1,48.0,1.0,1,1,1320.0
480000.0,0,1,23.87,1.0,0,1,530.0
330000.0,0,1,24.0,1.0,2,1,450.0
430000.0,0,1,34.0,1.0,1,1,0.0
350000.0,0,1,25.0,1.0,1,1,0.0
350000.0,0,1,25.0,1.0,1,1,0.0
360000.0,0,1,27.0,1.0,1,1,309.0
475000.0,0,1,28.91,1.0,1,0,320.0
345000.0,0,1,28.0,1.0,1,1,308.0
317000.0,0,1,26.46,1.0,1,0,499.0
312000.0,0,1,27.0,1.0,0,0,0.0
315000.0,0,1,27.0,1.0,0,0,400.0
315000.0,0,1,27.0,1.0,0,0,399.0
310000.0,0,1,27.0,1.0,0,0,400.0
379000.0,0,5,28.0,1.0,0,1,612.0
697000.0,0,7,33.38,1.0,1,1,0.0
600000.0,0,5,50.0,1.0,1,1,0.0
1550000.0,0,7,81.52,1.0,1,1,0.0
635000.0,0,7,33.0,1.0,1,1,420.0
670000.0,0,7,34.0,1.0,1,1,0.0
670000.0,0,7,34.62,1.0,0,0,0.0
750000.0,0,7,35.0,1.0,1,1,0.0
750000.0,0,7,35.0,1.0,1,1,0.0
710000.0,0,7,43.0,1.0,1,1,0.0
185000.0,0,7,43.0,1.0,1,1,0.0
1750000.0,0,7,89.15,1.0,1,1,0.0
940000.0,0,7,46.0,1.0,1,1,0.0
190000.0,0,7,33.9,1.0,1,1,0.0
620000.0,0,7,36.0,1.0,1,1,0.0
700000.0,0,7,42.28,1.0,0,1,0.0
740000.0,0,7,43.54,1.0,1,1,0.0
710000.0,0,7,43.54,1.0,1,0,700.0
706000.0,0,7,43.0,1.0,1,1,1500.0
700000.0,0,7,43.0,1.0,0,1,0.0
595000.0,0,7,34.0,1.0,0,1,0.0
775544.0,0,7,43.0,1.0,0,1,0.0
649645.0,0,7,34.0,1.0,1,1,0.0
680000.0,0,7,38.0,1.0,0,1,370.0
599000.0,0,7,38.0,1.0,0,1,390.0
680000.0,0,7,36.0,1.0,0,1,350.0
610000.0,0,7,34.34,1.0,1,1,545.0
773000.0,0,7,47.73,1.0,1,1,750.0
615000.0,0,7,42.0,1.0,1,1,0.0
570000.0,0,7,33.45,1.0,1,1,0.0
520000.0,0,7,33.0,1.0,0,1,450.0
590000.0,0,7,40.0,1.0,0,1,0.0
695000.0,0,7,39.0,1.0,1,1,633.0
849000.0,0,7,46.0,1.0,1,1,763.0
650000.0,0,7,34.0,1.0,0,1,0.0
621894.0,0,7,34.0,1.0,1,1,0.0
649000.0,0,7,34.0,1.0,0,1,0.0
720000.0,0,7,35.0,1.0,0,1,890.0
635000.0,0,7,35.8,1.0,1,1,0.0
639000.0,0,7,32.74,1.0,1,1,0.0
630000.0,0,5,54.0,1.0,0,1,970.0
739900.0,0,7,42.0,1.0,1,1,0.0
670000.0,0,7,32.74,1.0,1,1,0.0
1589000.0,0,7,97.0,1.0,0,1,1385.0
570000.0,0,7,34.0,1.0,0,1,0.0
920000.0,0,7,48.0,1.0,1,1,450.0
950000.0,0,7,48.0,1.0,1,1,0.0
565000.0,0,7,34.0,1.0,1,1,530.0
750000.0,0,7,42.0,1.0,1,1,420.0
729000.0,0,7,42.0,1.0,0,1,0.0
780000.0,0,7,41.38,1.0,0,1,0.0
920000.0,0,7,48.0,1.0,0,0,450.0
1200000.0,0,7,80.0,1.0,1,2,1167.0
640000.0,0,7,34.0,1.0,0,1,0.0
599000.0,0,7,35.0,1.0,0,1,517.0
620000.0,0,7,30.0,1.0,0,1,0.0
830000.0,0,1,45.0,1.0,1,1,1224.0
1200000.0,0,7,80.0,1.0,1,2,1167.0
750000.0,0,7,39.26,1.0,0,1,0.0
680000.0,0,7,33.95,1.0,0,1,0.0
590000.0,0,7,36.4,1.0,1,1,0.0
720000.0,0,7,33.44,1.0,0,1,0.0
748000.0,0,7,33.38,1.0,1,1,0.0
651000.0,0,7,32.74,1.0,0,1,0.0
650000.0,0,7,33.95,1.0,1,1,0.0
640000.0,0,7,32.0,1.0,0,1,0.0
780000.0,0,7,41.38,1.0,1,1,0.0
940000.0,0,7,46.55,1.0,1,1,0.0
695000.0,0,7,33.38,1.0,0,1,0.0
699000.0,0,7,34.46,1.0,0,1,0.0
645000.0,0,7,33.38,1.0,0,1,0.0
750000.0,0,7,33.38,1.0,0,1,0.0
750000.0,0,7,42.25,1.0,0,1,0.0
673609.97,0,7,33.38,1.0,0,0,0.0
673609.97,0,7,33.38,1.0,0,1,0.0
710000.0,0,7,33.95,1.0,0,1,0.0
670000.0,0,7,33.95,1.0,1,1,0.0
680000.0,0,7,37.9,1.0,1,1,0.0
520000.0,0,7,33.0,1.0,1,1,0.0
640014.09,0,7,34.65,1.0,0,1,0.0
598000.0,0,7,39.0,1.0,1,1,500.0
600000.0,0,7,37.0,1.0,0,2,0.0
520000.0,0,7,33.0,1.0,0,1,440.0
591000.0,0,7,38.0,1.0,0,1,500.0
585000.0,0,7,38.0,1.0,1,1,500.0
590000.0,0,7,39.0,1.0,0,1,500.0
565000.0,0,7,38.0,1.0,1,1,0.0
585000.0,0,7,38.0,1.0,0,1,500.0
579000.0,0,7,38.0,1.0,1,1,500.0
640000.0,0,7,38.0,1.0,1,1,495.0
585000.0,0,7,38.0,1.0,0,1,520.0
595000.0,0,7,41.0,1.0,0,1,500.0
599000.0,0,7,39.0,1.0,0,1,500.0
548000.0,0,7,33.0,1.0,1,1,0.0
490000.0,0,7,36.0,1.0,0,1,860.0
435000.0,0,7,31.0,1.0,0,1,550.0
435000.0,0,7,31.0,1.0,0,1,550.0
415000.0,0,7,27.33,1.0,0,1,415.0
590000.0,0,7,37.0,1.0,0,2,1106.0
579000.0,0,7,39.0,1.0,0,1,500.0
590000.0,0,7,39.0,1.0,0,1,500.0
499000.0,0,5,47.0,1.0,0,1,0.0
780000.0,0,5,59.0,1.0,1,1,674.0
670000.0,0,5,47.0,1.0,1,1,0.0
960000.0,0,5,68.0,1.0,1,1,0.0
475000.0,0,5,28.5,1.0,0,1,580.0
680000.0,0,5,63.0,1.0,1,0,0.0
425000.0,0,5,31.45,1.0,0,1,1038.0
425000.0,0,5,31.0,1.0,0,1,1038.0
440000.0,0,5,35.0,1.0,1,1,700.0
429000.0,0,5,35.0,1.0,0,1,0.0
715000.0,0,5,65.0,1.0,1,1,0.0
630000.0,0,5,64.0,1.0,1,1,1009.0
430000.0,0,7,33.0,1.0,0,1,0.0
598000.0,0,7,39.0,1.0,1,1,500.0
585000.0,0,7,38.0,1.0,1,1,500.0
430000.0,0,7,31.0,1.0,1,1,550.0
435000.0,0,7,26.0,1.0,0,1,636.0
705000.0,0,7,38.78,1.0,0,1,0.0
930000.0,0,7,53.0,1.0,0,2,840.0
870000.0,0,7,47.0,1.0,0,1,687.0
1080000.0,0,7,63.0,1.0,1,1,872.0
720000.0,0,7,42.87,1.0,0,1,550.0
720000.0,0,7,42.87,1.0,1,1,600.0
1080000.0,0,7,63.0,1.0,0,1,0.0
870000.0,0,7,46.82,1.0,0,1,0.0
670000.0,0,7,32.74,1.0,1,1,0.0
520000.0,0,7,34.0,1.0,1,0,409.0
520000.0,0,7,30.43,1.0,1,1,0.0
500000.0,0,7,37.0,1.0,0,1,0.0
720000.0,0,7,35.0,1.0,0,1,890.0
680000.0,0,7,37.9,1.0,1,1,0.0
460000.0,0,7,39.0,1.0,0,1,0.0
520000.0,0,7,31.0,1.0,0,1,409.0
535000.0,0,7,35.0,1.0,1,1,268.0
670000.0,0,7,42.0,1.0,0,1,0.0
795000.0,0,7,40.0,1.0,1,1,600.0
715000.0,0,7,38.78,1.0,1,1,0.0
575000.0,0,7,37.0,1.0,1,1,550.0
715000.0,0,7,36.0,1.0,0,1,546.0
595000.0,0,7,29.33,1.0,0,1,464.0
765000.0,0,7,37.0,1.0,0,0,0.0
775000.0,0,7,37.0,1.0,0,0,0.0
620000.0,0,7,29.0,1.0,0,1,0.0
697000.0,0,7,39.0,1.0,0,1,0.0
680000.0,0,7,34.0,1.0,0,1,0.0
530000.0,0,7,30.0,1.0,0,1,495.0
799000.0,0,7,40.13,1.0,0,1,0.0
805000.0,0,7,40.13,1.0,0,1,0.0
780000.0,0,7,57.0,1.0,0,1,900.0
705000.0,0,7,40.13,1.0,1,1,0.0
704697.08,0,7,48.0,1.0,1,1,422.0
790000.0,0,7,52.62,1.0,0,0,728.0
1100000.0,0,1,49.0,1.0,1,1,1100.0
620000.0,0,0,44.0,1.0,1,1,578.0
1170000.0,0,1,55.0,1.0,0,0,147.0
1079000.0,0,0,108.0,1.0,1,2,1572.0
450000.0,0,0,30.0,1.0,0,1,485.0
458000.0,0,0,30.28,1.0,0,1,633.0
480000.0,0,0,28.28,1.0,0,1,470.0
650000.0,0,0,42.0,1.0,1,1,550.0
850000.0,0,0,43.0,1.0,0,1,922.0
950000.0,0,0,45.0,1.0,1,1,760.0
1079000.0,0,0,108.0,1.0,0,2,1572.0
1079000.0,0,0,109.0,1.0,1,2,1700.0
470000.0,0,0,40.26,1.0,1,0,0.0
229000.0,0,0,24.0,1.0,0,0,0.0
720000.0,0,0,55.0,1.0,0,0,650.0
500000.0,0,0,30.0,1.0,1,1,1183.0
560000.0,0,0,32.0,1.0,0,0,2300.0
499000.0,0,0,40.14,1.0,0,1,0.0
650000.0,0,0,30.0,1.0,1,1,0.0
610000.0,0,0,40.0,1.0,1,0,2200.0
450000.0,0,0,30.0,1.0,0,1,485.0
450000.0,0,0,38.0,1.0,0,1,370.0
450000.0,0,0,29.0,1.0,0,1,488.0
430000.0,0,0,28.0,1.0,1,1,0.0
400000.0,0,0,26.0,1.0,0,1,400.0
415000.0,0,0,26.0,1.0,1,1,390.0
415000.0,0,0,26.0,1.0,1,1,0.0
305000.0,0,0,25.0,1.0,1,1,405.0
305000.0,0,0,26.0,1.0,1,1,405.0
315000.0,0,0,25.16,1.0,1,1,430.0
315000.0,0,0,25.0,1.0,0,1,554.0
299000.0,0,0,29.0,1.0,1,1,398.0
300000.0,0,0,28.52,1.0,1,1,500.0
470000.0,0,0,34.0,1.0,0,1,518.0
620000.0,0,0,44.0,1.0,0,1,578.0
320000.0,0,0,29.0,1.0,0,1,365.0
350000.0,0,0,28.0,1.0,0,1,0.0
298000.0,0,0,28.0,1.0,1,1,390.0
435000.0,0,0,30.0,1.0,0,1,0.0
550000.0,0,0,49.0,1.0,1,0,2300.0
430000.0,0,0,24.0,1.0,0,0,800.0
330000.0,0,0,27.0,1.0,1,1,430.0
690000.0,0,0,48.0,1.0,1,1,1000.0
780000.0,0,0,46.16,1.0,1,0,990.0
1390000.0,0,0,84.0,1.0,1,1,0.0
705002.0,0,0,37.0,1.0,0,1,1330.0
890000.0,0,0,53.0,1.0,0,0,900.0
599000.0,0,0,30.76,1.0,1,0,707.0
659000.0,0,0,37.9,1.0,0,1,1292.0
740000.0,0,0,51.0,1.0,1,1,2910.0
530000.0,0,0,31.0,1.0,0,0,0.0
2120000.0,0,0,102.0,1.0,1,2,0.0
695000.0,0,0,37.0,1.0,1,1,1230.0
680000.0,0,0,37.0,1.0,0,1,1200.0
760000.0,0,0,45.0,1.0,1,1,1000.0
807572.15,0,0,37.0,1.0,0,1,1330.0
640000.0,0,0,31.22,1.0,0,1,0.0
540000.0,0,0,35.0,1.0,1,1,0.0
565000.0,0,0,31.0,1.0,0,1,560.0
750000.0,0,0,49.56,1.0,1,0,2149.0
460000.0,0,0,36.0,1.0,0,1,2400.0
470000.0,0,0,25.0,1.0,1,0,0.0
490000.0,0,0,33.4,1.0,1,1,1096.0
660000.0,0,0,40.0,1.0,1,0,1260.0
497000.0,0,0,28.0,1.0,0,1,989.0
460000.0,0,0,31.0,1.0,1,0,830.0
890000.0,0,0,64.0,1.0,1,0,0.0
920000.0,0,0,70.0,1.0,0,1,0.0
890000.0,0,0,70.0,1.0,1,1,2200.0
460000.0,0,0,24.0,1.0,0,0,847.0
520000.0,0,0,31.0,1.0,0,1,750.0
630000.0,0,0,48.73,1.0,1,1,1240.0
850000.0,0,0,65.45,1.0,1,0,0.0
440000.0,0,0,40.0,1.0,1,0,0.0
385000.0,0,0,26.0,1.0,1,0,1.0
359000.0,0,0,30.0,1.0,0,0,380.0
349000.0,0,0,29.0,1.0,0,1,380.0
795000.0,0,1,48.96,1.0,1,1,0.0
189000.0,0,0,31.0,1.0,0,0,0.0
430000.0,0,0,46.0,1.0,1,0,422.0
195000.0,0,0,24.0,1.0,1,0,383.0
370000.0,0,0,22.99,1.0,0,1,550.0
300000.0,0,0,40.0,1.0,0,0,0.0
310000.0,0,0,40.0,1.0,0,0,0.0
306000.0,0,0,43.18,1.0,0,0,0.0
330000.0,0,0,35.83,1.0,1,0,0.0
360000.0,0,0,54.0,1.0,1,0,0.0
650000.0,0,0,45.0,1.0,0,0,400.0
159000.0,0,0,20.8,1.0,1,0,170.0
400000.0,0,0,60.0,1.0,0,0,400.0
225900.0,0,0,24.5,1.0,1,0,0.0
290000.0,0,0,40.0,1.0,0,0,0.0
230000.0,0,0,27.6,1.0,0,0,50.0
349000.0,0,0,28.0,1.0,0,0,0.0
845000.0,0,0,57.38,1.0,1,0,3050.0
415000.0,0,0,46.18,1.0,0,0,422.0
349000.0,0,0,22.67,1.0,0,0,191.0
380000.0,0,0,25.0,1.0,1,0,469.0
420000.0,0,0,30.0,1.0,1,0,469.0
710000.0,0,7,40.0,1.0,0,1,766.0
450000.0,0,0,31.0,1.0,1,0,255.0
349000.0,0,0,32.0,1.0,0,0,745.0
350000.0,0,0,38.0,1.0,1,0,200.0
365000.0,0,0,30.0,1.0,1,0,300.0
360000.0,0,0,32.65,1.0,0,0,330.0
750000.0,0,0,49.0,1.0,0,0,0.0
435000.0,0,0,28.8,1.0,0,0,350.0
450000.0,0,0,45.0,1.0,0,0,450.0
345000.0,0,0,25.0,1.0,0,0,390.0
440000.0,0,0,30.0,1.0,0,0,438.0
450000.0,0,0,30.0,1.0,0,0,552.0
350000.0,0,0,26.0,1.0,0,0,513.0
320000.0,0,0,30.0,1.0,0,0,350.0
380000.0,0,0,22.61,1.0,0,0,0.0
560000.0,0,0,41.0,1.0,0,0,0.0
380000.0,0,0,31.28,1.0,1,0,573.0
330000.0,0,0,25.0,1.0,0,1,0.0
285000.0,0,0,35.0,1.0,0,0,620.0
319000.0,0,0,37.0,1.0,0,0,0.0
230000.0,0,0,29.3,1.0,0,0,225.0
390000.0,0,0,40.0,1.0,0,0,300.0
395000.0,0,0,38.0,1.0,1,1,550.0
265000.0,0,0,29.3,1.0,1,0,200.0
375674.0,0,0,35.86,1.0,0,0,458.0
310000.0,0,0,36.0,1.0,0,0,441.0
299000.0,0,0,39.0,1.0,1,0,274.0
375000.0,0,0,31.28,1.0,0,0,573.0
410000.0,0,0,33.0,1.0,1,0,0.0
430000.0,0,0,53.0,1.0,0,0,0.0
450000.0,0,0,37.2,1.0,0,0,350.0
450000.0,0,0,31.05,1.0,1,1,450.0
399000.0,0,0,26.0,1.0,1,1,521.0
338000.0,0,0,27.0,1.0,0,1,390.0
370000.0,0,0,26.0,1.0,0,1,540.0
320000.0,0,0,37.0,1.0,0,0,180.0
365000.0,0,0,42.0,1.0,0,0,419.0
365000.0,0,0,42.0,1.0,0,0,419.0
365000.0,0,0,37.04,1.0,0,0,390.0
430000.0,0,0,31.28,1.0,0,1,723.0
380000.0,0,0,40.0,1.0,0,0,529.0
298000.0,0,0,33.0,1.0,0,0,520.0
660000.0,0,0,49.0,1.0,0,1,0.0
450000.0,0,0,58.0,1.0,0,0,0.0
330000.0,0,0,35.0,1.0,1,0,480.0
350000.0,0,0,32.69,1.0,1,0,490.0
460000.0,0,0,50.0,1.0,0,0,200.0
470000.0,0,0,50.0,1.0,1,0,200.0
750000.0,0,0,49.0,1.0,1,1,0.0
680000.0,0,0,45.09,1.0,0,1,0.0
398000.0,0,0,30.0,1.0,0,0,350.0
465000.0,0,0,26.0,1.0,0,1,477.0
350000.0,0,0,34.0,1.0,0,0,390.0
350000.0,0,0,37.04,1.0,0,0,446.0
850000.0,0,0,51.0,1.0,1,0,0.0
980000.0,0,0,53.0,1.0,0,0,1330.0
590000.0,0,0,40.0,1.0,1,1,0.0
990000.0,0,1,52.0,1.0,1,1,1150.0
455000.0,0,1,41.0,1.0,0,0,700.0
289000.0,0,1,45.0,1.0,0,0,0.0
670000.0,0,1,35.0,1.0,0,1,0.0
453555.6,0,1,54.55,1.0,1,0,0.0
920000.0,0,1,48.8,1.0,1,1,1100.0
800000.0,0,1,45.0,1.0,0,1,1380.0
820000.0,0,1,50.0,1.0,0,0,0.0
1275000.0,0,1,58.0,1.0,1,1,0.0
850000.0,0,1,48.0,1.0,1,1,1200.0
820000.0,0,1,52.0,1.0,1,1,1000.0
780000.0,0,1,40.0,1.0,0,1,980.0
800000.0,0,1,40.0,1.0,0,1,980.0
795000.0,0,1,66.0,1.0,1,1,0.0
780000.0,0,1,40.0,1.0,0,1,1067.0
820000.0,0,1,48.5,1.0,1,1,990.0
390000.0,0,1,35.0,1.0,1,0,750.0
455000.0,0,1,41.0,1.0,1,0,0.0
455000.0,0,1,41.0,1.0,0,1,700.0
395000.0,0,1,43.0,1.0,1,0,435.0
884900.0,0,0,40.0,1.0,1,1,765.0
550000.0,0,0,38.0,1.0,0,0,703.0
570000.0,0,0,42.99,1.0,1,0,615.0
340000.0,0,0,27.0,1.0,1,1,0.0
315000.0,0,0,28.0,1.0,1,1,400.0
355000.0,0,0,26.0,1.0,0,1,400.0
380000.0,0,0,27.0,1.0,1,0,0.0
375000.0,0,0,28.0,1.0,1,1,450.0
385000.0,0,0,27.0,1.0,0,1,340.0
390000.0,0,1,37.56,1.0,0,0,0.0
790000.0,0,1,48.0,1.0,1,1,1400.0
780000.0,0,1,48.0,1.0,1,1,0.0
800000.0,0,0,53.0,1.0,0,0,1059.0
900000.0,0,1,48.0,1.0,0,1,0.0
730000.0,0,1,48.0,1.0,1,1,1200.0
895000.0,0,1,39.67,1.0,1,0,954.0
990000.0,0,1,64.0,1.0,1,1,1.0
950000.0,0,1,48.0,1.0,1,1,1050.0
770000.0,0,1,47.0,1.0,0,0,1390.0
730000.0,0,1,48.0,1.0,0,0,1390.0
775000.0,0,1,48.0,1.0,1,1,1200.0
760000.0,0,1,48.0,1.0,1,1,0.0
950000.0,0,1,47.65,1.0,1,0,0.0
850000.0,0,1,49.0,1.0,1,1,1250.0
350000.0,0,1,48.0,1.0,1,1,0.0
820000.0,0,1,44.54,1.0,1,1,1100.0
820000.0,0,1,48.0,1.0,1,1,0.0
849000.0,0,1,47.0,1.0,1,0,1700.0
1300000.0,0,1,64.0,1.0,1,1,1200.0
760000.0,0,1,40.0,1.0,1,1,1200.0
900000.0,0,1,48.0,1.0,0,1,0.0
980000.0,0,1,54.0,1.0,1,1,1350.0
790000.0,0,1,48.0,1.0,0,1,1200.0
900000.0,0,1,48.0,1.0,1,0,0.0
900000.0,0,1,48.0,1.0,1,0,0.0
730000.0,0,1,48.0,1.0,1,0,0.0
730000.0,0,1,48.0,1.0,1,1,0.0
759000.0,0,1,48.56,1.0,1,0,1157.0
850000.0,0,1,42.0,1.0,1,1,1200.0
799000.0,0,1,48.0,1.0,1,1,1156.0
1199000.0,0,1,64.75,1.0,1,1,0.0
940000.0,0,1,48.0,1.0,1,1,1000.0
884900.0,0,0,40.0,1.0,0,1,800.0
899000.0,0,0,40.0,1.0,1,1,733.0
1190000.0,0,0,58.0,1.0,0,1,0.0
739000.0,0,0,52.0,1.0,1,1,1417.0
580000.0,0,0,30.0,1.0,1,2,560.0
580000.0,0,0,31.0,1.0,1,1,550.0
526000.0,0,0,31.0,1.0,0,1,500.0
500000.0,0,0,30.0,1.0,0,0,0.0
569000.0,0,0,31.0,1.0,0,1,600.0
1100000.0,0,0,58.0,1.0,1,1,1213.0
510000.0,0,0,30.0,1.0,0,1,600.0
670000.0,0,0,40.43,1.0,0,1,0.0
560000.0,0,0,36.0,1.0,0,1,700.0
1190000.0,0,0,58.0,1.0,0,1,0.0
480000.0,0,0,30.0,1.0,0,1,600.0
590000.0,0,0,31.0,1.0,1,1,648.0
510000.0,0,0,30.0,1.0,1,1,667.0
560000.0,0,0,35.0,1.0,1,1,783.0
540000.0,0,0,30.0,1.0,1,1,650.0
689000.0,0,0,53.0,1.0,0,0,1159.0
620000.0,0,0,37.9,1.0,0,1,0.0
680000.0,0,0,37.0,1.0,0,1,1400.0
590000.0,0,0,38.0,1.0,0,1,1014.0
880000.0,0,0,53.0,1.0,0,1,0.0
677573.0,0,0,37.0,1.0,0,0,1478.0
600000.0,0,0,37.0,1.0,0,0,1236.0
790000.0,0,0,53.0,1.0,0,0,1266.0
666000.0,0,0,37.0,1.0,0,1,1179.0
666000.0,0,0,37.0,1.0,1,1,0.0
659000.0,0,0,37.9,1.0,0,1,1292.0
650000.0,0,0,40.0,1.0,1,1,800.0
700000.0,0,0,51.0,1.0,1,1,2800.0
690000.0,0,0,51.0,1.0,1,1,2850.0
890000.0,0,0,53.0,1.0,0,0,1130.0
630000.0,0,0,39.4,1.0,0,1,1390.0
705000.0,0,0,37.0,1.0,0,0,1330.0
323233.3,0,0,32.33,1.0,1,0,0.0
540000.0,0,0,30.0,1.0,1,1,650.0
640000.0,0,0,31.0,1.0,0,0,752.0
740000.0,0,0,37.0,1.0,1,1,0.0
700000.0,0,0,30.76,1.0,1,1,684.0
900000.0,0,0,46.0,1.0,0,2,992.0
760000.0,0,0,44.0,1.0,0,1,489.0
1450000.0,0,0,75.0,1.0,1,1,1330.0
1150000.0,0,0,116.0,1.0,1,1,1200.0
995000.0,0,0,65.0,1.0,1,0,550.0
680000.0,0,0,38.18,1.0,0,2,745.0
540000.0,0,0,42.0,1.0,0,0,497.0
670000.0,0,0,38.0,1.0,0,1,650.0
660000.0,0,0,40.61,1.0,0,0,475.0
615000.0,0,0,40.0,1.0,0,0,0.0
600000.0,0,0,40.45,1.0,0,1,0.0
585000.0,0,0,45.0,1.0,0,0,520.0
645000.0,0,0,53.0,1.0,0,0,773.0
635000.0,0,0,34.0,1.0,1,1,794.0
690000.0,0,0,33.0,1.0,1,1,750.0
609000.0,0,0,32.0,1.0,1,1,0.0
645000.0,0,0,34.0,1.0,1,0,749.0
880000.0,0,0,48.0,1.0,1,1,943.0
610000.0,0,0,30.61,1.0,1,0,650.0
620000.0,0,0,31.0,1.0,1,1,0.0
610000.0,0,0,31.0,1.0,1,1,670.0
635000.0,0,0,31.0,1.0,1,1,0.0
850000.0,0,0,45.0,1.0,1,2,1120.0
630000.0,0,0,30.0,1.0,0,2,707.0
650000.0,0,0,30.0,1.0,0,2,800.0
620000.0,0,0,31.0,1.0,0,0,650.0
630000.0,0,0,31.0,1.0,0,0,751.0
620000.0,0,0,31.0,1.0,0,0,750.0
630000.0,0,0,31.0,1.0,0,1,700.0
610000.0,0,0,31.0,1.0,0,0,650.0
710000.0,0,7,39.0,1.0,0,1,0.0
135000.0,0,0,32.0,1.0,0,0,0.0
720000.0,0,7,39.92,1.0,0,1,690.0
1450000.0,0,0,92.0,2.0,1,1,820.0
938000.0,0,0,59.0,2.0,0,0,650.0
1480000.0,0,0,119.0,2.0,1,1,1030.0
960000.0,0,0,67.0,2.0,0,0,0.0
790000.0,0,0,69.0,2.0,0,0,759.0
1160000.0,0,0,92.28,2.0,0,1,849.0
1289000.0,0,0,92.28,2.0,0,1,870.0
1450000.0,0,0,92.0,2.0,1,1,820.0
1055000.0,0,0,65.8,2.0,0,1,838.0
949000.0,0,0,70.0,2.0,0,0,808.0
1140000.0,0,0,69.75,2.0,0,1,864.0
1100000.0,0,0,69.0,2.0,0,1,864.0
1200000.0,0,0,80.0,2.0,1,1,0.0
1230000.0,0,0,75.0,2.0,1,1,1208.0
1190000.0,0,0,75.0,2.0,1,1,0.0
1230000.0,0,0,75.0,2.0,1,1,0.0
925000.0,0,0,59.0,2.0,0,0,650.0
928000.0,0,0,59.0,2.0,1,0,0.0
928000.0,0,0,59.0,2.0,0,0,650.0
938000.0,0,0,59.0,2.0,0,0,730.0
1850000.0,0,0,160.0,2.0,1,2,1459.0
1850000.0,0,0,160.0,2.0,1,2,1460.0
1850000.0,0,0,158.0,2.0,1,2,1018.0
1850000.0,0,0,158.0,2.0,1,2,1018.0
3200000.0,0,0,221.63,2.0,2,2,1600.0
1200000.0,0,0,80.42,2.0,1,1,840.0
3300000.0,0,0,220.0,2.0,1,0,0.0
1080000.0,0,0,80.1,2.0,0,1,1065.0
1190000.0,0,0,89.0,2.0,0,1,1100.0
1320000.0,0,0,84.0,2.0,1,1,827.0
938000.0,0,0,59.5,2.0,0,0,650.0
928000.0,0,0,59.0,2.0,0,0,650.0
928000.0,0,0,59.0,2.0,0,0,650.0
928000.0,0,0,60.0,2.0,0,0,650.0
850000.0,0,0,59.0,2.0,0,0,653.0
1140000.0,0,0,80.0,2.0,1,1,1100.0
1100000.0,0,0,66.0,2.0,0,1,940.0
1450000.0,0,0,107.21,2.0,1,1,1100.0
760000.0,0,0,73.0,2.0,0,0,0.0
760000.0,0,0,93.0,2.0,1,0,660.0
800000.0,0,0,86.14,2.0,0,0,582.0
819900.0,0,0,68.0,2.0,0,0,663.0
819000.0,0,0,68.0,2.0,0,0,660.0
819900.0,0,0,68.0,2.0,0,0,663.0
940000.0,0,0,95.0,2.0,1,0,1100.0
760000.0,0,0,65.0,2.0,0,0,660.0
749000.0,0,0,75.0,2.0,0,0,724.0
1400000.0,0,0,75.0,2.0,1,1,1345.0
750000.0,0,0,75.0,2.0,0,0,0.0
900000.0,0,0,78.0,2.0,0,0,680.0
1380000.0,0,0,118.0,2.0,1,1,1260.0
1490000.0,0,0,118.97,2.0,1,1,1100.0
1490000.0,0,0,120.0,2.0,1,1,0.0
890000.0,0,0,67.86,2.0,0,1,0.0
900000.0,0,0,67.0,2.0,0,0,0.0
815000.0,0,0,73.0,2.0,0,0,560.0
1049000.0,0,0,77.0,2.0,0,1,0.0
1150000.0,0,0,75.4,2.0,0,1,623.0
1580000.0,0,0,110.0,2.0,0,1,0.0
1149000.0,0,0,82.0,2.0,1,1,1199.0
2650000.0,0,0,204.0,2.0,1,2,0.0
1195000.0,0,0,76.02,2.0,1,1,685.0
990000.0,0,0,68.72,2.0,0,1,927.0
1080000.0,0,0,68.0,2.0,0,1,881.0
890000.0,0,0,69.0,2.0,0,0,0.0
1100000.0,0,0,78.0,2.0,1,1,0.0
1150000.0,0,0,75.0,2.0,1,1,0.0
1270000.0,0,0,81.63,2.0,1,1,960.0
2150000.0,0,0,190.0,2.0,1,1,2122.0
2150000.0,0,0,190.0,2.0,1,2,2200.0
1780000.0,0,0,147.0,2.0,1,1,1295.0
894000.0,0,0,63.0,2.0,0,1,716.0
970000.0,0,0,65.0,2.0,0,1,0.0
2150000.0,0,0,208.0,2.0,1,1,1800.0
2150000.0,0,0,187.37,2.0,1,1,0.0
1650000.0,0,0,160.0,2.0,1,2,1676.0
1790000.0,0,0,96.0,2.0,1,0,2000.0
1290000.0,0,0,67.0,2.0,1,1,1466.0
1590000.0,0,0,70.2,2.0,0,1,0.0
1790000.0,0,0,96.0,2.0,1,1,2240.0
1790000.0,0,0,96.0,2.0,0,1,2000.0
1260000.0,0,0,62.0,2.0,1,0,0.0
1250000.0,0,0,63.0,2.0,1,2,1250.0
1250000.0,0,0,62.0,2.0,1,2,1250.0
1250000.0,0,0,62.0,2.0,1,2,1250.0
1250000.0,0,0,63.0,2.0,1,2,1250.0
1500000.0,0,0,72.38,2.0,1,0,1770.0
1300000.0,0,0,66.0,2.0,1,1,1368.0
1250000.0,0,0,123.0,2.0,1,0,1250.0
1500000.0,0,0,72.38,2.0,1,2,1767.0
1500000.0,0,0,72.0,2.0,1,2,1767.0
1500000.0,0,0,76.0,2.0,1,2,0.0
1030000.0,0,0,59.0,2.0,1,1,1800.0
1790000.0,0,0,96.0,2.0,1,1,2266.0
1090000.0,0,0,59.05,2.0,0,2,1883.0
1790000.0,0,0,96.0,2.0,1,1,0.0
1890000.0,0,0,96.0,2.0,1,1,2300.0
1900000.0,0,0,102.0,2.0,1,2,0.0
870000.0,0,0,59.0,2.0,1,1,1800.0
1650000.0,0,0,95.0,2.0,1,1,2711.0
1890000.0,0,0,96.0,2.0,1,1,0.0
1890000.0,0,0,98.0,2.0,1,1,0.0
1790000.0,0,0,96.0,2.0,0,1,2000.0
1790000.0,0,0,96.0,2.0,1,1,2240.0
1790000.0,0,0,96.0,2.0,0,1,2000.0
1790000.0,0,0,96.0,2.0,1,1,2000.0
1790000.0,0,0,96.0,2.0,1,1,2240.0
1500000.0,0,0,72.0,2.0,1,0,1767.0
1500000.0,0,0,72.38,2.0,1,5,0.0
1870000.0,0,0,167.66,2.0,1,1,1076.0
1890000.0,0,0,197.0,2.0,2,1,1750.0
790000.0,0,0,59.0,2.0,0,0,612.0
770000.0,0,0,57.2,2.0,0,0,563.0
1300000.0,0,0,74.0,2.0,1,1,640.0
1450000.0,0,0,95.0,2.0,1,1,828.0
890000.0,0,0,55.0,2.0,1,0,0.0
919000.0,0,0,55.0,2.0,0,0,831.0
1890000.0,0,0,197.0,2.0,2,1,0.0
980000.0,0,0,62.0,2.0,0,1,0.0
1500000.0,0,0,76.0,2.0,1,2,1800.0
1450000.0,0,0,77.0,2.0,0,2,1177.0
1080000.0,0,0,68.26,2.0,1,1,821.0
1050000.0,0,0,74.0,2.0,0,1,782.0
980000.0,0,0,62.0,2.0,0,1,900.0
1380000.0,0,0,73.81,2.0,1,2,1165.0
2150000.0,0,0,187.0,2.0,1,1,1700.0
1850000.0,0,0,160.16,2.0,1,2,1460.0
1390000.0,0,0,84.0,2.0,1,1,0.0
1150000.0,0,0,79.0,2.0,0,1,0.0
800000.0,0,0,55.0,2.0,0,0,505.0
800000.0,0,0,55.0,2.0,0,0,505.0
1290000.0,0,0,62.0,2.0,0,0,1157.0
1500000.0,0,0,76.0,2.0,1,2,1723.0
1190000.0,0,0,62.0,2.0,1,2,1430.0
1500000.0,0,0,76.0,2.0,1,1,0.0
1290000.0,0,0,62.0,2.0,1,1,1157.0
1450000.0,0,0,110.0,2.0,1,1,0.0
1290000.0,0,0,85.0,2.0,1,1,1200.0
1780000.0,0,0,112.0,2.0,1,1,1200.0
1650000.0,0,0,101.0,2.0,1,1,874.0
1490000.0,0,0,131.0,2.0,2,1,0.0
1780000.0,0,0,132.0,2.0,1,1,1227.0
790000.0,0,0,60.0,2.0,0,0,700.0
770000.0,0,0,61.0,2.0,0,0,662.0
1100000.0,0,0,60.25,2.0,1,0,663.0
800000.0,0,0,60.0,2.0,0,1,828.0
989000.0,0,1,79.0,2.0,0,0,976.0
1150000.0,0,1,60.0,2.0,0,0,1350.0
1280000.0,0,1,95.0,2.0,0,1,1400.0
1280000.0,0,1,95.0,2.0,0,1,1470.0
730000.0,0,1,73.0,2.0,0,0,0.0
768000.0,0,1,63.0,2.0,0,0,866.0
730000.0,0,1,73.0,2.0,0,0,900.0
1090000.0,0,1,79.0,2.0,0,0,976.0
1200000.0,0,1,80.0,2.0,1,0,0.0
690000.0,0,1,55.0,2.0,0,0,650.0
1200000.0,0,1,80.0,2.0,1,0,1050.0
750000.0,0,1,54.75,2.0,0,0,0.0
780000.0,0,1,75.0,2.0,0,0,490.0
650000.0,0,1,54.7,2.0,1,0,700.0
709000.0,0,1,54.7,2.0,0,0,0.0
714000.0,0,1,54.7,2.0,0,0,440.0
650000.0,0,1,54.0,2.0,0,0,500.0
930000.0,0,1,70.0,2.0,1,0,0.0
990000.0,0,1,80.0,2.0,0,0,0.0
3200000.0,0,1,177.0,2.0,1,2,2337.0
1470000.0,0,1,76.0,2.0,0,1,995.0
1550000.0,0,1,84.31,2.0,1,1,1360.0
1280000.0,0,1,80.0,2.0,1,1,0.0
1060000.0,0,1,64.0,2.0,1,0,800.0
1250000.0,0,1,89.0,2.0,1,0,1020.0
1440000.0,0,1,89.0,2.0,1,0,0.0
1120000.0,0,1,65.0,2.0,0,0,780.0
990000.0,0,1,73.0,2.0,1,0,1100.0
1150000.0,0,1,87.0,2.0,1,0,1259.0
1090000.0,0,1,64.0,2.0,0,0,1080.0
1380000.0,0,1,85.48,2.0,0,0,1331.0
1380000.0,0,1,85.48,2.0,0,0,0.0
1790000.0,0,1,116.0,2.0,1,1,1360.0
1400000.0,0,1,75.0,2.0,1,1,1000.0
1295000.0,0,1,75.0,2.0,0,1,1500.0
1295000.0,0,1,77.0,2.0,0,1,0.0
660000.0,0,1,54.0,2.0,0,0,500.0
650000.0,0,1,54.0,2.0,0,0,420.0
1075000.0,0,0,72.0,2.0,1,1,800.0
780000.0,0,1,56.0,2.0,0,0,0.0
785000.0,0,1,49.5,2.0,1,0,545.0
550000.0,0,1,50.0,2.0,0,0,520.0
550000.0,0,1,56.0,2.0,0,0,600.0
1200000.0,0,1,82.0,2.0,0,0,550.0
1200000.0,0,1,82.0,2.0,1,0,550.0
560000.0,0,1,50.0,2.0,0,0,0.0
780000.0,0,1,56.0,2.0,0,0,0.0
850000.0,0,1,65.0,2.0,0,0,690.0
850000.0,0,1,54.0,2.0,1,0,400.0
650000.0,0,1,50.0,2.0,0,0,422.0
650000.0,0,1,50.0,2.0,0,0,462.0
650000.0,0,1,50.0,2.0,0,0,462.0
650000.0,0,1,50.0,2.0,0,0,462.0
500000.0,0,1,49.5,2.0,0,0,500.0
530000.0,0,1,50.0,2.0,0,0,560.0
620000.0,0,1,50.0,2.0,0,0,556.0
1200000.0,0,1,82.0,2.0,0,0,550.0
1200000.0,0,1,82.55,2.0,0,0,550.0
1200000.0,0,1,82.0,2.0,0,0,550.0
700000.0,0,1,54.73,2.0,0,0,510.0
720000.0,0,1,55.0,2.0,0,0,550.0
620000.0,0,1,54.0,2.0,0,0,0.0
500000.0,0,1,57.0,2.0,0,0,0.0
790000.0,0,1,48.0,2.0,0,0,540.0
780000.0,0,1,48.01,2.0,0,0,540.0
850000.0,0,1,54.0,2.0,2,0,0.0
830000.0,0,1,54.7,2.0,1,0,400.0
850000.0,0,1,55.0,2.0,2,0,400.0
720000.0,0,1,54.0,2.0,0,0,550.0
710000.0,0,1,54.7,2.0,0,0,0.0
1080000.0,0,1,72.0,2.0,1,0,730.0
1200000.0,0,1,82.0,2.0,0,0,0.0
1200000.0,0,1,82.0,2.0,0,0,550.0
1200000.0,0,1,82.0,2.0,0,0,550.0
1690000.0,0,1,134.65,2.0,1,0,0.0
999000.0,0,1,74.0,2.0,1,0,0.0
950000.0,0,1,67.0,2.0,0,0,0.0
678000.0,0,0,70.0,2.0,0,0,0.0
950000.0,0,0,78.0,2.0,0,0,700.0
780000.0,0,0,52.0,2.0,1,0,530.0
780000.0,0,0,70.0,2.0,0,0,721.0
799000.0,0,0,70.0,2.0,0,0,721.0
780000.0,0,0,70.0,2.0,0,0,721.0
780000.0,0,0,70.0,2.0,0,0,721.0
790000.0,0,0,70.0,2.0,0,0,721.0
690000.0,0,0,51.55,2.0,0,0,488.0
998000.0,0,1,67.0,2.0,0,0,0.0
795000.0,0,0,51.55,2.0,0,0,530.0
850000.0,0,0,63.78,2.0,0,0,1439.0
650000.0,0,0,63.33,2.0,0,0,950.0
760000.0,0,0,64.0,2.0,1,0,650.0
615000.0,0,0,45.0,2.0,1,0,509.0
635000.0,0,0,45.0,2.0,1,0,509.0
680000.0,0,0,44.0,2.0,0,0,720.0
979000.0,0,0,78.0,2.0,0,0,590.0
1249000.0,0,0,71.0,2.0,0,1,1070.0
1730000.0,0,0,141.0,2.0,2,2,0.0
900000.0,0,0,74.0,2.0,0,1,798.0
800000.0,0,0,55.0,2.0,0,0,0.0
695000.0,0,0,52.0,2.0,0,0,644.0
768000.0,0,0,52.04,2.0,0,0,658.0
768000.0,0,0,52.04,2.0,0,0,658.0
1200000.0,0,0,75.0,2.0,0,1,0.0
850000.0,0,0,51.67,2.0,1,0,0.0
1150000.0,0,0,63.0,2.0,0,1,1150.0
1050000.0,0,0,62.4,2.0,1,0,0.0
2660000.0,0,0,124.63,2.0,2,2,2041.0
825000.0,0,0,53.0,2.0,0,0,1250.0
850000.0,0,0,51.0,2.0,1,0,1250.0
1490000.0,0,0,139.67,2.0,1,2,1632.0
1450000.0,0,0,140.0,2.0,0,2,1726.0
620000.0,0,0,45.0,2.0,0,0,591.0
600000.0,0,0,44.42,2.0,0,0,930.0
610000.0,0,0,44.0,2.0,0,0,509.0
469000.0,0,1,50.0,2.0,0,0,0.0
1295000.0,0,1,95.5,2.0,0,0,1079.0
2300000.0,0,1,140.0,2.0,1,0,1784.0
2100000.0,0,1,151.0,2.0,1,1,1500.0
1530000.0,0,1,121.0,2.0,1,0,1380.0
1350000.0,0,1,122.0,2.0,0,0,1056.0
1200000.0,0,1,97.0,2.0,0,0,1250.0
1200000.0,0,1,90.0,2.0,0,0,1250.0
1100000.0,0,1,90.0,2.0,0,0,950.0
1200000.0,0,1,90.0,2.0,0,0,1187.0
1200000.0,0,1,90.0,2.0,0,0,0.0
1750000.0,0,1,132.0,2.0,1,0,2511.0
1430000.0,0,1,95.0,2.0,1,1,1200.0
1550000.0,0,1,95.0,2.0,1,1,1136.0
950000.0,0,1,67.0,2.0,0,0,700.0
469000.0,0,1,50.0,2.0,0,0,504.0
900000.0,0,1,57.82,2.0,1,1,0.0
695000.0,0,0,45.0,2.0,0,0,405.0
1600000.0,0,1,96.0,2.0,2,2,1800.0
690000.0,0,0,44.0,2.0,0,0,672.0
780000.0,0,0,68.0,2.0,0,0,0.0
910000.02,0,0,95.3,2.0,1,0,665.0
730000.0,0,0,68.02,2.0,0,0,694.0
740000.0,0,0,54.0,2.0,0,0,672.0
760000.0,0,1,66.0,2.0,0,1,700.0
590000.0,0,1,58.71,2.0,0,0,490.0
430000.0,0,1,44.0,2.0,1,0,613.0
830000.0,0,1,58.0,2.0,1,0,0.0
1119000.0,0,1,61.46,2.0,2,1,0.0
1390000.0,0,1,80.0,2.0,0,1,0.0
1390000.0,0,1,61.0,2.0,0,1,0.0
1790000.0,0,0,96.0,2.0,1,1,2000.0
1790000.0,0,0,96.0,2.0,1,1,0.0
710000.0,0,7,39.0,1.0,0,1,650.0
380000.0,0,9,27.0,1.0,0,1,800.0
470000.0,0,9,27.0,1.0,0,1,850.0
915000.0,0,9,52.0,1.0,1,1,1250.0
514000.0,0,9,27.0,1.0,1,1,850.0
690000.0,0,9,60.0,1.0,1,1,1325.0
650000.0,0,9,54.0,1.0,1,1,1160.0
510000.0,0,9,28.0,1.0,0,1,760.0
490000.0,0,9,26.93,1.0,1,1,0.0
520000.0,0,9,28.0,1.0,0,1,760.0
505000.0,0,9,29.0,1.0,0,1,800.0
620000.0,0,9,54.0,1.0,1,1,1160.0
499000.0,0,9,29.0,1.0,0,1,760.0
730000.0,0,9,53.0,1.0,0,1,0.0
455000.0,0,9,28.67,1.0,1,0,0.0
780000.0,0,9,51.0,1.0,0,1,0.0
510000.0,0,9,29.0,1.0,0,1,790.0
730000.0,0,9,51.0,1.0,1,1,0.0
630000.0,0,9,49.03,1.0,1,1,0.0
370000.0,0,9,27.0,1.0,0,1,615.0
520000.0,0,9,26.0,1.0,1,1,800.0
440000.0,0,9,26.0,1.0,0,1,0.0
455000.0,0,9,26.16,1.0,1,1,350.0
685000.0,0,9,43.34,1.0,1,1,650.0
445000.0,0,9,26.2,1.0,1,1,353.0
719000.0,0,9,63.0,1.0,1,2,650.0
602813.64,0,9,34.58,1.0,0,1,518.0
971494.5,0,9,75.51,1.0,1,2,982.0
390000.0,0,9,28.0,1.0,0,1,400.0
390000.0,0,9,26.0,1.0,1,1,630.0
368000.0,0,9,26.82,1.0,1,1,0.0
335000.0,0,9,27.0,1.0,1,1,0.0
370000.0,0,9,27.0,1.0,1,1,0.0
510000.0,0,9,38.0,1.0,1,1,0.0
890000.0,0,9,65.0,1.0,1,1,0.0
620000.0,0,9,53.0,1.0,1,1,1160.0
690000.0,0,9,52.0,1.0,1,0,0.0
520000.0,0,9,29.0,1.0,1,1,790.0
600000.0,0,9,54.0,1.0,1,1,1100.0
570000.0,0,9,33.0,1.0,1,1,495.0
499000.0,0,11,26.0,1.0,0,1,0.0
1254900.0,0,11,92.53,1.0,1,2,0.0
1290000.0,0,11,74.9,1.0,1,1,0.0
890000.0,0,11,63.0,1.0,1,1,0.0
445000.0,0,11,30.0,1.0,1,1,490.0
445000.0,0,11,30.0,1.0,1,1,490.0
400000.0,0,11,30.0,1.0,0,1,600.0
410000.0,0,11,27.0,1.0,0,1,630.0
429999.0,0,11,25.0,1.0,0,1,630.0
650000.0,0,9,54.0,1.0,1,1,1160.0
550000.0,0,11,33.0,1.0,0,1,445.0
550000.0,0,11,33.0,1.0,0,1,445.0
400000.0,0,11,27.0,1.0,0,0,630.0
530000.0,0,11,33.0,1.0,0,1,484.0
430000.0,0,11,25.0,1.0,0,1,625.0
375000.0,0,11,24.0,1.0,1,1,500.0
459000.0,0,11,25.47,1.0,0,1,0.0
1100000.0,0,11,120.0,1.0,0,1,1500.0
1300000.0,0,11,92.0,1.0,1,2,0.0
633000.0,0,11,38.0,1.0,0,1,650.0
1230000.0,0,11,75.0,1.0,1,1,0.0
520000.0,0,9,30.6,1.0,1,1,900.0
450000.0,0,9,30.0,1.0,1,2,900.0
650000.0,0,9,43.0,1.0,0,1,0.0
680000.0,0,9,53.0,1.0,1,1,0.0
674574.0,0,9,42.05,1.0,0,1,700.0
570000.0,0,9,54.0,1.0,1,1,0.0
625000.0,0,9,44.0,1.0,1,1,680.0
95000.0,0,10,27.0,1.0,0,0,210.0
489000.0,0,11,25.8,1.0,1,1,0.0
489000.0,0,11,28.5,1.0,1,1,503.0
489000.0,0,11,25.8,1.0,0,1,503.0
489000.0,0,11,25.8,1.0,0,1,503.0
489000.0,0,11,25.8,1.0,1,1,503.0
495000.0,0,11,26.0,1.0,1,1,470.0
535000.0,0,9,32.56,1.0,0,1,513.0
550000.0,0,9,36.56,1.0,1,1,0.0
1100000.0,0,0,70.0,2.0,1,1,0.0
439000.0,0,9,30.0,1.0,1,1,380.0
1500000.0,0,7,87.0,1.0,1,2,1500.0
435000.0,0,8,35.0,1.0,1,0,350.0
620000.0,0,8,42.94,1.0,1,1,0.0
473278.01,0,9,25.85,1.0,1,1,366.0
477855.18,0,9,26.0,1.0,1,0,380.0
795193.0,0,9,60.0,1.0,1,2,0.0
451000.0,0,9,26.0,1.0,1,1,0.0
800000.0,0,9,49.95,1.0,1,2,0.0
770000.0,0,9,49.95,1.0,1,2,571.0
550000.0,0,9,33.49,1.0,1,0,434.0
671000.0,0,9,45.0,1.0,1,1,0.0
469000.0,0,9,26.0,1.0,0,0,0.0
600000.0,0,9,33.49,1.0,1,1,469.0
460000.0,0,9,30.49,1.0,1,1,900.0
550000.0,0,9,32.56,1.0,1,1,450.0
455000.0,0,9,26.0,1.0,1,0,350.0
610000.0,0,7,34.81,1.0,0,1,450.0
774000.0,0,7,43.0,1.0,0,1,500.0
769000.0,0,7,43.0,1.0,0,1,495.0
650000.0,0,7,34.0,1.0,1,1,0.0
680000.0,0,7,39.0,1.0,0,1,676.0
580000.0,0,7,33.0,1.0,0,1,610.0
710000.0,0,7,39.0,1.0,0,1,725.0
710000.0,0,7,45.0,1.0,1,1,750.0
628600.0,0,7,40.52,1.0,0,1,670.0
575000.0,0,7,34.0,1.0,1,1,0.0
645000.0,0,7,36.0,1.0,0,1,0.0
730000.0,0,7,35.0,1.0,1,1,778.0
774000.0,0,7,43.0,1.0,1,1,500.0
769000.0,0,7,42.82,1.0,1,1,485.0
1090000.0,0,7,83.95,1.0,1,2,1114.0
520000.0,0,7,32.0,1.0,0,1,450.0
1599000.0,0,7,97.0,1.0,1,2,1352.0
1599000.0,0,7,97.0,1.0,1,2,1352.0
980000.0,0,7,49.0,1.0,1,1,805.0
585000.0,0,9,33.43,1.0,1,1,440.0
660000.0,0,9,52.0,1.0,1,1,571.0
580000.0,0,9,34.0,1.0,0,1,405.0
448000.0,0,9,26.0,1.0,1,1,350.0
789348.09,0,9,61.6,1.0,1,2,787.0
554007.44,0,9,32.56,1.0,0,1,482.0
573980.0,0,9,32.56,1.0,0,1,0.0
671218.96,0,9,42.05,1.0,1,1,530.0
463661.0,0,9,26.0,1.0,0,1,0.0
784350.0,0,9,47.0,1.0,0,1,0.0
791000.0,0,9,60.0,1.0,0,1,0.0
880000.0,0,9,75.0,1.0,1,2,1000.0
530000.0,0,9,32.0,1.0,1,1,0.0
450000.0,0,9,27.0,1.0,1,1,366.0
473123.93,0,9,26.0,1.0,0,0,0.0
573980.83,0,9,32.56,1.0,1,0,0.0
716661.21,0,9,42.05,1.0,1,0,0.0
795000.0,0,9,60.57,1.0,1,2,908.0
799000.0,0,9,61.0,1.0,1,2,848.0
795000.0,0,9,45.0,1.0,1,1,601.0
799000.0,0,9,47.0,1.0,0,1,0.0
485000.0,0,9,34.0,1.0,1,1,467.0
552000.0,0,9,33.0,1.0,1,1,550.0
450000.0,0,9,31.0,1.0,0,0,0.0
448000.0,0,9,26.0,1.0,1,1,980.0
505000.0,0,9,27.0,1.0,1,1,370.0
545000.0,0,9,35.0,1.0,0,0,570.0
555000.0,0,9,35.0,1.0,0,1,560.0
488000.0,0,9,35.0,1.0,1,1,0.0
639000.0,0,9,49.0,1.0,1,0,620.0
566500.0,0,9,34.58,1.0,0,1,0.0
525000.0,0,9,34.58,1.0,0,1,0.0
500000.0,0,9,34.0,1.0,1,1,517.0
525000.0,0,9,35.0,1.0,0,1,0.0
520000.0,0,9,29.0,1.0,1,1,790.0
602000.0,0,9,34.58,1.0,1,1,310.0
469000.0,0,9,34.58,1.0,1,1,525.0
710000.0,0,9,43.14,1.0,1,1,0.0
475000.0,0,9,26.2,1.0,1,0,400.0
435000.0,0,11,27.0,1.0,1,0,0.0
435000.0,0,11,33.0,1.0,1,1,429.0
435000.0,0,11,33.0,1.0,1,1,455.0
570000.0,0,0,66.0,2.0,0,0,0.0
595000.0,0,0,84.0,2.0,1,0,0.0
595000.0,0,0,84.0,2.0,1,0,0.0
330000.0,0,0,41.97,2.0,0,0,0.0
380000.0,0,0,41.54,2.0,0,0,0.0
349000.0,0,0,48.0,2.0,0,0,0.0
320000.0,0,0,36.41,2.0,0,0,250.0
550000.0,0,0,58.0,2.0,0,0,430.0
670000.0,0,0,65.14,2.0,0,0,396.0
380000.0,0,0,42.0,2.0,0,0,250.0
525000.0,0,0,74.4,2.0,1,0,750.0
270000.0,0,0,36.0,2.0,0,0,0.0
470000.0,0,0,50.0,2.0,0,0,0.0
650000.0,0,0,46.0,2.0,0,0,571.0
250000.0,0,0,51.8,2.0,0,0,226.0
345000.0,0,0,47.0,2.0,1,0,280.0
489000.0,0,0,49.75,2.0,0,0,380.0
380000.0,0,0,50.0,2.0,0,0,0.0
410000.0,0,0,51.6,2.0,0,0,280.0
410000.0,0,0,52.0,2.0,0,0,280.0
370000.0,0,0,48.6,2.0,0,0,80.0
445000.0,0,0,58.0,2.0,0,0,990.0
1100000.0,0,0,73.0,2.0,0,1,700.0
440000.0,0,0,45.0,2.0,0,0,450.0
949000.0,0,0,76.0,2.0,1,0,808.0
510000.0,0,0,43.7,2.0,0,0,300.0
425000.0,0,0,57.0,2.0,0,0,150.0
480000.0,0,0,54.71,2.0,0,0,250.0
480000.0,0,0,54.0,2.0,0,0,0.0
480000.0,0,0,54.0,2.0,0,0,253.0
430000.0,0,0,41.0,2.0,0,0,450.0
1100000.0,0,0,198.0,2.0,0,0,0.0
380000.0,0,0,42.0,2.0,0,0,250.0
469000.0,0,0,60.0,2.0,0,0,230.0
425000.0,0,11,33.0,1.0,0,1,427.0
640000.0,0,0,45.0,2.0,0,0,800.0
290000.0,0,0,37.51,2.0,0,0,0.0
700000.0,0,0,47.0,2.0,0,0,805.0
690000.0,0,0,54.0,2.0,0,1,750.0
650000.0,0,0,47.45,2.0,0,0,738.0
700000.0,0,0,59.0,2.0,0,0,929.0
655000.0,0,0,55.0,2.0,0,0,736.0
670000.0,0,0,55.0,2.0,0,2,750.0
650000.0,0,0,58.0,2.0,0,0,0.0
389000.0,0,0,49.09,2.0,0,0,0.0
640000.0,0,0,60.0,2.0,0,0,807.0
605000.0,0,0,60.0,2.0,0,0,807.0
690000.0,0,0,45.0,2.0,0,0,750.0
920000.0,0,0,70.0,2.0,1,1,700.0
799000.0,0,0,70.0,2.0,1,1,0.0
850000.0,0,0,70.0,2.0,1,1,0.0
550000.0,0,0,40.0,2.0,0,1,1700.0
1600000.0,0,0,115.0,2.0,1,0,1450.0
745000.0,0,0,54.0,2.0,0,0,500.0
728000.0,0,0,54.0,2.0,0,0,0.0
600000.0,0,0,49.61,2.0,0,0,0.0
390000.0,0,0,36.0,2.0,0,0,300.0
700000.0,0,0,45.0,2.0,0,2,807.0
980000.0,0,0,69.0,2.0,1,2,848.0
850000.0,0,0,66.0,2.0,1,1,0.0
599000.0,0,0,42.0,2.0,0,0,0.0
650000.0,0,0,45.0,2.0,0,0,0.0
930000.0,0,0,54.84,2.0,1,1,850.0
1300000.0,0,0,136.47,2.0,1,2,2135.0
1300000.0,0,0,136.47,2.0,1,2,2135.0
1040000.0,0,0,86.53,2.0,0,1,968.0
670000.0,0,0,63.22,2.0,0,0,980.0
1040000.0,0,0,86.53,2.0,0,1,968.0
1040000.0,0,0,86.53,2.0,0,1,968.0
1110000.0,0,0,87.0,2.0,0,1,1017.0
680000.0,0,0,57.0,2.0,0,1,970.0
445000.0,0,0,58.0,2.0,0,0,990.0
750000.0,0,11,77.0,1.0,1,1,0.0
617000.0,0,11,49.47,1.0,0,0,731.0
440000.0,0,11,29.0,1.0,0,2,550.0
400000.0,0,11,29.0,1.0,1,1,446.0
395000.0,0,11,28.0,1.0,1,0,0.0
320000.0,0,11,20.0,1.0,0,1,451.0
440000.0,0,11,29.0,1.0,0,1,550.0
470000.0,0,11,29.0,1.0,1,1,550.0
470000.0,0,11,29.0,1.0,0,1,550.0
470000.0,0,11,29.0,1.0,0,1,550.0
560000.0,0,11,49.0,1.0,1,1,465.0
595000.0,0,11,59.44,1.0,0,0,535.0
395000.0,0,11,30.0,1.0,0,1,655.0
410000.0,0,11,37.0,1.0,0,1,590.0
380000.0,0,11,34.0,1.0,0,1,340.0
450000.0,0,11,26.0,1.0,0,1,340.0
459000.0,0,11,24.0,1.0,1,1,380.0
449000.0,0,11,27.0,1.0,1,1,380.0
335000.0,0,11,27.0,1.0,1,1,353.0
370000.0,0,11,32.0,1.0,0,0,638.0
220000.0,0,11,30.0,1.0,0,0,577.0
350000.0,0,11,40.0,1.0,1,0,380.0
440000.0,0,11,29.0,1.0,1,0,0.0
450000.0,0,11,33.0,1.0,0,0,341.0
365000.0,0,11,32.0,1.0,1,0,348.0
330000.0,0,11,30.0,1.0,0,0,450.0
330000.0,0,11,30.0,1.0,0,0,442.0
360000.0,0,11,38.0,1.0,0,0,323.0
400000.0,0,11,40.0,1.0,0,0,0.0
410000.0,0,11,30.0,1.0,0,1,0.0
739000.0,0,11,74.38,1.0,1,1,810.0
635000.0,0,11,60.0,1.0,1,1,640.0
745000.0,0,11,74.0,1.0,1,1,0.0
750000.0,0,11,74.38,1.0,1,1,770.0
389500.0,0,11,32.67,1.0,0,0,445.0
530000.0,0,11,36.0,1.0,1,1,0.0
430000.0,0,11,30.0,1.0,0,0,0.0
449000.0,0,11,47.0,1.0,1,0,505.0
449000.0,0,11,26.0,1.0,0,1,380.0
439000.0,0,11,27.0,1.0,0,1,380.0
449000.0,0,11,26.0,1.0,0,1,380.0
370000.0,0,11,27.0,1.0,0,1,0.0
419000.0,0,11,24.2,1.0,1,1,372.0
399000.0,0,11,27.0,1.0,0,1,450.0
455000.0,0,11,28.64,1.0,0,1,0.0
455000.0,0,11,24.53,1.0,0,0,0.0
455000.0,0,11,24.2,1.0,0,0,0.0
439000.0,0,11,26.0,1.0,0,1,380.0
381550.0,0,11,24.0,1.0,1,0,638.0
390000.0,0,11,30.0,1.0,0,1,580.0
350000.0,0,11,28.52,1.0,1,0,0.0
475000.0,0,11,35.0,1.0,0,0,237.0
429000.0,0,11,25.0,1.0,0,1,450.0
445000.0,0,11,32.49,1.0,0,1,360.0
400000.0,0,11,25.0,1.0,1,1,0.0
460000.0,0,11,42.0,1.0,1,0,620.0
680000.0,0,11,61.5,1.0,0,0,770.0
450000.0,0,11,26.0,1.0,1,1,340.0
476000.0,0,11,24.2,1.0,1,1,500.0
439000.0,0,11,26.0,1.0,1,1,380.0
350000.0,0,11,26.0,1.0,1,1,0.0
449000.0,0,11,26.0,1.0,1,1,380.0
439000.0,0,11,27.0,1.0,1,1,380.0
439000.0,0,11,27.0,1.0,0,1,380.0
449000.0,0,11,27.0,1.0,0,1,380.0
439000.0,0,11,26.0,1.0,0,1,380.0
369000.0,0,11,26.0,1.0,0,1,315.0
439000.0,0,11,26.0,1.0,0,0,380.0
395000.0,0,11,27.0,1.0,1,0,521.0
440000.0,0,11,27.0,1.0,1,1,0.0
440000.0,0,11,27.0,1.0,1,1,350.0
399999.0,0,11,25.0,1.0,1,2,450.0
380000.0,0,11,24.0,1.0,0,1,0.0
450000.0,0,11,26.0,1.0,0,1,0.0
360000.0,0,11,24.0,1.0,1,1,350.0
450000.0,0,11,30.0,1.0,1,0,414.0
399000.0,0,0,34.0,1.0,1,0,255.0
